Port_Label,Q1 2006_Index_Average_Q1_2023__100_Value,Q2 2006_Index_Average_Q1_2023__100_Value,Q3 2006_Index_Average_Q1_2023__100_Value,Q4 2006_Index_Average_Q1_2023__100_Value,Q1 2007_Index_Average_Q1_2023__100_Value,Q2 2007_Index_Average_Q1_2023__100_Value,Q3 2007_Index_Average_Q1_2023__100_Value,Q4 2007_Index_Average_Q1_2023__100_Value,Q1 2008_Index_Average_Q1_2023__100_Value,Q2 2008_Index_Average_Q1_2023__100_Value,Q3 2008_Index_Average_Q1_2023__100_Value,Q4 2008_Index_Average_Q1_2023__100_Value,Q1 2009_Index_Average_Q1_2023__100_Value,Q2 2009_Index_Average_Q1_2023__100_Value,Q3 2009_Index_Average_Q1_2023__100_Value,Q4 2009_Index_Average_Q1_2023__100_Value,Q1 2010_Index_Average_Q1_2023__100_Value,Q2 2010_Index_Average_Q1_2023__100_Value,Q3 2010_Index_Average_Q1_2023__100_Value,Q4 2010_Index_Average_Q1_2023__100_Value,Q1 2011_Index_Average_Q1_2023__100_Value,Q2 2011_Index_Average_Q1_2023__100_Value,Q3 2011_Index_Average_Q1_2023__100_Value,Q4 2011_Index_Average_Q1_2023__100_Value,Q1 2012_Index_Average_Q1_2023__100_Value,Q2 2012_Index_Average_Q1_2023__100_Value,Q3 2012_Index_Average_Q1_2023__100_Value,Q4 2012_Index_Average_Q1_2023__100_Value,Q1 2013_Index_Average_Q1_2023__100_Value,Q2 2013_Index_Average_Q1_2023__100_Value,Q3 2013_Index_Average_Q1_2023__100_Value,Q4 2013_Index_Average_Q1_2023__100_Value,Q1 2014_Index_Average_Q1_2023__100_Value,Q2 2014_Index_Average_Q1_2023__100_Value,Q3 2014_Index_Average_Q1_2023__100_Value,Q4 2014_Index_Average_Q1_2023__100_Value,Q1 2015_Index_Average_Q1_2023__100_Value,Q2 2015_Index_Average_Q1_2023__100_Value,Q3 2015_Index_Average_Q1_2023__100_Value,Q4 2015_Index_Average_Q1_2023__100_Value,Q1 2016_Index_Average_Q1_2023__100_Value,Q2 2016_Index_Average_Q1_2023__100_Value,Q3 2016_Index_Average_Q1_2023__100_Value,Q4 2016_Index_Average_Q1_2023__100_Value,Q1 2017_Index_Average_Q1_2023__100_Value,Q2 2017_Index_Average_Q1_2023__100_Value,Q3 2017_Index_Average_Q1_2023__100_Value,Q4 2017_Index_Average_Q1_2023__100_Value,Q1 2018_Index_Average_Q1_2023__100_Value,Q2 2018_Index_Average_Q1_2023__100_Value,Q3 2018_Index_Average_Q1_2023__100_Value,Q4 2018_Index_Average_Q1_2023__100_Value,Q1 2019_Index_Average_Q1_2023__100_Value,Q2 2019_Index_Average_Q1_2023__100_Value,Q3 2019_Index_Average_Q1_2023__100_Value,Q4 2019_Index_Average_Q1_2023__100_Value,Q1 2020_Index_Average_Q1_2023__100_Value,Q2 2020_Index_Average_Q1_2023__100_Value,Q3 2020_Index_Average_Q1_2023__100_Value,Q4 2020_Index_Average_Q1_2023__100_Value,Q1 2021_Index_Average_Q1_2023__100_Value,Q2 2021_Index_Average_Q1_2023__100_Value,Q3 2021_Index_Average_Q1_2023__100_Value,Q4 2021_Index_Average_Q1_2023__100_Value,Q1 2022_Index_Average_Q1_2023__100_Value,Q2 2022_Index_Average_Q1_2023__100_Value,Q3 2022_Index_Average_Q1_2023__100_Value,Q4 2022_Index_Average_Q1_2023__100_Value,Q1 2023_Index_Average_Q1_2023__100_Value,Q2 2023_Index_Average_Q1_2023__100_Value,Q3 2023_Index_Average_Q1_2023__100_Value,Q4 2023_Index_Average_Q1_2023__100_Value,Q1 2024_Index_Average_Q1_2023__100_Value,Q2 2024_Index_Average_Q1_2023__100_Value,Q3 2024_Index_Average_Q1_2023__100_Value,Q4 2024_Index_Average_Q1_2023__100_Value,Q1 2025_Index_Average_Q1_2023__100_Value,Q2 2025_Index_Average_Q1_2023__100_Value,Q3 2025_Index_Average_Q1_2023__100_Value,Q4 2025_Index_Average_Q1_2023__100_Value,Q1 2026_Index_Average_Q1_2023__100_Value,Q2 2026_Index_Average_Q1_2023__100_Value
"Albania, Durres",,,,10.34,11.15,11.15,10.32,10.61,15.18,15.3,27.32,30.88,30.59,26.78,30.03,21.75,27.38,22.18,22.18,22.19,22.83,30.59,27.35,26.25,26.25,38.56,35.77,25.05,32.24,33.2,39.07,28.67,35.34,25.79,35.73,36.36,35.85,37.13,37.04,37.01,37.08,31.13,41.82,42.48,45.63,37.53,34.46,33.84,33.81,18.31,29.89,33.49,34.35,33.13,42.23,41.59,37.27,37.24,30.24,30.24,30.7,30.7,32.79,32.77,28.87,26.5,27.14,26.93,26.3,25.7,25.7,28.08,27.37,27.37,34.81,27.37,31.64,31.58,31.58,26.13,26.12,33.04
"Algeria, Algiers",114.73,126.62,127.52,134.31,123.27,126.86,124.71,126.91,126.62,127.47,136.29,135.2,132.9,138.61,122.34,126.59,128.71,128.9,123.59,128.16,117.82,116.83,112.77,125.25,116.78,112.82,113.68,111.13,92.37,113.1,117.53,99.03,109.81,122.48,128.11,126.99,133.69,124.73,125.84,126.21,132.02,142.42,134.91,140.99,135.69,144.47,145.74,148.16,148.68,147.94,142.8,132.65,124.42,128.69,131.23,144.52,133.47,132.4,132.77,137.4,133.26,121.97,125.29,122.55,121.81,111.78,125.12,125.98,125.34,127.25,125.33,131.8,132.13,128.51,129.31,120.94,114.78,107.87,118.49,118.2,132.34,132.24
"Algeria, Annaba",44.48,52.74,52.74,41.28,40.62,44.72,48.34,48.21,40.5,28.74,19.23,25.62,32.36,27.07,29.89,30.52,36.86,29.93,35.84,54.08,47.03,38.16,33.77,26.97,26.97,35.64,35.64,35.66,37.27,30.12,33.87,32.88,30.89,32.92,32.88,30.65,30.87,35.01,39.93,39.93,32.71,32.87,32.87,39.15,38.39,38.48,38.36,50.51,50.47,52.67,54.29,53.09,45.04,51.77,54.59,56.74,48.24,56.57,56.87,57.1,57.1,57.07,55.92,55.47,50.95,48.19,52.35,52.35,52.32,52.97,54.41,54.21,55.97,55.96,57.89,51.58,57.68,57.71,58.33,58.33,56.39,55.72
"Algeria, Arzew",9.67,9.67,9.67,9.67,9.67,9.67,9.67,9.67,,,,,,,,,,,,,,,,,,,,,,,,,,,,,,,,,13.54,11.63,11.63,11.65,11.66,13.37,13.9,13.9,13.9,13.9,14.53,21.48,22.11,22.11,22.11,22.11,12.26,12.43,,10.35,,,,,,,,,,,,,,,,9.83,9.83,9.83,9.83,9.83,,
"Algeria, Bejaia",58.08,60.86,56.83,52.88,48.38,52.49,47.75,53.48,56.56,48.78,41.51,46.45,46.45,40.42,42.12,42.11,48.24,38.17,49.43,44.21,49.48,49.44,43.27,36.48,30.73,36.06,41.87,43.5,58.41,65.12,66.21,55.8,55.17,51.73,48.81,44.29,42.86,35.7,35.7,38.54,38.14,38.9,38.88,41.74,37.17,37.17,36.94,49.4,49.25,58.96,58.31,54.95,51.53,52.16,51.51,51.95,53.47,45.18,48.86,48.64,49.39,49.35,48.84,47.46,47.44,47.04,53.17,54.34,57.7,54.95,42.46,41.88,41.94,42.62,42.98,42.99,43.02,45.26,44.87,43.74,44.65,44.64
"Algeria, Djen Djen",,,,,,,,,,,,,,,,,,,,,,,,,,,,,,,,10.84,21.71,21.71,21.08,21.53,21.53,21.53,12.45,12.45,12.45,,,,,,,,,,,10.32,10.32,10.32,10.32,10.32,,,,,,,,,,,,,,,15.32,17.55,,13.34,18.8,18.72,18.68,11.56,11.56,11.56,11.48,11.48
"Algeria, Ghazaouet",,,,,,,16.19,12.87,12.87,15.67,11.03,13.43,13.43,7.53,7.53,7.53,7.53,7.53,,13.99,13.99,13.99,8.41,9.05,11.8,18.92,18.92,18.92,17.78,10.89,10.85,10.89,10.44,10.89,10.89,11.55,11.55,11.55,11.5,18.64,18.67,18.67,16.6,19.52,19.28,19.28,21.99,21.87,21.87,21.87,14.09,14.05,,,14.09,14.02,13.46,13.46,12.77,13.52,21.09,21.09,13.45,15.87,15.26,15.26,15.24,15.24,13.56,13.45,13.24,13.24,10.72,10.72,10.72,10.72,10.72,10.72,10.72,9.34,9.34,10.94
"Algeria, Mostaganem",48.12,48.12,48.12,47.32,26.51,26.48,27.69,26.48,34.3,32.03,24.3,20.57,20.57,12.98,12.98,12.98,12.98,12.98,12.98,12.98,12.98,12.37,12.37,12.37,12.37,,,,,,,,,,,10.04,10.04,10.04,10.04,10.04,10.04,11.95,11.95,11.95,11.95,11.95,11.95,11.95,11.95,11.95,11.95,11.95,11.95,11.95,11.95,11.95,11.95,11.95,,11.79,11.79,11.79,18.27,28.14,18.27,18.27,20.01,20.01,9.92,9.92,19.68,19.61,19.73,19.09,24.23,19.09,19.09,19.09,19.09,19.09,19.09,19.07
"Algeria, Oran",79.67,74.51,81.82,82.45,79.29,84.47,78.96,78.45,79,93.56,84.88,87.1,84,68.52,74.73,69.75,77.1,71.4,67.65,65.09,75.09,85.34,64.67,64.67,65.67,74.22,68.61,68.9,72.4,68.96,64.71,64.75,63.65,58.41,69.81,62.79,77.18,90.75,83.78,77.82,85.83,88.61,94.58,87.56,86.36,68.8,55.12,57.26,57.47,56.36,56.45,65.11,65.09,65.11,63.97,64,54.52,54.52,55.33,55.29,57.17,57.13,53.73,52.7,51.33,33.26,33.26,45.33,38.87,38.87,52.3,43.37,42.84,55.35,51.09,50.33,52.91,52.86,52.86,52.86,52.85,53.53
"Algeria, Skikda",61.83,77.09,73.07,82.31,75.58,79.02,64.33,74.14,70.58,59,51.41,52.01,55.52,51.11,53.92,53.92,64.88,56.85,77.74,73.64,70.67,66.61,61.43,54.14,43.54,43.12,49.08,43.28,45.96,42.59,49.86,48.73,48.88,52.16,46.87,44.95,45.16,47.87,47.55,47.55,47.26,44.1,43.88,44.55,38.61,38.61,54.02,54.25,54.25,54.26,53.51,47.56,46.19,59.12,58.1,58.11,57.52,57.47,67,56.5,43.96,43.93,50.4,49.91,49.95,55.68,65.97,65.85,60.11,68.12,64.95,66.03,64.76,62.21,66.6,62.8,62.84,60.64,59.44,59.5,54.43,53.75
"American Samoa, Pago Pago",65.68,65.66,86.42,81.55,80.91,80.91,81.59,69.73,69.73,71.22,64.71,64.31,61.53,61.53,48.73,48.73,48.73,43.01,39.51,39.51,39.99,45.16,38.13,38.13,38.13,38.4,38.4,37.76,37.13,37.13,48.43,48.43,44.21,41.98,41.98,47.82,47.81,47.81,47.78,50.03,51.33,44.72,50.41,50.48,50.74,50.74,51.38,51.38,51.87,52.44,52.34,54.07,54.07,54.07,54.07,54.7,58.81,58.81,58.8,58.56,58.58,58.58,58.98,57.16,55.27,55.27,55.27,55.27,59.82,56.53,57.18,57.81,57.81,57.96,51.86,51.8,51.8,51.8,52.14,52.13,52.13,52.13
"Angola, Cabinda",17.4,17.43,17.91,17.91,18.21,19.18,20.09,20.09,12.62,25.51,25.51,25.51,16.34,16.34,16.34,16.34,29.79,33.65,42.53,29.91,30.12,25.29,25.29,21.67,21.67,35.84,26.84,28.91,28.76,28.76,28.76,17.73,17.73,13.66,13.66,19.34,19.34,13.66,13.66,15.89,15.89,9.69,9.69,9.69,9.69,9.69,9.69,7.77,7.77,7.77,8.32,8.32,8.32,8.32,8.32,8.32,7.63,7.63,7.63,7.63,7.63,7.96,7.92,7.92,7.92,7.92,7.92,8.86,8.86,8.86,8.86,8.86,8.86,8.91,8.91,8.91,8.91,8.91,8.91,8.91,8.91,8.91
"Angola, Lobito",68.49,71.92,72.83,75.56,69.46,80.13,89.84,83.4,83.4,96.67,81.08,87.91,84.75,82.71,91.39,91.17,85.14,83.48,96.23,93.56,106.31,101.62,92.31,92,90.84,97.36,98.75,93.59,96.68,105.48,106.5,104.62,110.71,115.21,109.69,91.89,95.11,76.82,78.37,69.4,73.28,64.36,64.37,64.37,64.92,69.98,69.55,62.85,47.15,45.45,36.15,36.56,46.79,46.59,40.36,40.11,41.49,41.59,40.41,40.41,42.3,42.9,42.96,42.91,42.93,42.93,42.93,41.97,43.24,43.24,43.24,45.53,46.96,47.57,46.52,46.52,42.33,42.39,42.36,73.96,71.77,39.44
"Angola, Luanda",131.46,137.08,140.12,130.86,126.83,132.58,118.52,125.25,125.92,120.7,113.26,124.65,138.14,138.89,144.93,142.44,140.69,138.54,144.22,143.04,150.24,145.87,142.1,147.89,148.51,162.07,179.45,184.13,191.89,190.49,188.36,187.28,203.32,190.36,183.41,171.08,171.97,176.09,179.22,175.06,188.75,175.16,172.8,170.03,164.29,151.57,150.27,152.28,149.31,151.01,144.74,135.27,133.77,148.22,148.11,157,145.78,137.02,141.24,119.16,119.19,116.37,117.47,115.75,115.7,114.88,118.31,118.58,118.78,118.89,119.4,118.79,118.28,126.45,125.99,133.67,140.8,140.86,134.35,133.89,133.2,141.15
"Angola, Malongo",8.76,8.76,8.76,8.76,8.76,8.76,8.76,8.76,8.76,8.76,8.76,8.76,8.76,8.76,8.76,8.76,8.76,8.76,8.76,8.76,8.76,8.76,8.76,8.76,8.76,8.76,8.76,8.76,8.76,8.76,8.76,8.76,8.76,8.76,8.76,8.76,8.76,8.76,8.76,8.6,8.6,8.6,8.6,8.6,8.6,8.6,8.6,8.6,8.6,8.6,8.6,8.6,8.6,8.6,8.6,8.6,8.6,8.6,8.6,8.6,8.6,8.6,8.6,8.6,8.6,8.6,8.6,8.6,8.6,8.6,8.6,8.6,8.6,8.61,8.61,8.61,8.61,8.61,8.61,8.61,8.61,8.61
"Angola, Namibe",19.84,19.84,19.82,19.82,19.84,21.36,27.56,29.1,28.46,44.67,46.03,46.03,45.01,41.06,47.15,47.15,52.32,49.45,49.53,39.35,48.34,49.32,39.09,37.78,36.64,50.99,51.43,54.07,63.09,63.36,59.86,47.36,54.03,58.38,61.45,43.34,34.56,36.56,47.1,44.77,36.49,32.26,32.88,32.88,33.48,38.38,38.4,37.16,14.5,20.3,20.26,20.03,20.09,20.92,20.92,21.16,20.06,20.06,20.06,20.06,20.06,19.51,19.51,19.51,19.51,19.51,19.51,19.55,33.16,33.16,33.16,35.44,36.88,37.48,36.44,36.43,32.21,32.27,32.24,31.92,31.92,29.31
"Angola, Porto Amboim",,,,,,,,,,,,,,,,,,,,,,,,,,,,,,,,,,16.25,,,,,,,,,,,,,,,,,,,,,,,,,,,,,,,,,,,,,,,,,,,,,,,,
"Angola, Soyo",35.86,43.56,43.61,43.49,44.92,51.96,38.97,38.82,43.09,36.94,36.9,36.9,33.41,33.41,38.08,37.86,51.57,52.19,52.35,44.86,48.92,53.45,53.45,51.57,40.46,52.81,41.41,42.84,59.13,54.41,54.39,46.61,46.61,39.57,37.6,37.45,36.33,38.92,38.27,48.43,46.98,38.26,38.26,38.24,38.22,38.22,37.9,24.6,24.6,37.39,37.22,37.22,37.22,37.22,37.22,37.22,26.51,26.51,26.51,26.51,26.51,26.51,26.51,26.51,25.66,25.66,28.25,28.23,28.23,28.23,28.23,28.23,28.23,28.25,28.25,28.5,28.54,28.54,28.54,28.54,28.54,28.54
"Anguilla, Anguilla",13.7,12.13,,,,17.34,17.34,,,,,,,,,,,,,12.27,,,,16.04,16.04,16.04,16.04,16.04,16.04,16.04,16.04,16.04,16.04,16.04,16.04,16.04,16.04,16.04,16.04,16.04,27.12,31.67,31.67,31.58,32.31,32.31,32.31,32.29,32.29,32.29,32.29,32.29,21.66,21.66,21.66,21.66,21.66,21.66,21.66,21.66,21.66,21.66,21.66,,,,,,,,,,,,,,,,,,,
"Antigua and Barbuda, St John's (AG)",41.95,48.44,48.48,48.48,47.84,47.84,54.52,47.74,51.08,45.84,45.84,45.84,45.84,46.07,46.07,46.07,45.83,45.83,45.83,39.44,40.07,40.07,40.07,41.35,41.34,41.34,41.34,41.34,43.2,43.2,46.7,46.7,46.47,46.47,46.47,41.34,42.44,42.5,34.59,33.49,33.49,23.84,23.84,23.84,25.71,25.71,33.38,33.38,33.38,25.71,25.71,25.71,24.44,32.13,32.35,31.71,31.71,31.72,31.72,31.71,31.71,31.71,31.77,32.4,44.06,44.09,44.06,44.06,45.58,45.58,45.57,45.57,45.57,45.62,45.62,45.62,45.62,45.61,45.61,45.61,45.63,45.68
"Argentina, Bahia Blanca",,,,27.61,22.44,22.44,19.27,20.67,19.22,19.22,20.7,21.18,,41.05,25.61,13.06,13.06,34.45,35.31,15.09,18.82,26.33,26.33,43.72,43.72,26.51,49.47,49.32,53.01,55.94,49.65,52.6,48.96,36.34,36.98,36.98,36.98,36.98,39.08,40.57,37.34,37.49,37.51,37.56,37.76,37.28,37.28,37.28,37.28,37.23,37.23,43.69,43.73,51.56,51.61,51.61,51.61,51.61,48.98,48.94,50.18,48.96,48.88,20.46,19.34,25.7,19.34,19.34,19.34,19.34,20.01,20.01,20.01,19.86,19.86,19.86,19.86,19.86,26.66,19.86,19.86,19.86
"Argentina, Buenos Aires",273.35,269.62,272.76,268.97,259.96,260.02,255.42,254.33,265.07,277.35,285.11,290.39,285.41,265.49,270.8,268.13,275.11,281.32,276.07,274.7,274.69,274.04,250.47,260.24,250.26,255.7,259.57,262.68,261.01,274.6,258.84,256.49,268.75,274.43,268.61,267.66,268.69,266.35,239.36,230.29,238.1,239.69,237.01,228.32,223.02,225.38,226.02,225.86,226.24,223.78,237.33,238.06,224.54,226.95,227.66,224.8,206.03,206.03,199.06,199.3,199.29,199.21,199.62,203.99,211.74,208.78,208.94,208.87,211.56,214.18,214.25,221.41,227.7,228.06,222.79,225.88,239.4,242.51,245.45,244.39,245.36,243.61
"Argentina, La Plata",,,,,,,,,,,,,,,,,,,,,,,,,,,,,,,,,,,,,,,,,,,,,,,,,,,,,,,,,,,,,,,,,,,,,,,27.53,28.52,28.52,29.01,28.89,28.89,28.89,35.78,32.99,32.99,32.99,32.99
"Argentina, Mar del Plata",26.24,26.24,22.55,22.55,11.8,11.8,13.32,13.32,15.68,15.68,10.25,10.52,10.52,17.88,10.52,19.81,19.81,11.48,11.13,11.13,11.13,,,,,,10.49,,,,,,,,,,,13.74,13.74,13.74,13.74,14.41,21.28,24.42,24.42,20.15,20.15,21.91,14.95,14.95,14.88,23.77,19.4,19.4,18.54,11.74,11.74,11.74,13.74,13.74,,11.36,13.11,13.11,13.11,13.11,13.11,13.11,13.11,15.72,12.91,11.12,11.12,11.33,19.9,19.89,19.89,19.89,17.96,11.16,11.16,11.16
"Argentina, Puerto Deseado",41.22,41.69,38,22.55,11.8,11.8,13.32,13.32,15.68,15.68,13.11,12.85,12.85,17.88,10.12,18.8,18.8,10.12,12.45,12.48,12.48,12.48,12.48,12.48,12.48,12.48,12.48,11.79,11.79,11.33,11.33,11.33,11.33,,11.33,11.33,11.33,10.89,10.89,10.89,10.89,10.89,10.89,14.54,14.54,14.54,14.54,13.75,13.11,13.11,13.11,17.03,15.9,12.6,11.74,11.74,11.74,11.74,13.74,13.74,,11.36,13.11,13.11,13.11,13.11,13.11,13.11,13.11,15.72,12.91,11.12,11.12,11.33,11.33,11.16,11.16,11.16,11.16,11.16,11.16,11.16
"Argentina, Puerto Madryn",47.91,48.17,38,42.87,38.68,38.71,37.12,38.52,32.66,32.66,32.02,27.65,27.65,33.89,26.44,33.98,33.98,36.19,34.89,29.23,29.92,37.42,37.52,19.98,19.98,19.98,19.98,42.16,43.37,48.38,48.36,48.36,21.82,,35.31,35.31,35.31,36.25,38.35,39.84,36.6,36.76,36.77,39.07,39.11,38.63,38.63,37.84,37.21,37.21,37.21,40.44,39.36,47.93,47.96,47.96,47.96,47.96,45.46,45.42,42.63,41.42,41.34,12.91,12.91,19.27,12.91,12.91,12.91,12.91,13.58,13.58,13.58,13.43,13.43,13.43,13.43,13.43,13.43,13.43,13.43,13.43
"Argentina, Rosario",,,,,,,11.25,11.25,,,12.04,11.36,14.11,14.11,14.11,14.11,11.95,13.23,21.84,21.84,25.57,24.61,24.61,24.61,24.61,24.79,30.39,30.39,30.39,30.39,25.99,25.99,25.99,25.87,25.87,25.87,25.13,25.76,25.76,25.76,25.76,26.43,32.66,30.43,47.68,47.29,43.92,43.96,43.67,43.67,43.6,43.6,42.63,42.63,42.63,41.99,35.83,35.83,35.83,35.83,35.83,35.83,35.55,35.55,35.72,35.72,35.72,35.72,35.72,35.72,35.68,35.68,35.68,35.73,35.73,35.62,35.62,35.62,42.45,49.95,50.27,50.27
"Argentina, San Antonio Este",11.25,11.25,,,,11.25,,,12.04,12.04,,,,,,,,11.84,,,,,,,,,,,,17.39,11.15,,,11.81,,,,,,,,,,,,13.67,13.67,,,,,,,,,,,13.69,,,,13.69,,,13.78,13.76,,,,15.78,,,,13.65,13.65,,,,,,,
"Argentina, Ushuaia",27.38,27.85,28.86,17.72,29.85,29.88,35.27,35.27,37.89,38.66,36.76,30.86,30.86,23.78,29.52,34.4,34.4,18.6,21.32,19.55,18.95,21.08,17.49,17.49,17.49,17.45,17.45,17.45,17.45,15.98,15.96,15.96,15.96,17.38,17.38,16.84,16.84,16.84,16.84,16.84,16.84,16.84,16.84,16.84,13.98,13.98,13.98,13.98,13.98,13.93,13.93,13.93,13.93,12.25,12.25,12.25,12.25,12.25,12.25,12.25,12.25,12.25,12.25,12.25,10.26,10.26,10.26,10.26,10.26,10.26,10.26,10.26,10.26,10.26,10.26,10.26,10.26,10.26,10.26,10.26,10.26,10.26
"Argentina, Zarate",,,,13.48,13.48,13.48,13.48,,,17.43,16.56,24.05,37.11,37.01,41.18,49.76,46.98,44.17,48.47,48.47,49.49,58.13,44.98,45.61,46.04,54.37,69.4,61.11,63.03,63.03,71.89,72.04,71.28,73.72,73.95,66.2,66.67,67.35,67.37,40.79,40.79,51.93,51.93,49.71,54.45,48.23,44.86,44.86,44.58,44.58,44.51,32.78,25.01,25.01,25.01,24.38,24.38,33.29,33.29,33.29,33.29,33.29,33.01,33.01,33.18,33.18,33.18,33.18,24.26,24.26,33.14,24.22,24.22,24.27,24.27,24.16,24.16,31.69,37.88,37.88,38.17,38.17
"Aruba, Barcadera",,,,,,,,,,,,,,,,,,,,,,,,,,,,,,,,,,,,,,,,,,,18.75,28.79,25.71,25.71,18.82,14.09,14.09,14.59,10.38,10.38,10.38,,,,13.41,14.04,13.49,24.6,24.6,24.6,23.96,23.72,12.85,12.85,12.85,12.85,8.48,8.48,8.48,11.8,11.8,11.8,9.38,9.38,9.38,9.38,9.38,9.38,9.38,9.38
"Aruba, Oranjestad",54.71,63.08,46.94,46.98,47.63,47.35,53.23,53.24,54.46,54.7,50.54,51.38,51.38,57.93,63.33,63.33,64.8,74.22,74.86,74.29,81.32,80.66,81.32,63.19,70.57,72.13,77.62,66.63,71.3,67.58,67.63,67.68,60.28,62.02,62.02,64.46,62.55,62.6,56.79,58.68,66.65,73.58,53.41,33.22,33.22,33.22,42.01,55.91,56.58,63.34,65.39,64.76,66.95,66.95,65.2,52.19,50.73,59.43,58.38,60.2,60.84,60.11,41.61,30.45,36.88,36.25,33.89,30.42,33.63,33.63,31.46,31.46,23,42.11,42.11,41.5,32.1,32.12,31.35,31.35,31.35,23.74
"Australia, Adelaide",108.93,97.36,97.41,97.48,101,113.88,121.53,124.19,124.25,122.46,106.79,105.52,101.54,98.06,86.61,88.23,88.03,90.62,90.11,106.78,106.03,101.51,102.16,88.72,88.7,102.38,102.34,110.72,113.99,116.27,113.88,113.32,118.77,123.13,117.63,123.24,129.47,127.8,126.72,131.29,136.65,135,135.56,141.4,137.06,132.54,138.33,128.34,128.56,130.35,129.26,122.05,121.49,119.23,135.96,125.39,130.63,131.49,133.94,134.19,124.31,124.73,120.54,120.55,120.85,119.98,119.1,123.78,124.82,113.6,114.03,113.79,112.84,112.95,109.63,107.61,113.07,112.55,110.97,111.12,110.18,111.58
"Australia, Bell Bay",45.92,48.61,48.61,48.61,48.71,44.82,44.82,32.09,32.09,32.09,30.23,30.23,30.23,30.23,30.23,38.8,26,28.48,28.47,38.75,41.33,42.65,42.81,34.89,31.17,,,,,17,17,17,21.07,21.07,21.11,21.11,19.84,19.84,19.84,21.11,21.11,21.11,21.11,33.74,37.51,37.51,37.51,22.33,22.33,35.05,27.45,27.04,27.02,27.36,27.42,27.05,29.79,30.15,32.72,35.52,13.64,13.64,13.64,13.64,13.64,13.64,13.64,,,,11.05,15.3,15.3,15.31,15.31,30.25,30.49,30.7,30.7,31.27,31.29,31.29
"Australia, Brisbane",257.87,255.78,253.16,245.96,252.01,262.85,256.8,270.57,274.82,289.37,292.03,269.22,254.38,252.41,240.48,240.51,233.91,244.3,247.33,240.46,235.68,225.51,240.41,240.6,246.14,223.43,227.81,237.67,258.08,250.77,276.34,273.28,273.97,276.75,276.08,267.36,261.74,251.83,253.59,257.12,253.14,242.6,246.33,248.69,250.83,235.31,237.87,241.65,241.26,235.44,237.3,239.6,238.42,235.62,235.07,242.87,234.37,228.86,238.77,246.9,263.03,264.25,254.31,253.63,259.69,273.01,279.6,284.24,268.54,260.21,264.48,237.13,246.39,239.65,235.26,235.77,236.81,240.31,237.42,245.64,247.27,246.26
"Australia, Broome",9.22,9.22,9.22,9.22,9.22,9.22,9.22,9.22,9.22,9.22,9.22,16.59,9.87,9.87,9.87,9.87,9.87,17.61,17.61,17.61,17.61,8.79,8.79,8.79,8.79,8.79,8.79,8.79,8.79,8.79,8.79,8.79,8.79,8.79,8.79,16.09,16.09,8.79,8.79,8.79,8.79,8.79,8.79,8.79,,,,,,,,,,,,,,,,,,,,,,,,,,,,,,,,,,,,,,
"Australia, Burnie",35.67,26.67,36.4,36.4,36.4,36.4,36.4,43.98,46.09,45.78,37.55,45.3,45.3,47,48.27,32.71,32.71,32.71,32.71,19.59,19.59,19.59,19.59,19.59,19.59,19.59,19.59,19.59,19.59,19.59,19.59,19.59,19.59,19.59,19.59,19.59,19.59,19.59,19.59,19.59,19.59,19.59,19.59,19.59,19.59,19.59,19.59,19.59,19.59,19.59,19.59,19.59,19.59,33.37,18.88,18.88,18.88,18.88,18.88,18.88,18.88,18.88,18.88,18.88,18.88,18.88,18.88,18.88,18.88,18.88,18.88,18.88,18.88,18.88,18.88,18.88,18.88,18.88,18.88,18.88,18.88,18.88
"Australia, Cairns",,,,,,,,,,,,,,,,,,,,,,,,,,6.59,6.59,6.59,6.59,6.59,6.59,6.59,6.59,6.59,6.59,6.59,6.59,6.59,6.59,6.59,6.59,6.59,6.59,6.59,,,,,,,,6.59,6.59,6.59,6.59,6.59,6.59,6.59,6.59,6.59,6.59,6.59,6.59,,,,,,,,,,,,,,,,,,,
"Australia, Dampier",9.22,9.22,9.22,9.22,9.22,9.22,9.22,9.22,17.77,18.09,18.09,19.98,13.9,23.8,13.9,13.9,13.9,13.9,13.9,13.9,13.9,7.57,7.57,7.57,8.21,23.23,23.23,23.23,10.7,10.7,10.7,10.7,10.7,10.7,10.7,8.98,8.98,,,,,,7.28,7.28,7.28,7.28,7.28,7.28,7.28,7.28,7.28,7.28,7.28,7.28,7.28,7.28,7.28,7.28,7.28,7.28,7.28,12.16,12.16,15.02,25.58,25.58,21.38,16.33,16.02,20.85,20.85,20.85,23.2,23.06,23.06,23.06,24.28,24.28,24.28,24.28,24.28,24.28
"Australia, Darwin",35.27,32.88,37.42,37.42,37.42,37.42,37.42,36.17,44.73,44.75,44.75,57.29,35.1,35.1,36.37,36.37,42.48,52.83,52.68,52.68,52.68,45.41,45.92,45.97,46.44,40.22,42.43,42.43,42.43,42.5,42.58,43.32,45.23,45.31,45.67,45.57,47.95,47.92,48.58,55.08,55.69,55.69,55.72,55.73,41.45,32.76,32.76,32.76,32.76,32.76,41.74,41.74,41.74,41.74,41.78,39.11,39.11,28.9,28.9,36.69,36.72,36.72,30.84,28.14,30.22,30.22,27.62,27.62,27.44,28.34,28.41,28.65,28.65,29.33,29.33,29.33,29.04,29.04,29.04,29.87,30.07,30.07
"Australia, Devonport",16.21,16.21,16.21,16.21,16.21,16.21,16.21,16.21,16.21,16.21,16.21,16.21,16.21,16.21,16.21,16.21,16.21,16.21,16.21,16.21,16.21,16.21,16.21,16.21,16.21,16.21,16.21,16.21,16.21,16.21,16.21,16.21,16.21,16.21,16.21,16.21,16.21,16.21,16.21,16.21,16.21,16.21,16.21,16.21,16.21,16.21,16.21,16.21,16.21,16.21,16.21,16.21,16.21,16.21,16.21,16.21,16.21,16.21,16.21,16.21,16.53,,,,,,,,,,,,,,,,,,,,,
"Australia, Esperance",,,,,,,,,10.27,10.27,10.27,10.27,10.27,10.27,,,,,,,,,,,,17.93,17.93,17.93,,,,,,,,,,,,,,,,,,,,,,,,,,,,,,,,,,,,,,,,,,,,,,,,,,,,,,
"Australia, Fremantle",93.15,102.7,108.64,108.68,107.16,117.53,125.66,120.56,121.37,121.14,139.23,133.6,121.95,120.21,121.24,122.54,119.85,127.48,127.45,143.35,143.29,151.92,152.63,136.73,127.6,135.58,134.99,140.14,138.05,134.85,133.76,133.8,138.6,142.32,139.33,153.47,143.58,133.39,135.07,125.18,141.64,140.08,145.78,154.7,142.61,132.74,138.54,129.25,129.47,128.04,132.17,133.76,135.78,133.52,133.45,124.13,122.03,123.54,125.59,129.8,128.36,128.81,124.55,122.55,123.02,122.84,121.62,126.66,141.3,136.94,136.61,124.97,124.66,121.95,121.12,122.11,122.03,121.67,120.11,120.15,120.4,121.83
"Australia, Geelong",,,,,,,,,,,,,7.82,7.82,7.82,7.82,7.82,7.82,7.82,7.82,7.82,7.82,7.82,7.82,7.82,7.82,7.82,7.82,7.82,7.82,7.82,7.82,7.82,7.82,7.82,7.82,25.64,25.64,25.64,26.91,26.91,26.91,26.91,26.91,7.82,7.82,7.82,7.82,7.82,7.82,7.82,7.82,7.82,7.82,7.82,7.82,7.82,7.82,7.82,7.82,7.82,7.82,7.82,7.82,7.82,7.82,7.82,7.82,,,,,,,,,,,,,,
"Australia, Gladstone",27.01,27.01,27.01,27.01,27.01,27.01,27.01,17.59,17.59,17.59,17.59,17.59,16.95,16.95,,,,,,,,,,,16.75,20.04,23.84,23.84,20.04,20.68,20.68,23.95,25.92,25.92,25.92,25.92,25.92,25.89,25.89,25.89,25.86,34.52,34.55,16.15,16.15,16.15,16.15,29.75,29.75,29.75,38.03,38.03,38.03,38.03,38.07,18.23,,,,,,,,,,,,,,21.82,21.82,21.82,21.82,21.18,21.18,21.18,21.18,21.18,21.18,28.57,28.57,28.57
"Australia, Hobart",19.63,19.63,19.63,19.63,19.63,,,,,,,,,,,,,,,,,,,,,,,,,,,,,,,,,,,18.62,18.62,18.62,16.1,16.1,16.1,16.1,,,,,,,,,,,,,,,,,,,,,,,,,,,,,,,,,,,,
"Australia, Mackay",,,,,,,,,,,,,,,,,,,,,,,,,,,,,,,,9.54,9.54,9.54,9.54,9.54,9.54,9.54,,,,,,,,,,,,,,,,,,,,,,,,,,,,,,,,,,,,,,,,,,,,
"Australia, Melbourne",297.5,305.78,302.57,303.31,303.98,310.88,306.96,316.1,316.45,331.94,337.3,318.75,311.4,302.78,289.4,288.29,284.27,290.28,307.96,324.35,318.13,311.32,323.45,298.26,294.61,300.74,301.43,303.78,304.88,292.8,289.08,286.87,284.16,293.92,294.67,290.38,288.7,294.14,298.33,301.65,307.16,306.45,297.73,293.78,303.3,291.62,297.2,291.65,291.8,287.02,282.66,286.97,288.31,294.6,284.64,284.29,277.16,272.83,276.87,283.92,294.15,284.28,284.53,282.54,282.18,294.07,293.5,301.88,288.99,299.38,298.85,278.75,272.14,279.19,270.81,270.79,272.12,273.02,271.08,278.46,281.52,282.61
"Australia, Newcastle",33.47,33.7,33.7,33.7,33.7,34.97,34.03,44.94,44.94,43,48.78,46.7,45.31,45.08,40.45,40.45,39.44,39.44,41.72,47.22,47.91,47.91,47.84,43.54,43.38,29.58,29.58,34.76,46.17,47.44,47.78,47.87,48.09,48.15,46.27,46.27,38.98,37.99,38.62,39.88,39.88,39.88,40.29,40.29,33.58,33.58,31.97,31.97,31.97,31.97,31.8,31.8,31.8,31.8,31.8,23.48,24.11,24.11,23.56,23.53,22.82,22.82,22.82,23.11,23.13,23.13,23.13,23.12,23.12,23.16,23.16,32.29,30.91,30.92,21.79,29.55,29.55,29.55,21.79,21.79,21.79,21.79
"Australia, Port Alma",8.12,8.12,8.12,8.12,8.12,8.12,8.12,8.12,8.12,8.12,8.12,8.12,8.12,,,,,,,,,,,,,,,,,,,,,,,,,,,,,,,,,,,,,,,,,,,,,,,,,,,,,,,,,,,,,,,,,,,,,
"Australia, Port Botany",,,,,,,,,,,,,,,,,,,,,,,,,,,,,,,,,,,,,,,,,,,,,,,,,,,,,13.03,13.03,12.9,12.9,12.9,12.9,13.64,13.64,13.64,13.64,13.64,13.64,13.64,13.64,13.64,,,,,,,,,,,,,,,
"Australia, Port Hedland",9.22,9.22,9.22,9.22,9.22,9.22,9.22,9.22,17.77,18.09,18.09,19.98,13.9,13.9,27.33,27.33,26.97,26.97,26.97,13.9,13.9,,,,8.21,7.98,7.98,7.98,7.98,7.98,7.98,7.98,7.98,7.98,7.98,,,,,,,,,,,,,,,,,,,,,,,,,,12.78,12.78,18.77,18.76,26.97,18.19,13.99,13.99,14.32,13.79,13.79,13.79,8.96,14.86,14.86,14.86,10.18,10.18,10.18,10.18,10.18,10.18
"Australia, Port Kembla",43.84,42.57,42.57,42.57,42.57,43.84,42.9,53.18,53.18,51.23,50.6,48.51,41.8,40.93,43.56,43.56,40.07,40.07,40.16,39.18,39.85,40.48,40.41,43.54,34.05,22.48,22.48,22.48,31.62,27.84,26.3,36.14,36.2,36.2,36.2,36.2,29.05,22.68,22.68,22.68,22.68,22.68,22.68,22.68,22.68,22.68,22.37,22.37,23.64,23.64,12.46,12.46,12.46,12.46,12.46,12.46,12.46,12.46,10.99,10.04,10.04,10.04,10.04,10.04,10.76,10.76,10.76,10.76,10.76,12.01,12.01,12.01,10.05,10.05,10.05,10.05,10.05,10.05,10.05,10.05,10.05,10.05
"Australia, Sydney",254.99,260.14,261.08,258.02,258.79,266.25,267.73,266.28,266.63,280.69,282.07,262.45,251.82,247.7,237.16,237.86,237.43,240.76,262.94,269.4,263.17,245.59,257.34,249.58,241.73,248.98,242.69,243.06,246.67,241.62,250.04,251.7,252.25,259.22,259.05,258.23,255.83,258.54,262.09,265.27,266.44,259.61,253.45,256.51,249.82,243.49,252.55,251,250.59,249.98,242.39,244.02,246.5,245.13,252.8,246.49,239.13,234.83,235.7,244.89,252.22,258.02,258,250.81,251.07,266.96,266.43,275.92,277.13,278.68,277.61,256.28,253.6,257.55,248.57,254.65,255.87,256.82,254.19,257.02,259.8,260.85
"Australia, Townsville",22.23,22.23,22.23,22.23,22.23,43.1,48.63,50.21,55.47,63.65,63.65,65.99,69.55,73.79,60.53,66.95,64.95,62.34,71.83,71.85,66.25,56.79,47.55,47.6,48.07,43.97,43.97,43.97,43.97,44.04,44.04,47.07,47.71,50.71,45.67,52.21,47.32,47.19,52.06,50.16,50.13,50.39,50.42,50.43,51.41,56.25,59.05,61.03,56.26,54.04,59.99,61.58,61.64,70.09,62.85,54.27,53.64,52.89,52.89,60.47,60.19,60.22,53.72,53.72,53.72,53.72,55,55,55,56.49,56.57,56.57,56.57,58.87,58.87,58.83,58.82,58.82,58.82,64.82,64.16,64.16
"Australia, Weipa",,,,,,,7.52,7.52,7.52,7.52,7.52,7.52,7.52,7.52,7.52,7.52,7.52,,,,,,,,,6.59,6.59,6.59,6.59,6.59,6.59,6.59,6.59,6.59,6.59,6.59,6.59,6.59,6.59,6.59,6.59,6.59,6.59,6.59,,,,,,,,6.59,6.59,6.59,6.59,6.59,6.59,6.59,6.59,6.59,6.59,6.59,6.59,,,,,,,,,,,,,,,,,,,
"Australia, Wyndham",9.22,9.22,9.22,9.22,9.22,9.22,9.22,9.22,9.22,9.22,9.22,9.22,,,,,,8.79,8.79,8.79,8.79,8.79,8.79,8.79,8.79,8.79,8.79,8.79,8.79,8.79,8.79,8.79,8.79,8.79,8.79,8.79,8.79,8.79,8.79,8.79,8.79,8.79,8.79,8.79,,,,,,,,,,,,,,,,,,,,,,,,,,,,,,,,,,,,,,
"Bahamas, Andros Island",,,,,,7.59,7.59,8.23,8.23,8.23,8.23,8.23,8.23,8.23,8.23,8.23,8.23,8.23,8.23,8.25,8.25,8.25,8.25,,,,,,,,,,,,,,,,,,,,,,,,,,,,,,,,,,,,,,,,,,,,,,,,,,,,,,,,,,,
"Bahamas, Eleuthera Island",,,,,,7.59,7.59,8.23,8.23,8.23,8.23,8.23,8.23,8.23,8.23,8.23,8.23,8.23,8.23,8.25,8.25,8.25,8.25,,,,,,,,,,,,,,,,,,,,,,,,,,,,,,,,,,,,,,,,,,,,,,,,,,,,,,,,,,,
"Bahamas, Freeport (BS)",125.42,118.23,114.96,115.22,115.9,120.57,120.09,126.82,120.51,115.78,121.37,121.87,118.15,120.19,117.82,123.85,135.82,137.57,136.86,134.18,135.31,135.9,124.12,143.13,140.81,129.59,135.1,137.55,138.38,138.73,130.52,130.71,129.67,132.96,145.68,146.48,152.49,140.27,141.24,153.21,160.71,162.87,174.71,177.57,163.22,172.01,161.77,161.72,161.07,161.43,152.51,151.79,165.74,180.96,188.24,182.3,191.52,162.74,169.68,187.1,189.9,201.97,201.18,170,168.48,161.83,173.62,165.53,167.94,165.09,174.41,170.33,179.06,179.91,170.98,179.79,146.48,149.35,145.78,173.91,219.77,184.23
"Bahamas, Marsh Harbour",,,,,,,,8.23,8.23,8.23,8.23,8.23,8.23,8.23,8.23,8.23,8.23,8.23,8.23,8.25,8.25,8.25,8.25,,,,,,,,,,,,,,,,,,,,,,,,,,,,,,,,,,,,,,,,,,,,,,,,,,,,,,,,,,,
"Bahamas, Nassau",15.69,15.69,15.69,15.69,15.69,15.69,15.69,23.14,23.14,23.14,23.14,23.14,26.06,26.06,26.06,26.06,24.27,24.27,24.01,24.27,24.27,24.38,24.38,23.34,23.34,23.34,23.34,23.34,23.34,25.11,25.11,25.11,25.11,25.11,25.11,25.11,33.92,33.92,33.92,33.92,33.92,33.92,33.92,33.9,33.9,33.9,30.59,30.59,22.93,22.93,23.1,23.1,16.59,16.59,26.69,26.69,27.18,27.18,27.18,27.27,36.48,36.48,36.48,38.38,37.78,37.78,37.78,38.97,38.97,38.97,38.46,39.69,39.69,34.34,34.34,34.34,34.08,37.5,37.85,37.85,37.88,37.88
"Bahrain, Bahrain",78.56,78.85,79.42,79.42,84.97,82.67,82.9,94.74,95.23,90.48,95.89,86.14,67.32,67.81,91.02,85.43,79.02,115.24,116.48,104.98,112.27,104.97,99.51,105.74,119.67,110.66,117.07,109.48,126.48,128.72,126.56,127.47,124.6,126.57,128.15,128.45,120.87,112.99,108.5,116.12,105.44,108.49,96.29,57.66,59.98,116.57,106.55,106.82,105.96,105.58,105.75,97.81,94.25,93.71,45.97,53.05,52.65,52.24,93.68,102.68,103.37,104.84,99.48,110.67,123.54,124.58,65.48,74.78,75.03,86.02,53.27,118.71,66.66,82.59,80.64,121,72.61,75.73,124.32,140.43,178.07,58.61
"Bangladesh, Chalna",10.51,10.51,10.51,10.51,10.51,10.51,10.51,10.51,10.51,,,,,,,,,,,,,,,,,,,,,,,,,,,,,,,,,,,,,,,,,,,,,,,,,,,,,,,,,,,,,,,,,,,,,,,,,
"Bangladesh, Chittagong",105.43,113.4,117.93,118.13,118.47,140.89,136.28,148.93,131.82,115.57,136.89,135.32,121.87,112.48,115.14,108.45,102.07,96.73,113.06,110.87,119.63,109.08,107.39,105.96,115.94,102.15,102.16,98.7,96.95,96.12,109.75,116.91,111.91,123.77,125.25,119.17,126.88,139.74,139.73,157.23,148.24,152.44,163.8,146.26,154.16,160.4,149.85,150.93,171.8,169.89,163.92,177.8,163.7,164.59,162.57,154.91,161.67,162.31,171.82,189.72,194.21,199.86,210.21,204.3,212.07,203.26,221.96,227.17,212.24,217.44,236.83,213.97,197.26,187.98,178.23,188.37,211.4,209.18,211.47,202.87,202.78,211.12
"Bangladesh, Mongla",28.51,28.51,28.51,28.51,28.51,29.28,29.28,26.4,26.4,15.66,15.66,15.66,16.88,13.83,15.54,13.92,13.92,13.92,13.92,13.92,14.42,14.18,14.18,13.68,13.68,13.68,13.68,9.18,10.36,10.36,10.36,10.7,10.7,10.7,10.87,16.28,16.29,24.55,24.55,24.07,24.07,24.07,24.07,24.07,24.55,24.55,24.55,18.52,18.52,18.52,19.16,19.16,19.08,19.08,20.1,20.29,23.24,23.28,20.26,19.63,19.63,13.18,13.18,13.22,13.1,13.1,13.1,13.1,13.1,23.83,13.1,28.49,28.49,27.63,27.7,27,27,26.37,26.37,26.37,26.37,26.35
"Barbados, Bridgetown",76.26,76.26,76.29,76.28,70.43,76.68,84.78,69.25,83.13,83.73,76.39,71.78,71.78,75.36,75.36,75.36,89.9,89.9,87.76,82.58,81.26,75.94,64.33,66.23,67.49,67.48,67.45,67.45,67.7,61.98,69.83,69.83,69.61,70.15,70.15,66.68,66.73,70.38,66.97,67.76,71.54,75.56,83.02,83.13,83.48,83.48,71.83,74.63,75.98,76.81,70.77,70.77,70.13,66.55,67.3,67.3,66.73,66.74,67.11,74.15,73.58,73.59,67.17,62.57,63.88,70.17,70.17,70.2,74.91,75.6,75.77,79.23,83.39,80.07,81.56,80.91,79.09,72.76,74.36,76.91,74.65,71.44
"Belgium, Antwerp",1019.35,1046.24,1064.71,1057.18,1059.12,1063.41,1072.37,1099.96,1110.53,1091.76,1080.26,1097.12,1063.38,1039.03,1019.61,996.4,1032.27,1051.55,1044.54,1067.87,1075.57,1058.81,1046.21,1022.59,1025.55,1024.55,1010.31,1008.97,978.48,967.67,967.43,963.74,939.41,977.95,973.22,969.67,955.92,986.18,1037.03,1040.2,1036.16,1018.34,1030.54,1007.02,994.36,989.82,962.49,980.73,994.85,1015.99,984.99,975.71,982.92,977.13,936.05,947.97,955.07,940.97,935.53,928.35,941.73,943.01,922.32,920.77,904.18,875.88,887.53,897.72,887.35,922.29,938.85,925.44,893.22,908.5,915.12,924.64,907.5,906.47,879.01,898.39,896.94,902.03
"Belgium, Ghent",,,,,,,,,,,,,12.16,14.72,14.72,25.97,25.43,24.79,24.69,26.04,22.34,22.45,22.45,23.06,18.87,18.87,13.41,13.41,13.41,15.36,15.99,15.99,15.99,14.5,14.5,14.48,14.48,13.23,13.87,14.5,14.5,14.5,14.5,,,,,,,,12.61,11.25,11.25,11.25,11.25,11.25,11.25,11.25,11.25,11.25,11.25,11.25,11.25,11.25,11.25,11.25,11.25,11.25,11.25,11.25,11.25,11.25,11.25,11.25,11.25,11.25,11.25,10.12,10.12,10.12,10.12,
"Belgium, Ostend",,,,,,,,,50.91,34.99,34.99,,,,,,,,,,,,,,,,,,,,,,,,,,,,,,,,,,,,,,,,,,,,,,,,,,,,,,,,,,,,,,,,,,,,,,,
"Belgium, Zeebrugge",245.14,225.25,242.45,218.59,216.18,226.57,219.55,259.37,235.43,283.25,312.17,296.89,307.43,301.02,267.8,284.46,283.59,277.02,282.51,251.76,252.15,236.82,235.73,244.36,234.91,239.86,236.14,239.95,204.02,204.57,218.22,213.41,211.84,186.64,198.19,204.71,210.48,173.86,183.26,192.61,181.73,152.59,142.78,56.72,160.17,243.83,237.3,124.99,155.37,158.97,157.5,161.44,142.75,170.64,183.13,187.21,178.91,186.23,186.44,172.22,171.38,188.5,201.93,188.35,204.29,225.82,257.4,222.5,190.45,206.52,191.66,172.81,163.54,162.79,169.51,168,199.64,224.35,243.96,236.3,216.11,225.45
"Belize, Belize City",32.03,32.03,26.13,26.13,26.71,26.71,23.52,23.52,17.58,17.58,23.62,22.98,40.63,34.6,34.42,34.42,34.11,34.75,22.79,22.79,30.05,30.05,30.05,31.32,30.05,28.55,28.55,28.55,37.77,37.9,39.55,39.55,40.16,38.93,38.93,38.94,38.94,38.67,38.67,34.74,37.3,37.29,37.29,24.71,32.9,32.9,31.85,31.85,31.85,43.24,42.6,42.6,42.6,38.38,46.55,45.73,45.09,45.09,45.2,25.89,25.83,25.83,26.82,20.79,8.04,15.27,15.27,15.27,15.27,15.27,15.27,15.27,15.27,15.26,15.26,15.26,15.26,15.26,19.52,19.52,26.33,26.33
"Belize, Big Creek",,,,,,,,,19.18,19.17,,,,,,,,,,,,,,,21.25,21.25,21.41,22.05,21.25,21.25,22.52,21.41,21.42,21.42,23.96,23.96,21.42,20.14,20.78,20.78,20.14,20.78,37.86,34.68,34.68,34.68,34.68,34.68,34.68,19.98,26.59,27.23,27.32,27.32,27.32,27.32,19.98,19.98,19.98,19.98,20.62,21.47,21.47,21.49,22.13,22.13,22.13,22.08,22.13,22.12,22.12,22.12,21.41,21.42,21.42,21.42,21.42,20.79,20.78,12.88,13.32,13.29
"Benin, Cotonou",117.95,91.27,91.82,105.9,95.17,96.17,93.3,93.22,107.76,106.09,97.36,94.39,96.58,104.4,113.93,115.68,105.69,116.16,129.73,102.21,122.09,122.44,137.78,137.19,136.92,143.28,123.3,117.63,118.09,124.42,146.93,146.19,151.64,149.14,157.98,148.15,145.75,153.62,156.45,138.27,137.05,125.88,130.52,125.15,123.21,130.51,129.95,141.85,145.11,138.82,149.24,147.62,135.92,134.79,134.72,131.72,138.61,141.3,158.13,140.41,155.69,156.51,155.71,154.77,156.16,158.96,175.1,152.32,148.4,144.71,147.53,150.61,127.16,118.6,121.95,121.28,130.57,143.48,149.47,153.09,171.43,166.78
"Bermuda, Hamilton (BM)",20.29,20.29,20.29,20.29,20.29,20.29,20.29,20.23,20.3,20.3,20.3,20.3,20.3,20.3,20.3,20.3,20.3,20.3,20.3,20.3,20.3,19.66,19.66,19.66,19.66,19.66,19.66,19.66,19.66,19.66,19.66,19.66,19.62,20.26,20.26,20.26,20.26,20.26,20.26,20.26,20.26,20.26,20.26,20.26,20.26,20.26,20.26,20.26,20.26,20.26,20.26,20.26,20.26,20.26,20.03,20.03,20.03,20.03,20.03,20.03,20.03,20.03,20.03,20.03,20.03,20.03,20.03,20.03,20.03,20.03,20.03,20.03,20.03,20.01,20.01,20.01,20.01,20.01,20.01,20.01,20.01,20.01
"Bonaire, Sint Eustatius and Saba, Kralendijk",,,,,,,,,,,,,,,16.68,16.68,18.15,18.15,18.15,18.1,18.1,18.1,,,,21.09,21.09,21.09,21.71,21.71,21.71,21.71,21.71,21.39,21.39,21.39,18.85,30.77,30.77,32.05,37.37,37.43,24.78,24.78,24.78,24.78,24.78,24.78,24.78,34.44,34.44,33.81,19.51,19.51,19.49,18.86,18.87,18.87,18.87,18.69,18.69,18.69,18.61,18.61,19.88,19.88,19.88,,,,,11.8,11.8,11.8,9.38,9.38,9.38,9.38,9.38,9.38,9.38,9.38
"Bonaire, Sint Eustatius and Saba, St Eustatius",15.88,15.88,15.88,15.88,15.88,15.88,15.88,,,,,,,,,,,,,,,,,,,,,,,,,,,,,,,,,,,,,,,,,,,,,,,,,,,,,,,,,,,,,,,,,,,,,,,,,,,
"Brazil, Belem",26.01,39.31,39.33,40.01,40.02,28.8,28.92,29,29.01,28.99,29.65,30.28,30.28,28.37,28.37,28.37,28.38,28.38,22.16,26.02,26.88,26.88,26.1,26.06,26.06,26.06,26.25,27.28,26.89,26.89,26.44,26.89,26.89,27.28,27.28,27.2,27.2,25.88,25.88,27.46,,,,,,,,,,,,,,,,,,,,,,,,,,,,,,,,,,,,,,,,,,
"Brazil, Fazendinha",,,,,,,,,,,,,,,,,,,,17.1,17.16,17.16,14.67,,,,,,,,,,,,,,,,,,,,,,,,,,,,,,,,,,,,,,,,,,,,,,,,,,,,,,,,,,,
"Brazil, Fortaleza",75.54,62.19,77.59,78.91,72.45,81.46,72.61,66.24,54.27,53.85,58.71,59.33,60.25,48.72,48.72,48.72,50.48,50.48,40.04,39.4,40.08,40.08,38.21,46.48,46.37,46.37,54.03,57.49,57.49,54.13,57.37,57.36,49.96,49.96,50,50,50,50,50,48.79,47.57,46.01,46.04,46.04,46.04,46.04,46.04,46.04,46.15,46.15,46.15,50.38,32.19,32.19,32.19,37.41,32.19,31.86,22.99,27.42,30.18,29.39,29.39,30.44,22.99,22.99,22.99,22.99,22.99,22.36,35.05,35.69,22.87,22.88,22.88,35,35.04,22.88,22.88,34.54,22.88,22.88
"Brazil, Ilheus",,,,,,,,,,,,,,,,,,,,,,,,13.11,13.11,13.11,13.11,13.11,13.11,13.11,13.11,13.11,13.11,13.11,13.11,13.11,13.11,13.11,13.11,13.11,13.11,13.11,13.11,13.11,13.11,13.11,13.11,13.11,13.11,13.11,13.11,13.11,13.11,13.11,13.11,13.11,13.11,13.11,,,,,,,,,,,,,,,,,,,,,,,,
"Brazil, Imbituba",46.59,47.09,15.79,36.12,21.85,46.89,19.23,19.23,21.31,21.31,19.86,21.81,21.81,27.63,38.44,37.65,33.55,34.49,31.94,33.41,36.81,24.88,24.98,26.96,26.96,44.16,44.13,68.45,46.14,46.77,45.48,46.53,30.65,34.22,35.22,35.43,35.29,35.29,,,,,,,,,72.49,72.49,71.94,71.94,72.02,72.69,32.49,32.49,32.49,29.49,29.49,29.49,29.49,29.64,29.64,29.64,29.64,28.84,28.84,31.68,31.68,31.68,31.68,31.68,31.68,31.88,31.88,58.65,58.66,93.22,95.33,92.11,87.93,52.04,53.97,50.96
"Brazil, Itajai",217.55,212.54,224.03,216.88,208.05,219.97,209.14,214.85,219.51,176.83,175.55,171.75,111.76,111.4,95.9,86.94,89.36,104.15,147.45,140.83,136.75,154.34,151.08,158.53,143.69,141.4,141.52,122.86,130.44,131.61,135.13,141.52,133.38,143.2,136.94,137.13,137.16,135.86,104.4,99.82,101.66,105.27,105.27,90.92,110.72,108.53,137.56,128.72,118.98,122.82,116.35,140.48,132.09,138.39,139.24,138.97,132.85,131,128.21,135.32,126.21,123.21,135.19,121.47,109.63,98.62,104.5,82.59,24.82,30.92,11.43,,,,,79.26,104.51,101.29,114.29,127.72,141.73,145.65
"Brazil, Itapoa",,,,,,,,,,,,,,,,,,,,,,,46.04,46.33,61.72,98.56,108.2,105.24,120.35,141.89,161.41,162.47,153.75,145.54,146.67,146.75,152.39,148.64,157.51,159.09,165.25,160.21,152.07,150.99,156.11,155.12,155.65,160.85,163.17,169.83,163.64,164.76,156.56,164.46,181.26,181.63,161.28,161.33,179.41,169.88,160.28,160.47,159.53,149.95,158.88,172.99,173.43,165.75,158.33,162.97,175.01,173.02,188.05,204.45,207.49,199.83,192.68,201.46,210.55,211.13,200.43,204.14
"Brazil, Itaqui",,,,,,,,,,11.18,11.18,11.18,,,,,15.91,15.91,19.48,19.48,20.8,20.8,22.74,22.74,,,10.31,21.61,21.22,10.97,20.59,21.22,21.22,12.9,12.9,12.89,12.89,9.95,9.95,9.95,9.32,,,,,,,,,,,,,,,,,,,,,,,,,,,,,,,,,,,,,,,,,
"Brazil, Macapa",18.12,18.75,21.99,21.99,18.75,,,,,,,,,,,,,,,,,,,,,,,23.47,23.47,23.65,23.65,15.29,15.29,15.29,15.29,16.83,16.83,36.8,36.82,32.24,29.91,29.92,29.92,31.08,25.14,28.95,28.98,27.68,28.35,28.35,39.99,40.07,37.38,37.38,39.87,39.85,40.93,43.51,43.64,43.63,43.16,31.59,31.58,31.52,30.94,42.3,42.31,41.65,33.81,33.93,35.2,46.04,44.79,44.75,44.75,45.78,45.01,43.76,45.69,46.33,45.22,45.21
"Brazil, Maceio",,,,,,,,15.47,17.17,17.43,16.56,16.56,16.56,16.56,16.56,16.56,19.98,19.98,19.98,19.98,19.98,19.98,,,,,,,,,,,,,,,,,,,,,,,,,,,,,,,,,,,,,,,,,,,,,,,,,,,,,,,,,,,,
"Brazil, Manaus",56.89,56.46,62.54,62.6,60.47,59.31,57.54,57.54,57.56,58.8,64.08,64.08,63.33,65.78,68.59,68.41,55.79,55.87,62.72,65.59,69.08,74.3,79.88,72.28,67.89,57.29,53.86,75.8,75.98,79.07,79.21,83.92,73.47,78.08,84.76,72.51,85.62,85.64,72.56,69.88,68.66,64.71,64.71,64.75,66.32,68.86,71.27,59.55,71.89,71.89,72.43,72.52,69.2,69.2,71.68,74.55,73.96,76.55,76.67,76.61,76.53,76.57,76.56,79.91,79.96,76.52,73.87,73.22,67.28,67.4,75.13,53.58,63.2,71.2,71.23,72.9,72.43,71.18,72.81,70.91,69.8,69.79
"Brazil, Natal",,,,20.71,20.71,22.02,22.08,22.16,22.16,21.52,22.16,22.8,22.8,22.16,22.16,22.16,22.16,22.16,22.16,21.52,22.16,22.16,21.56,21.56,21.56,21.56,21.56,21.56,21.56,21.56,21.75,21.56,21.56,21.56,21.56,21.56,21.56,21.56,21.56,23.14,23.28,23.28,23.28,23.28,23.28,23.28,23.28,27.87,29.09,23.28,23.28,23.28,23.28,23.28,23.28,23.28,23.28,22.95,22.99,22.99,22.99,22.99,22.99,22.99,22.99,22.99,22.99,22.99,22.99,,,,,,,,,,,,,
"Brazil, Navegantes",,,,,,,,,45.21,67.05,75.89,112.93,119.78,115.82,142.81,148.42,148.24,154.78,149.13,151.52,153.93,168.75,148.33,146.71,140.23,155.49,161.65,145.08,150.88,163.87,171.61,172.29,164.73,153.55,151.13,150.73,139.99,143.2,168.8,155.65,154.07,164.28,195.4,177.56,194.7,197.74,182.43,175.74,139.38,142.81,145.03,145.24,145.76,140.5,151.02,152.17,151.9,151.39,152.55,161.26,158.48,156.74,161.19,158.15,184.82,174.7,175.85,174.82,188.48,189.14,194.66,199.43,201.24,172.03,176.11,165.45,164.96,178.51,171.07,168.88,169.16,165.98
"Brazil, Paranagua",210.97,212.65,204.7,199.84,193.71,187.42,186.67,179.93,184.36,178.72,185.87,192,185.73,201.32,207.31,203.54,201.15,187.15,184.62,192.28,197.18,181,185.62,186.99,190.23,185.87,188.29,168.38,180.8,186.77,203.44,197.89,182.76,175.91,198.06,201.1,198.66,196.84,191.06,175.12,185.76,189.91,182.9,180.37,185.8,188.74,192.2,186.88,187.21,190.38,192.44,184.05,183.52,188.47,189.22,189.45,188.48,206.09,207.24,208.48,206.43,202.53,208.38,207.27,218.25,203.11,207.31,208.05,198.55,212.91,221.87,221.87,232.49,242.54,278.31,261.02,265.53,265.55,267.39,265.32,266.24,262.12
"Brazil, Pecem",100.05,96.21,103.16,103.55,77.41,70.38,79.3,104.82,104.88,105.56,106.5,91.9,79.3,83.34,97.28,97.58,109,104.59,117.99,118.38,110.67,109.63,99.71,106.97,91.52,58.76,81.51,93.69,87.69,85.39,102.16,103.09,103.33,101.07,86.71,86.69,97.19,60.96,60.33,80.21,80.21,68.62,89.85,89.21,86.15,60.85,63.47,96.72,88.96,104.86,88.97,89.51,73.76,73.66,74.03,97.75,79.29,79.22,79.23,79.43,79.46,79.43,79.3,115.43,114.57,104.11,104.24,114.22,123.23,125.1,130.01,130.52,126.31,136.25,133.42,135.55,135.45,148.13,153.04,158.15,158.69,159.63
"Brazil, Portocel",,,,,,,,,,18.64,18.64,18.64,18.64,,,,,,,,,22.06,22.06,16.78,16.78,16.78,16.78,16.78,,,,,,,,,,,,,,,,,,,,,,,,,,,,,,,,,,,,,,,,,,,,,,,,,,,,,,
"Brazil, Praia Mole",,,,,,,,,,18.64,18.64,18.64,18.64,,,,,,,,,15.46,15.46,,,,,,,,,,,,,,,,,,,,,,,,,,,,,,,,,,,,,,,,,,,,,,,,,,,,,,,,,,,
"Brazil, Recife",,,,,,,,,,,,,,,,,,,,,,,,,,,,24.16,24.25,23.52,24.98,25.3,,,,,,,,,,,,,,,,,,,,,,,,,,,,,,,,,,,,,,,,,,,,,,,,,,
"Brazil, Rio de Janeiro",219.45,213.88,208.17,198.06,195.48,204.53,205.87,196.08,197.47,196.08,199.12,190.1,194.31,193.21,219.34,204.07,202.06,205.4,213.81,214.39,209.53,223.74,235.32,249.76,249.32,234.61,243.38,234.82,218.22,225.01,218.83,215.71,196.66,167.16,191.47,171.02,163.27,160.38,170.25,155.95,155.39,172.99,172.69,137.81,136.95,136.75,142.04,153.86,163.78,180.44,196.85,188.37,180.52,180.83,181.57,182.22,174.1,179.78,174.02,174.52,172.33,172.03,178.54,181.61,185.25,180.53,188.26,194.75,192.69,193.13,203.87,209.88,217.88,215.28,231.35,236.01,238.49,238.51,235.22,235.33,235.88,246.96
"Brazil, Rio Grande",234.28,230.66,223.47,214.6,225.67,219.9,215.64,225.57,248.71,224.19,223.14,203.56,208.37,222.2,215.98,213.08,212.88,224.89,221.53,221.58,233.89,226.89,207.45,208.76,205.36,199.7,197.31,186.74,189.97,187.55,162.07,153.5,175.11,204.06,188.87,197.38,200.92,199.84,205.36,202.13,209.97,200.03,199.95,210.24,210.25,212.6,197.7,196.13,195.05,192.64,186.17,189.94,182.99,183.43,180.28,180.18,179.7,177.16,178.4,178.78,178.74,178.66,180.28,183.18,182.31,182.32,182.58,182.4,183.11,180.07,182.61,182.98,183.75,183.61,174.51,175.06,195.62,201.15,205.15,214.66,215.17,205.73
"Brazil, Salvador",132.91,127.68,120.48,125.74,112.29,113.8,122.34,128.43,115.85,119.89,122.01,125.5,117.12,125.17,130.84,124.88,129.31,124.23,125.79,127.45,127.92,140.38,136.99,131.59,112.91,112.49,106.88,117.09,116.44,127.1,127.3,127.89,125.67,131.41,129.37,128.98,133.94,127.36,127.16,125.08,124.49,123.27,123.35,123.39,126.77,127.51,127.57,134.5,132.81,125.16,125.27,125.81,133.32,132.92,133.49,142.54,146.39,148.98,155.27,159.06,151.35,155.85,155.93,151.23,149.86,136.49,136.69,138.49,147.99,149.4,148.94,162.14,158.55,160.31,183,180.44,182.34,163.3,167.98,172.71,174.72,172.53
"Brazil, Santana",,,,,,,,,,,,,,,,,,,,,,,,,,,10.31,12.97,10.97,10.97,10.33,10.97,10.97,12.9,12.9,12.89,12.89,,,,,,,,,,,,,,,,,,,,,,,,,,,,,,,,,,,,,,,,,,,,,
"Brazil, Santarem",,,,,,,,,,14.88,14.9,14.9,14.9,13.63,13.63,13.63,13.63,13.63,13.63,12.36,11.92,11.92,11.92,15.6,11.75,11.75,13.68,12.97,,,,10.97,10.97,,,,,,,,,,,,,,,,,,,,,,,,,,,,,,,,,,,,,,,,,,,,,,,,,
"Brazil, Santos",373.5,378.24,367.54,368.61,369.72,370.42,370.99,376.75,386.16,388.38,398.43,410.48,397.85,372.66,370.04,348.7,338.72,344.51,348.54,344.06,340.54,362.22,366.76,358.04,344.11,333.31,334.27,315.46,308.41,315.25,324.54,326.1,304.08,319.86,315.38,313.38,303.86,299.97,301.83,286.15,294.5,294.64,287.29,272.7,264.56,271.46,277.43,266.22,273.28,276.93,283.42,276.19,264.04,269.73,274.41,271.02,274.57,286.96,274.42,280.13,278.02,279.99,278.09,278.03,287.06,289.27,285.05,286.17,275.73,296.79,300.96,298.43,309.06,323.45,352.27,330.35,350.9,353.98,349.73,363.21,364.22,365.48
"Brazil, Sao Francisco do Sul",135.38,133.56,122.95,115.64,103.74,104.04,95.65,118.53,145.42,140.34,135.87,140.26,157.47,128.92,111.54,91.8,97.03,95.08,97.72,100.21,99.13,103.3,100.44,103.72,96.07,83.87,83.79,85.34,86.6,76.91,76.83,76.83,59.2,63.2,65.64,65.64,65.46,65.44,62.9,62.2,62.24,13.1,13.1,,,,,,,,,,,,,,,,,,,,,,,,,,,,,,,,,,,,,,,
"Brazil, Sao Luis",,,,,,,,,,,,,,,,,,,,,,,,,,,,,,,,,,,,,,,,,,,,,,,,,,,,,,,,,14.09,14.09,14.09,14.09,14.09,14.09,14.09,14.09,14.09,14.09,14.09,14.09,14.09,14.09,14.09,,,,,,,,,,,
"Brazil, Sepetiba",133.8,128.87,129.04,140.45,119.19,118.09,114.33,107.57,107.57,116.08,126.35,123.15,105.14,106.68,97.95,92.15,84.98,90.87,98.52,97.14,98.91,107.94,101.96,105.3,69.73,73.24,73.96,76.67,91.69,111.68,110.15,111.02,103.37,116.37,87.01,53.42,53.42,53.42,85.84,111.96,109.71,87.62,106.36,105.71,103.68,102.5,105.84,122.21,122.34,109.4,109.48,110.15,92.4,98.69,99.57,99.48,105.05,93.86,100.34,123.47,114.38,114.84,86.33,88.94,89.01,76,66.47,68.91,68.27,68.27,68.27,61.52,61.48,61.52,112.51,84.81,88.22,84.92,86.69,64.76,64.88,64.88
"Brazil, Suape",100.46,98.84,104.62,109.56,95.25,119.86,110.77,110.77,127.07,117.28,123.35,130.18,136.69,137.83,144.84,137,135.49,135.67,127.05,127.49,131.26,158.19,168.19,165.87,139.79,134.29,134.54,137.52,137.53,142.2,146.34,150,139.82,141.02,141.57,141.09,140.77,138.84,142.17,129.47,129.69,117.96,118.05,101.91,105.37,105.4,105.47,114.1,116.15,116.63,106.34,107.01,116.93,117.12,120.85,121.45,123.14,122.54,128.56,122.88,121,120.77,120.78,121.01,114.19,110.96,114.42,115.34,108.28,118.29,117.15,114.26,114.34,116.62,115.92,149.65,150.09,124.14,147.94,152.64,152.97,153.89
"Brazil, Vila do Conde",18.12,18.75,18.75,18.75,18.75,16.84,17.05,17.05,17.05,18.32,19.14,19.14,25.46,31.75,32.61,31.09,22.05,23.85,42.64,41.87,51.45,49.86,51.55,50.33,40.69,40.64,41.75,51.38,51.08,45.2,51.18,60.47,53.01,58.12,64.07,66.65,64.04,62.7,41.12,40.42,50.3,39.4,39.4,39.4,45.19,57.24,57.03,51.85,51.31,50.53,51.68,72.5,50.82,49.41,52.3,56.59,57.26,66.21,58.73,66.16,64.71,63.21,63.21,57.81,63.97,65.85,65.85,65.84,53.45,52.94,63.77,53.59,52.98,52.94,52.94,53.34,52.46,51.93,51.81,44.55,51.73,51.71
"Brazil, Vitoria",127.03,128.73,114.54,104.92,105.2,104.44,103.19,91.86,103.31,115.72,85.8,93.13,92.54,107.77,110.3,109.37,111.99,116.11,115.55,106.81,101.72,125.4,105.4,106.15,97.17,95.5,103.12,73.25,64.7,64.68,64.82,64.93,75.72,74.48,74.64,65.58,52.22,52.27,52.92,60.01,58.88,74.27,73.94,66.89,67.84,70.38,67.99,67.95,75.2,75.48,79.94,68.85,46.38,46.38,46.38,46.91,48.63,51.21,43.57,50.99,43.18,43.18,43.17,43.11,42.53,41.9,48.52,28.7,22.08,22.08,22.08,22.08,22.08,22.01,22.01,22.01,22.01,22.01,22.01,22.01,22.01,22.01
"British Virgin Islands, Tortola",24.28,27.04,23.01,23.01,23.01,23.01,29.4,18.18,18.18,18.18,18.18,18.18,18.18,18.18,18.18,18.18,18.18,18.18,18.18,19.29,19.29,19.29,19.29,20.05,20.05,20.05,20.05,20.05,20.05,20.05,20.05,20.05,20.05,20.05,20.05,19.87,19.87,20.07,20.07,20.07,20.07,34.53,34.53,34.28,35.01,35.01,42.05,42.02,42.02,42.02,42.02,42.02,36.5,36.5,36.78,46.16,39.12,39.13,39.13,29.74,29.74,29.74,29.74,13.5,13.5,13.5,13.5,13.5,13.5,13.5,13.5,13.5,13.5,13.5,13.5,13.5,13.5,13.5,21.81,21.81,21.81,21.81
"British Virgin Islands, Virgin Gorda",,,,,,,,,,,,,,,,,,,,,,,,20.05,20.05,20.05,20.05,20.05,20.05,20.05,20.05,20.05,20.05,20.05,20.05,19.87,19.87,20.07,20.07,20.07,20.07,34.53,34.53,34.28,35.01,35.01,35.01,34.99,34.99,34.99,34.99,34.99,21.66,21.66,21.66,21.66,21.66,21.66,21.66,21.66,21.66,21.66,21.66,,,,,,,,,,,,,,,,,,,
"Brunei Darussalam, Muara",54.97,55.04,54.67,55.3,55.73,49.73,49.73,51.29,51.29,51.29,47.94,49.82,52.35,50.6,49.33,57.83,57.81,60.68,66.78,70.85,67.65,68.22,67.65,68.11,68.11,67.32,59.03,69.18,63.43,63.43,63.59,63.59,63.59,63.59,61.21,72.4,69.91,57.52,54.09,61,61.63,71.02,67.73,58.57,67.73,60.46,53.35,52.75,46.1,45.24,45.19,45.19,52.8,52.4,55.62,51.93,52.02,52,51.38,48.65,44.2,44.53,44.53,55.97,56.49,56.52,54.92,59.67,59.71,62.67,65.86,65.44,68.86,67.15,51.94,51.68,51.66,51.74,52.1,56.41,56.42,56.34
"Bulgaria, Bourgas",44.93,44.92,45.12,45.19,37.8,32.01,33.29,32.11,34.59,32.81,28.61,28.82,21.06,10.97,10.97,10.97,11.15,13.7,12.62,12.62,12.62,12.62,21.5,21.5,21.5,21.5,20.72,19.48,19.48,19.48,19.48,20.78,20.81,20.81,45.85,45.21,40.07,40.07,41.29,37.66,26.73,41.06,40.81,29.11,35.94,37.37,27.79,28.52,29.18,29.27,29.4,30.17,29.59,29.38,44.37,43.88,44.75,44.56,44.71,44.67,43.95,43.95,43.84,43.69,43.72,42.45,43.33,43.06,42.46,42.68,42.68,42.25,42.25,46.01,46.28,46.3,52.86,38.42,45.44,37.18,37.17,44.71
"Bulgaria, Varna",63.34,58.02,58.6,56.6,62.38,58.72,71.84,61.74,48.86,61.95,100.81,106.42,98.51,54.41,45.8,45.66,43.05,40.17,39.26,49.97,49.3,49.3,40.69,49.34,49.34,51.87,60.29,62.14,54.14,54.97,55.61,50.66,49.54,49.54,48.49,47.58,47.49,46.86,49.11,49.1,49.07,57.3,57.02,50.51,58.03,58.17,54.3,53.7,53.62,51.22,50.03,49.89,49.74,49.73,36.43,33.43,35.84,34.01,28.03,28.02,28.02,28.02,28.56,28.81,28.83,39.06,45.55,44.99,46.75,48.15,53.69,53.69,60.81,61.19,48.59,48.75,55.43,55.86,58.51,46.18,46.18,52.31
"Cabo Verde, Mindelo",23.93,29.72,37.12,37.12,37.12,22.12,22.08,22.08,31.3,31.94,39.67,40.3,41.66,49.19,41.68,41.68,41.68,41.68,41.68,37.31,37.22,39.23,39.23,39.31,39.31,38.45,38.45,38.45,38.06,25.99,25.99,25.99,36.26,26.61,26.61,15.51,13.86,13.86,14.47,23.17,23.17,22.41,26.32,22.28,21.04,21.19,21.2,21.35,28.17,33.71,34.59,30.61,30.61,27.87,27.87,27.87,24.7,24.7,24.3,24.3,24.3,24.3,24.3,24.24,24.24,24.24,23.84,23.84,24.04,24.04,24.04,24.04,24.04,24.07,24.07,24.07,24.07,24.07,24.07,24.07,25.51,25.51
"Cabo Verde, Palmeira",,,,,,,,,,,,,,,,,,,,,,,,,,,,,,,,,,,,,,,,,,,,,,,,9.61,9.61,9.61,9.61,8.87,9.05,9.05,9.05,9.05,9.05,9.05,9.05,9.05,9.05,9.05,9.05,9.05,9.05,9.05,9.05,9.05,9.05,9.05,9.05,9.05,9.05,9.08,9.08,9.08,9.08,9.08,9.08,9.08,17.71,17.71
"Cabo Verde, Porto Grande",,,,,,,,,,,,,,,,,,,,,,,,,,,,,,,,,,,,,,,,,,,,,,,,,,,,,,,,,,,,,,,,,,,,,,,,,,,,,,,,,10.56,10.56
"Cabo Verde, Porto Novo",,,,,,,,,,9.24,9.24,9.24,9.24,,,,,,,,,,,,,,,,,,,,,,,,,,,,,,,,,,,,,,,,,,,,,,,,,,,,,,,,,,,,,,,,,,,,,
"Cabo Verde, Porto Praia",25.58,26.07,26.14,26.14,26.14,32.4,34.32,34.32,28.85,29.48,29.9,29.9,30.87,30.82,39.72,39.72,39.72,39.72,39.72,37.31,37.22,39.23,39.23,39.31,39.31,38.45,38.45,38.45,33.41,21.34,21.34,21.34,21.34,21.96,21.96,21.32,19.67,19.67,20.28,28.49,28.49,27.73,31.64,27.6,26.35,26.51,26.52,41.12,40.7,47.53,48.23,40.27,40.27,37.52,37.52,37.52,24.7,24.7,24.3,24.3,24.3,24.3,24.3,24.24,24.24,24.24,23.84,23.84,24.04,24.04,24.04,24.04,24.04,24.07,24.07,24.07,24.07,24.07,24.07,24.07,41.08,41.12
"Cabo Verde, Sal Rei",,,,,,,,,,,,,,,,,,,,,,,,,,,,,,,,,,,,,,,,,,,,,,,,9.61,18.76,21.17,21.17,21.07,21.25,17.23,17.23,17.23,17.23,17.23,17.23,17.23,17.23,17.23,17.23,17.23,17.23,17.23,17.23,17.23,17.23,17.23,17.23,17.23,17.23,17.25,17.25,17.25,17.25,17.25,17.25,17.25,24.62,24.62
"Cabo Verde, St Vincent",,,,,,,,,,,,,,,,,,,,,,,,,,,,,12.77,,,,,,,17.17,17.17,17.17,17.17,8.58,8.58,8.58,8.58,8.58,8.58,8.58,8.58,8.58,,,,,,,,,,,,,,,,,,,,,,,,,,,,,,,,,,
"Cambodia, Kampot",,,,,,,,,,,,,,,,,,,,,,,,,,,,,,,,,,,,,,,,,,,,,,,,,,,,,,,,,,,,,,,,,,,,,,,,,,,,,,,,,,13.17
"Cambodia, Sihanoukville",40.87,40.9,48.21,48.95,48.83,47.76,40.93,50.38,53.58,53.75,49.13,49.1,42.4,43.9,43.33,42.2,42.2,52.55,53.57,52.81,46.68,45.41,44.57,44.57,33.09,33.09,33.46,42.52,42.78,51.52,51.83,53.08,47.23,46.29,45.08,60.66,57.15,74.57,76.48,102.16,90.09,98.26,108.38,94.54,93.64,96.32,88.18,78.32,72.46,78.18,85.01,85.34,85.46,73.21,83.7,84.79,89.34,102.77,112.79,111.27,101.14,106.54,99.72,80.46,90.27,90,89.98,97.51,117.93,103.86,113.13,122.87,128.19,126.98,127.98,130.64,131.66,145.2,157.08,170.44,173.28,193.51
"Cameroon, Douala",164.46,159.82,158.84,157.93,154.01,162.82,155.31,162.16,163.2,169.5,177.26,173.14,180.6,171.54,159.58,164.18,164.14,160.71,170.93,155.81,174.95,166.71,162.77,175.94,147.75,161.31,166.05,186.6,178.94,171.84,160.47,158.67,152.2,151.7,157.38,148.49,141.63,119.66,122.29,108.8,126.89,130.93,139.3,140.13,138.76,132.37,128.5,118.64,128.07,126.7,118.44,118.88,113.24,114.55,117.28,111.43,107.05,111.98,100.83,103.79,108.07,107.46,112.31,111.2,111.85,105.61,103.62,104.57,104.82,104.21,101.61,104.41,104.14,100.95,95.89,96.26,95.26,95.53,95.88,95.58,95.58,89.1
"Cameroon, Kribi",,,,,,,,,,,,,,,,,,,,,,,,,,,,,,,,,,,,,,,,,,,,,,,,,31.41,86.03,94.17,91.68,88.75,54.55,54.52,54.47,53.3,69.66,86.44,87.65,80.37,75.09,78.33,66.41,66.39,66.01,66.1,67.07,68.17,70.68,67.93,67.91,78.72,71.36,74.46,73.51,76.63,152.35,155.53,154.45,165.14,172.76
"Canada, Argentia",10.85,10.85,10.85,10.21,10.21,10.21,10.18,10.18,10.18,10.18,10.18,10.18,10.18,10.18,10.18,10.18,10.18,9.67,9.67,9.67,9.67,9.67,10.19,10.82,10.82,12.27,12.27,12.27,12.27,12.27,12.27,12.27,12.27,12.27,12.27,12.27,12.27,12.94,12.94,12.94,12.94,12.94,12.94,12.94,12.94,9.92,9.92,9.92,10.52,10.46,10.46,10.47,10.44,10.44,11.32,10.47,11.32,10.47,10.47,10.47,11.32,11.35,11.35,11.35,11.35,11.35,11.35,11.35,13.88,11.35,11.76,18.98,18.98,18.94,18.94,18.94,18.91,18.91,18.91,18.91,18.91,18.91
"Canada, Bayside",9.75,9.75,9.75,9.75,9.75,9.75,9.75,9.75,9.75,9.75,9.75,9.75,9.75,9.75,9.75,9.75,9.75,9.75,9.75,,,,,,,,,,,,,,,,,,,,,,,,,,,,,,,,,,,,,,,,,,,,,,,,,,,,,,,,,,,,,,,
"Canada, Chemainus",18.22,18.22,18.22,18.22,18.22,18.22,18.22,,,,,,,,,,,,,,,,,,,,,,,,,,,,,,,,,,,,,,,,,,,,,,,,,,,,,,,,,,,,,,,,,,,,,,,,,,,
"Canada, Corner Brook",13.72,13.72,13.72,13.72,11.58,11.58,11.58,11.58,11.58,11.58,11.58,15.21,15.21,15.21,15.21,15.21,15.21,15.21,15.21,15.21,15.21,11.99,15.21,15.21,15.21,15.21,15.21,15.21,15.21,15.21,15.21,,,,,,,,,,,,,,,,,,,,,,,,,,,,22.54,22.54,22.56,22.58,22.58,21.9,21.9,22.55,22.55,21.87,27.82,27.82,22.5,21.67,21.67,22.74,22.74,22.74,22.74,25.09,25.09,25.09,25.08,25.08
"Canada, Crofton",,,,,,,,17.59,17.59,37.13,37.13,37.13,36.63,30.26,18.67,18.67,18.67,18.67,18.67,18.67,18.67,15.73,15.73,15.73,,,,,,,,,,,,,,,,,,,,,,,,,,,,,,,,,,,,,,,,,,,,,,,,,,,,,,,,,,
"Canada, Goose Bay",8.45,8.45,8.45,8.45,8.45,8.45,8.45,8.45,8.45,8.45,,,,,,,,,,,,,,,,,,,,,,,,,,,,,,,,,,,,,,,,,,,,,,,,,,,,,,,,,,,,,,,,,,,,,,,,
"Canada, Halifax",155.79,158.97,161.14,167.83,165.7,164.02,153.58,141.98,142.5,150.46,134.69,133.6,133.49,154.62,150.15,150.16,138.12,141.86,144.72,146.04,157.42,148.72,158.01,136.45,137.7,135.28,137.57,140.63,140.69,144.11,146.82,146.99,150.83,155.96,158.6,158.62,158.62,157.3,162.44,175.41,184.12,176.44,173.72,173.72,173.57,187.31,179.85,179.92,177.43,173.55,176.34,173.79,166.98,164.17,169.37,169.43,177.77,180.78,180.52,180.77,189.73,198.63,187.71,197.13,196.57,206.31,205,205.66,203.44,199.64,210.78,229.05,214.46,198.29,196.96,199.39,211.23,200.9,197.92,211.11,231.02,229.54
"Canada, Hamilton (CA)",,,,,,,,13.26,13.26,13.26,13.26,13.26,13.26,12.87,12.87,12.87,12.87,12.87,12.87,12.87,12.87,12.87,12.87,12.87,12.87,12.87,12.87,12.87,12.87,12.87,12.87,12.87,12.87,12.87,12.87,12.87,12.87,12.87,12.87,12.87,12.87,12.87,,,,,,,,,,,,,,,,,,,,,7.58,7.58,7.58,7.58,7.58,7.58,7.58,7.58,7.58,7.58,7.58,7.58,7.58,7.58,7.58,7.58,7.58,7.58,7.58,7.58
"Canada, Kitimat",,,,,,,,,,,,,,,,,,,,,,,,,,,,,,,15.82,15.82,,,,,,,,,,,,,,,,,,,,,,,,,,,,,,,,,,,,,,,,,,,,,,,,,,
"Canada, Lewisporte",8.45,8.45,8.45,8.45,8.45,8.45,8.45,8.45,8.45,8.45,,,,,,,,,,,,,,,,,,,,,,,,,,,,,,,,,,,,,,,,,,,,,,,,,,,,,,,,,,,,,,,,,,,,,,,,
"Canada, Liverpool (CA)",9.25,9.25,9.25,9.25,9.25,9.25,9.25,9.25,9.25,9.25,9.25,9.25,9.25,9.25,9.25,9.25,8.39,8.39,8.39,8.39,8.39,8.39,8.39,,,,,,,,,,,,,,,,,,,,,,,,,,,,,,,,,,,,,,,,,,,,,,,,,,,,,,,,,,,
"Canada, Matane",13.93,13.93,13.93,13.93,13.93,13.93,13.93,13.93,13.93,13.93,13.93,13.93,13.93,11.35,,,,,,,,,,,,,,,,,,,,,,,,,,,,,,,,,,,,,,,,,,,,,,,,,,,,,,,,,,,,,,,,,,,,
"Canada, Montreal",85.15,82.83,82.12,82.04,82.07,82.12,83.42,100.57,100.56,106.02,109.6,108.12,108.85,88.64,90.87,92.32,91.73,91.88,92.02,108.26,101.83,110.69,110.05,110.16,105.22,91.35,91.19,90.67,88.41,88.62,88.89,89.4,88.03,91.5,92.33,92.35,92.01,90.32,95.95,99.24,99.42,100.39,102.05,104.68,103.94,104.38,104.25,103.55,96.62,97.14,102.33,103.45,103.7,106.99,106.74,107.08,107.28,106.83,100.12,100.37,96.62,91.07,96.3,96.04,96.09,101.17,101.41,101.36,102.6,102.91,97.93,97.81,98.39,98.31,96.28,96.28,97.57,97.48,95.72,96.12,97.42,104.54
"Canada, Nanaimo",21.7,21.7,,,,,,,,,,,,,,,,,,,,,,,,,,,,,,,,,,,,17.33,17.33,,,,,,,,,,,,,,,,,,,,,,,,,,,,,,,,,,,,,,,,,,,
"Canada, New Westminster",34.42,34.42,18.22,18.22,18.22,18.22,18.22,,,,,,,18.67,18.67,18.67,18.67,18.67,18.67,18.67,18.67,,,,,,,,14.82,14.82,14.82,14.82,14.82,14.82,14.82,14.82,14.82,14.82,14.82,14.82,14.82,14.82,14.82,13.54,13.54,13.54,13.54,13.54,13.54,13.54,13.54,13.54,13.54,13.54,13.54,13.54,13.54,13.54,13.54,13.54,13.54,13.54,13.54,13.54,13.54,,,,,,,,,,,,,,,,,
"Canada, Picton (CA)",,,,,,,,,,,,,,,,,,,,,,,,,,,,,,,,,,,,,,,,,,,,,,,,,,,,,,,,,,,,,,,,9.81,9.08,9.81,9.81,9.81,9.81,9.08,9.08,9.08,9.08,9.08,9.08,9.08,9.08,9.08,9.08,9.08,9.08,9.08
"Canada, Pictou",17.78,17.78,17.77,17.77,17.77,17.77,17.77,17.77,17.77,17.77,17.77,17.77,17.77,17.77,8.39,8.39,8.39,8.39,8.39,8.39,8.39,8.39,8.39,8.39,,,,,,,,,,,,,,,,,,,,,,,,,,,,,,,,,,,,,,,,,,,,,,,,,,,,,,,,,,
"Canada, Port Mellon",,,,,,,,17.59,17.59,37.13,37.13,37.13,36.63,16.95,17.65,17.65,17.01,17.01,17.01,17.01,17.01,25.48,25.48,25.48,17.01,,,,,,,,,,,,,,,,,,,,,,,,,,,,,,,,,,,,,,,,,,,,,,,,,,,,,,,,,
"Canada, Prince Rupert",,,,,,,,37.58,37.56,49.87,68.11,65.66,65.22,64.68,59.23,59.23,58.04,67.21,67.39,67.22,67.22,72.12,72.11,59.3,59.94,59.77,58.96,66.95,63.52,63.3,65.82,82.73,93.22,94.72,63.65,71.9,68.02,70.56,74.69,103.54,92.12,100.03,102.68,100.15,100.62,75.25,87.06,88.95,93.21,100.24,100.88,107.68,113.57,97.57,97.79,98.23,98.2,104.19,92.21,97.46,96.1,95.69,76.7,67.76,99.38,121.52,98.33,95.93,103.01,91.08,90.18,107.53,106.29,95.14,85.12,83.47,102.63,100.9,101.53,98.61,94.45,88.2
"Canada, Quebec",,,,,,,,,,,,,,,,,,,,,,,,,,,,,12.87,12.87,12.87,12.87,12.87,12.87,12.87,12.87,12.87,12.87,12.87,12.87,12.87,12.87,,,,,,,,,,,,,,,,,,,,,,,,,,,,,,,,,,,,,,,,
"Canada, Saint John",32.58,32.58,33.22,33.22,33.22,33.22,33.22,40.57,40.57,40.57,40.57,40.57,43.76,41.18,12.7,12.7,12.7,12.7,12.7,13.44,13.44,13.44,13.44,14.19,14.19,14.19,14.19,14.19,14.19,14.19,14.19,14.19,14.19,14.19,14.19,14.02,14.02,14.21,31.25,31.25,31.3,31.41,33.32,34.43,36.11,25.82,26.46,26.46,26.64,41.3,40.53,38.85,38.76,51.71,51.65,52.24,52.39,44.36,43.09,43.71,43.74,32.08,32.08,31.39,30.77,39.54,39.54,38.85,43.6,48.31,63.87,63.85,63.85,63.98,63.98,63.99,82.91,69.84,66.12,66.11,71.84,71.87
"Canada, Shellburn",10.85,10.85,10.85,10.21,10.21,,,,,,,,,,,,,,,,,,,,,,,,,,,,,,,,,,,,,,,,,,,,,,,,,,,,,,,,,,,,,,,,,,,,,,,,,,,,,
"Canada, Sorel",,,,,,,,,,,,,,12.87,12.87,12.87,12.87,12.87,12.87,12.87,12.87,12.87,12.87,12.87,12.87,12.87,12.87,12.87,12.87,12.87,12.87,12.87,12.87,12.87,12.87,12.87,12.87,12.87,12.87,12.87,12.87,12.87,,,,,,,,,,,,,,,,,,,,,,,,,,,,,,,,,,,,,,,,
"Canada, Squamish",,,,,,,,,,,,,,,,,,,,,,,,,,,,,,,,,,,,,,,,17.73,17.73,16.46,16.46,22.36,22.36,22.36,22.36,22.36,10.95,10.95,10.95,10.95,10.95,10.95,10.95,10.95,10.95,10.95,10.95,10.95,10.95,10.95,10.95,10.95,10.95,,,,,,,,,,,,,,,,,
"Canada, St John's (CA)",20.59,20.61,20.61,20.61,18.47,18.47,18.47,18.47,18.47,18.47,18.47,15.21,15.21,15.21,15.21,15.21,15.21,15.21,15.21,15.21,15.21,11.99,15.21,15.21,15.21,15.21,15.21,15.21,15.21,15.21,15.21,17.7,17.7,17.7,17.7,17.7,17.7,17.7,17.7,17.7,17.7,17.7,17.7,17.7,17.7,17.7,32.1,31.46,31.46,17.7,17.7,17.7,17.7,17.7,17.7,17.7,17.7,15.15,15.15,15.15,15.15,15.15,38.46,38.44,38.53,38.54,38.53,38.53,38.53,38.5,38.5,38.5,38.5,38.67,40.59,40.85,40.98,40.98,40.98,40.98,40.98,40.98
"Canada, Toronto",,,,,,,,,,,,,,,,,,,,7.87,7.87,7.87,7.87,7.87,7.87,7.87,7.87,7.87,7.87,7.87,7.87,7.87,7.87,7.87,7.87,7.87,7.87,7.87,7.87,7.87,7.87,7.87,7.87,7.87,7.87,7.87,7.87,7.87,7.87,7.87,7.87,7.87,7.87,7.87,7.87,7.87,7.87,7.87,7.87,7.87,7.87,,,,,,,,,,,,,,,,,,,,,
"Canada, Trois-Rivieres",,,,,,,,,,,,,,,,,,,,,,,,,,17.93,17.93,17.93,12.3,12.3,12.31,12.31,12.31,12.31,12.31,12.31,,,,,,,,,,,,,,,,,,,,,,,,,,,,,,,,,,,,,,,,,,,,,,
"Canada, Vancouver (CA)",227.33,232.49,213.16,206.21,197.38,198.45,195.21,206.05,206.01,227.11,222.58,220.15,221.11,223.05,202.07,201.71,200.95,201.78,210.85,211,230.02,232.02,219.32,205.12,201.8,190.37,211.82,215.14,210.58,222.68,237.54,236.19,229.26,231.71,232.42,233.92,234.89,228.6,230.11,240.46,229.8,230.65,231.43,229.69,230.37,247.43,247.42,246.29,241.29,246.16,232.89,231.97,234.65,228.7,229.51,229.72,233.4,237.23,232.42,248,240.49,241.73,240.53,246.18,244.46,231.13,230.88,220.55,211.63,217.96,199.46,200.07,211.58,219.63,206.78,207.5,233.26,209.57,209.31,208.05,207.95,209.21
"Canada, Windsor",,,,,,,,,,,,,,,,,,,,,,,,,,,,,12.87,12.87,12.87,12.87,12.87,12.87,12.87,12.87,12.87,12.87,12.87,12.87,12.87,12.87,,,,,,,,,,,,,,,,,,,,,,,,,,,,,,,,,,,,,,,,
"Cayman Islands, George Town",21.75,21.75,25.74,25.74,25.74,25.74,25.74,25.44,18.6,18.6,18.6,18.6,18.6,25.82,25.82,25.82,25.82,25.82,18.6,18.6,18.6,18.6,18.6,26.42,19.96,19.96,19.96,19.96,19.96,19.96,19.96,19.96,19.96,19.96,19.96,19.96,19.96,12.91,12.91,12.91,13.03,13.03,13.03,13.03,13.03,13.03,13.03,13.03,13.03,12.33,12.33,12.33,18.75,18.75,18.75,18.75,18.75,18.75,18.75,18.77,18.77,18.77,18.77,18.77,18.77,18.77,18.77,18.77,18.77,18.77,18.77,18.77,18.77,18.77,18.77,18.77,18.77,18.77,16.71,16.71,16.71,16.71
"Chile, Antofagasta",64.75,78.67,71.85,76.06,71.95,58.67,64.41,58.63,61.12,84.44,84.67,75.78,83.44,104.63,110.91,116.94,119.74,114.73,100.97,100.06,101.48,80.04,100.44,97.95,102.62,126.87,103.71,94.42,95.13,95.16,95.13,95.07,112.24,111.94,113.3,118.49,116.76,117.91,115.18,91.13,89.12,91.9,89.81,80.38,80.31,96.48,96.53,96.1,96.6,118,98.24,98.16,98.24,98.63,94.87,94.92,76.88,79.69,38.82,79.55,79.55,38.78,38.73,77.55,35.74,32.42,33.58,33.44,88.37,88.6,38.07,38.82,38.82,43.11,42.35,42.35,42.35,42.35,42.32,42.32,42.27,42.88
"Chile, Arica",61.13,61.81,61.54,77.78,55.81,55.63,48.86,48.24,49.67,51.61,53.88,67.51,58.74,67.65,69.84,73.48,73.09,57.26,55.64,59.47,80.93,79.89,59.17,56.04,65.84,33.87,55.69,54.28,80.67,78.42,79.66,79.68,62.99,77.6,78.2,77.66,78.84,85.98,88.09,88.55,85.83,88.11,61.41,64.39,65.71,64.79,64.69,65.32,62.39,68.92,79.4,90.26,93.04,99.39,100.72,83.04,82.99,83.1,79.05,70.18,70.18,70.18,70.12,54.89,53.66,54.94,56.09,55.6,55.98,55.7,59.51,59.6,61.17,61.37,61.25,62.38,62.95,66.25,66.22,99.95,92.36,85.62
"Chile, Chacabuco",8.23,8.23,8.23,8.23,8.23,8.23,8.23,8.23,9.51,9.51,9.51,10.41,10.41,11.21,10.41,10.41,10.41,10.41,10.41,8.16,17.49,10.42,10.42,9.52,9.52,8.88,9.52,,,,,,,,,,,,,,,,,,,,,,,,,,,,,,,,,,,,,,11.11,11.11,11.11,11.11,11.11,11.11,11.11,11.11,11.11,11.1,11.1,11.1,11.1,11.1,11.1,11.1,11.1,11.1
"Chile, Chanaral",22.12,22.12,22.12,22.12,22.12,22.12,22.12,,,,,,,,,,,,,,,,,,,,,,,,,,,,,,,,,,,,,,,,,,,,,,,,,,,,,,,,,,,,,,,,,,,,,,,,,,,
"Chile, Coquimbo",,,,,,,,,,,,,,,,,,,,,,,,,,,,,,,,,,,,,,,,,,,,,,,,,,,,,,,,,,,,,,,,,,,,,,,,,26.89,36.38,26.89,30.13,30.06,29.79,29.79,29.79,,
"Chile, Coronel",,,,,,,,,,,,,,,43.85,44.48,44.09,44.09,43.37,32.05,32.05,32.05,32.69,32.69,33.94,43.22,41.43,41.43,41.6,74.54,73.89,73.78,73.33,67.08,67.08,67.07,77.47,77.54,74.66,74.75,83.13,83.27,74.09,74.56,74.65,77.85,91.09,91.37,91.66,99.81,100.91,106.08,106.04,106.61,105.91,109.89,109.9,110.19,108.72,110.47,110.56,109.38,110.72,110.02,107.56,108.46,108.02,111.2,112.29,112.03,109.5,111.55,119.18,121.03,104.99,105.68,106,105.93,104.62,106.04,100.38,100.49
"Chile, Iquique",103.79,110.11,105.04,105.03,115.42,119.12,114.22,106.45,103.96,112.14,121.88,122.73,122.6,115.11,115.56,107.6,108.25,135.21,115.26,135.62,135.38,142.31,135.64,154.65,137.25,144.91,137.43,152.23,136.87,142.56,141.02,140.22,139.13,147.73,149.38,147.6,139.31,142.12,134.92,131.73,118.54,109.69,112.69,114.81,114.65,107.91,105.27,105.27,105.71,140.21,110.68,110.66,110.71,110.68,107.51,102.94,94.1,94.2,92.21,95.23,95.23,95.24,95.27,84.57,86.12,85.84,86.07,94.47,95.48,96.07,97.78,97.93,106.92,107.99,107.99,108.41,108.97,114.08,114.26,123.12,116.01,116.25
"Chile, Lirquen",54.64,60.28,51.89,51.92,50.84,50.91,40.4,51.34,50.68,52.52,53.84,63.27,63.44,64.84,64.85,64.85,65.99,71.07,61.66,58.51,66.44,68.63,75.64,72.1,73.65,21.28,44.91,45.1,44.31,44.93,44.99,44.99,44.19,44.83,44.98,44.2,44.01,44.46,59.76,89.24,79.96,79.98,91.85,92.3,92.37,95.6,93.07,93.23,93.21,,84.85,82.68,82.32,82.22,81.93,86.76,86.69,86.4,85.99,86.27,86.37,86.21,51.02,86.2,86.15,85.63,85.75,89.37,88.93,88.63,92.19,93.08,101.11,113.64,113.53,104.14,92.32,102.29,101.88,102.4,94.84,94.95
"Chile, Mejillones",54.46,55.83,46.86,48.33,48.87,46.87,46.88,44.95,44.32,55.13,56.52,58.49,65.61,60.43,54.22,54.22,56.57,59.75,49.16,49.15,70.35,70.14,70.72,68.6,78.21,34.22,61.46,61.47,58.07,63.69,63.67,63.67,64.26,21.78,21.78,21.78,21.78,31.18,31.18,31.18,31.19,31.19,31.19,24.25,24.25,24.25,24.25,24.25,24.25,13.06,13.06,13.06,13.06,13.06,13.06,13.06,13.06,13.06,,,,,,,,,,12,,,72.06,64.34,64.09,51.29,50.41,52.25,52.31,56.84,56.88,63.54,51.82,56.29
"Chile, Puerto Angamos",,,,,,,,,,,,,,,,,,,,,,,,,,,,35.55,51.55,50.79,50.77,50.77,58.7,59.79,59.84,65.66,63.94,102.06,93.41,96.88,104.79,104.73,116.58,116.96,118.22,126.22,126.23,125.75,125.71,131.67,128.16,125.66,127.47,128.22,129.4,127.03,128.67,128.7,145.2,125.82,126.39,148.54,121.56,108.37,116.82,116.14,116.77,119.48,120.4,99.03,89.99,90.17,99.14,100.25,100.88,101.38,101.31,102.85,103.02,103.14,93.63,93.63
"Chile, Puerto Caldera",,,,,,,,,,,,,,,8.38,8.38,8.38,8.38,8.38,8.38,8.38,8.38,8.38,8.38,8.38,8.38,8.38,8.38,8.38,8.38,8.38,8.38,8.38,8.38,8.38,8.38,8.38,8.38,8.38,8.38,8.38,,,,24.28,24.28,24.28,24.28,24.28,24.28,13.51,13.51,13.51,13.51,,,,,,,,,,,,,,,,,,,,,,,,,,,,
"Chile, Puerto Montt",,,,,,,,,,,,,,,,,,,,,,,,,,,,,,,,,,,,,,,,,,,,,,,,,,,,,,,,,,,,,,,,,11.11,11.11,11.11,11.11,11.11,17.59,17.59,17.59,17.59,17.58,17.58,17.58,11.1,11.1,11.1,11.1,11.1,11.1
"Chile, Puerto Natales",,,,,,,,,,,,,,,,,,,,,,,,,,,,,,,,,,,,,,,,,,,,,,,,,,,,,,,,,,,,,,,,,,,,,,7.55,7.55,7.55,7.55,7.55,7.55,7.55,,,,,,
"Chile, Punta Arenas",8.23,8.23,8.23,25.4,25.4,25.4,27,27,27.28,27.28,27.28,28.18,28.18,33.35,16.7,16.7,16.7,16.7,16.7,14.75,23.79,10.42,10.42,9.52,19.97,8.88,9.52,,,,,,,,,,,,,,,,9.84,9.84,9.84,9.84,9.84,9.84,9.84,9.84,9.84,9.84,9.84,9.84,9.84,9.84,9.84,9.84,9.84,9.84,9.84,9.84,9.84,9.84,11.11,11.11,11.11,11.11,11.11,11.11,11.11,11.11,11.11,11.1,11.1,11.1,11.1,11.1,11.1,11.1,11.1,11.1
"Chile, San Antonio (CL)",129.72,147.64,137.74,131.76,119,119.9,109.61,109.63,120.33,135.99,127.06,129.26,143.28,135.58,135.35,130.31,130.33,139.75,147.31,143.64,154.83,155.12,159.6,164.85,155.48,159.27,153.86,151.04,156.05,155.58,152.72,151.88,150.16,154.25,154.96,154.34,148.27,155.96,156.63,168.18,164.96,167.92,179.3,180.08,180.36,182.89,187.12,183.47,183.95,216.58,200.06,199.77,188.92,189.96,186.94,182.68,179.42,178.18,157.35,156.21,157.23,157,155.55,157.95,165.46,163.58,178.31,179.43,190.14,189.72,194.23,194.49,201.2,204.4,202.57,197.03,185.76,208.43,214.61,222.75,222.11,218.55
"Chile, San Vicente",75.93,85.22,94.53,97.44,99.43,99.9,100.91,95.11,89.14,97.44,103.54,92.76,98.17,100.54,93.84,93.23,95.58,99.78,82.16,95.51,95.46,94.98,94.59,97.98,92.35,100.36,100.32,97.28,109.75,110.2,87.74,87.75,66.83,84.15,99.45,98.86,110.09,114.39,110.74,98.97,96.54,101.47,79.49,95.01,101.41,100.26,97.09,97.13,97.23,98.69,89.73,89.61,89.65,90.16,91.48,84.03,47.93,50.64,47.91,47.87,51.83,51.83,51.77,48.37,48.25,44.03,45.19,45.26,42.38,47.61,46.95,47.68,47.68,48.54,97.47,97.47,97.47,99.28,99.43,99.55,99.49,99.55
"Chile, Talcahuano",,,,,,15.36,15.38,15.38,15.38,15.38,15.38,15.38,,,,,,,,8.16,8.16,,,,,,,,,,,,,,,,,,,,,,,,,,,,,,,,,,,,,,,,,,,,,,,,,,,,,,,,,,,,,
"Chile, Valparaiso",107.17,108.48,105.53,106.38,123.29,128.22,124.52,125.46,125.81,135.8,131.74,117.74,115.3,119.7,124.15,124.85,126.98,130.03,116.47,137.61,139.93,140.31,133.3,130.11,135.01,117.89,119.74,120.62,116.46,120.51,123.13,123.13,123.97,124.32,118.17,138.23,148.53,143.5,151.47,142.23,124.88,125.68,105.93,95.69,108.36,114.17,136.52,138.45,138.89,128.03,135.72,119.8,119.22,120.13,98.69,91.77,90.36,93.27,93.23,71.32,71.32,91.94,101.92,104.27,101.67,93.76,106.8,115.66,120.97,121.16,126,121.66,127.57,127.71,133.08,128.05,142.77,127.01,126.3,127.67,132.04,132.13
"China, Caodeidian",,,,,,,,,,,,,,,,,,,,,,,,,,,,,,,,,,,,8.46,8.46,8.46,8.46,8.46,8.46,,,,,,,,,,,,,,,20.28,20.28,17.73,20.28,20.28,20.28,20.28,20.28,20.28,17.12,17.12,17.12,17.12,17.12,17,17.14,17.14,17.14,17.13,17.13,17.13,17.24,17.24,17.24,17.24,17.24,17.24
"China, Changshu",,,,,,,,,,,,,,,,,,,,,,,,,,,,15.51,19.47,19.47,19.47,19.47,19.47,19.47,19.47,19.47,19.47,19.47,19.47,27.7,27.7,26.43,26.43,27.07,27.07,27.07,27.07,27.07,19.47,19.47,19.47,19.47,19.47,19.47,19.47,19.47,19.47,19.47,19.47,19.47,29.8,29.18,29.18,29.18,19.47,,,,,,,20.48,20.48,20.62,20.62,20.62,20.62,20.62,20.61,20.61,20.61,20.61
"China, Changzhou",,,,,,,,,,,,,,,,,,,,,,,,,,,,,,,,,,,,,,,,,,,,,,,,,,,,,,,,,,,,,,,,15.04,15.04,15.04,15.04,15.07,15.07,15.07,15.07,15.25,15.25,15.25,15.25,15.25,15.25,15.25,15.25,15.25,15.08,15.08
"China, Chiwan",378.59,423.26,423.73,420.09,410.27,423.38,461.51,455.17,445.36,467.47,465.57,456.93,447.95,421.47,401.89,411.65,397.61,434.12,449.63,447.35,447.91,448,423.87,434.6,418.33,359.23,372.25,387.28,402.96,417.76,433.29,419.08,384.43,400.12,390.57,398.96,446.85,473.91,513.31,497.91,495.76,489.63,487.03,465.81,467.83,332.54,,,73.87,73.92,,,,,,,,,,,,,,,,,,,,,,,,,,,,,,,,
"China, Da chan Bay",,,,,,,,,50.2,62.95,47.54,56.27,59.19,87.84,122.34,129.01,140.06,156.47,181.55,185.03,159.33,163.38,177.26,147.94,139.1,112.87,119.45,144.59,144.46,135.44,141.38,132.83,121.07,123.07,131.52,132.18,129.71,142.94,165.92,156.85,137.65,162.56,161.2,179.88,173.23,133.69,150.14,165.33,170.19,139.32,149.39,131.45,133.98,137,132.8,151.63,143.29,143.06,141.95,138.45,136.02,133.68,146.22,157.98,188.13,203.49,255.52,240.66,220.71,218.73,157.95,155.7,148.58,159.25,175.27,169.89,164.53,164.87,166.29,153.46,166.66,141.66
"China, Dafeng",,,,,,,,,,,9.2,15.84,15.84,9.74,9.74,9.74,9.74,9.74,11.1,11.1,11.1,10.46,,,,9.2,8.9,9.2,17,17,17,17,17,17,9.7,9.7,9.7,9.71,9.71,9.71,,,,7.85,7.85,7.85,18.4,18.4,18.4,18.4,18.4,18.4,18.4,18.4,18.4,18.4,18.4,18.4,18.4,18.4,18.4,11.32,11.01,11.01,11.01,11.01,11.01,11.01,11.01,11.01,11.01,11.01,,,,,,,,,,
"China, Dalian",408.34,427,436.25,397.24,404.55,420.07,446.39,445.79,471.33,457.39,469.41,466.26,465.07,468.9,458.55,462.82,460.01,463.92,493.16,497.02,488.96,496.83,504.31,488.44,525.57,524.2,513.24,523.06,513.65,495.55,525.47,535.01,532.04,540.31,520.07,527.89,535.71,546.78,538.26,507.28,514,516.85,526.32,475.19,474.57,508.99,493.85,492.23,492.06,488.51,469.13,481.94,466.1,469.2,470.21,466.08,476.44,484.54,489.38,497.51,498.91,507.19,514.01,483.25,467.64,448.08,462.53,524.33,524.68,521.34,528.74,541.09,564.61,577.53,570.77,567.85,563.86,569.9,573.55,606.82,608.89,583.52
"China, Dandon",,,,,,,,,,,,,,,,,,21.72,21.72,20.35,,,,,,,,,,,,,,,,,,,,,,,,,,,,,,,,,,,11.74,11.74,20.92,20.92,20.92,20.92,20.92,11.74,,,,,15.03,15.67,,,,,,,,,,,,,,10.19
"China, Dongguan",,,,,8.66,8.66,8.66,8.66,8.66,8.66,8.66,8.66,8.66,8.66,8.66,8.66,8.66,8.66,8.66,8.66,8.66,8.66,8.66,8.66,8.66,8.66,8.66,8.66,8.66,8.66,8.66,8.66,8.66,8.66,8.66,8.66,8.66,8.66,8.66,8.66,8.66,8.66,8.66,8.66,8.66,8.66,8.66,8.66,8.66,8.66,8.66,8.66,8.66,8.66,8.66,8.66,8.66,8.66,8.66,8.66,8.66,8.66,8.66,8.66,8.66,8.66,8.66,8.66,8.66,8.66,8.66,8.66,8.66,17.02,17.02,9.65,9.65,9.65,9.65,9.65,9.65,9.65
"China, Dongjiangkou",,,,,,,,,,,,,,,,,,,,,,,,,,,,,,,,,,,,,,,,,,,,,,,,,,,,,27.55,27.55,47.03,39.71,39.71,27.55,28.82,,,,,,,,,,,,,,,,,,,,,,,
"China, Fangcheng",8.53,8.53,8.53,8.53,22.43,28.3,41.79,41.32,50.46,50.46,44.56,33.15,33.15,30.28,30.62,30.62,30.62,31.27,41.96,41.9,53.38,61.95,65.87,73.05,61.34,55.16,47.96,41.82,67.16,63.84,63.85,64.9,65.06,55.7,55.7,44.03,44.03,71.12,68.92,74.98,61.88,45.76,37.51,29.75,29.75,29.75,42.41,42.33,42.33,31.04,31.04,16.98,,,,,,,,,,,,,,,,,,,13.15,13.15,13.15,13.15,13.15,13.15,13.15,13.15,13.15,13.15,13.15,13.15
"China, Fuqing",52.72,42.39,46.74,47.15,49.69,49.69,47.11,40.57,42.84,20.05,20.05,44.38,22.94,31.98,31.98,22.94,22.94,22.94,25.23,25.23,25.23,25.23,25.23,50.89,89.97,51.51,51.51,53.02,44.37,19.37,19.37,50.43,50.43,48.61,46.63,46.22,46.22,46.22,17.55,23.45,17.55,17.55,17.55,51.52,51.5,114.39,114.32,117.88,117.88,120.43,121.09,105.62,107.45,104.79,107.66,107.48,100.87,93.38,103.96,98.71,99.96,48.93,48.88,48.87,48.87,48.87,53.39,50.9,48.83,48.83,48.69,53.68,50.93,39.1,41.62,39.04,36.51,36.51,38.96,39.1,36.37,36.37
"China, Fuzhou",117.94,122.04,148.08,137.32,137.55,137.6,140.56,139.62,131.53,133.31,133.95,154.54,164.56,184.9,192.15,197.51,194.34,197.11,190.02,212.79,226.45,241.68,247.81,230.33,231.75,228.34,217.18,218.31,230.64,245.78,247.71,225.61,213.15,212.43,222.91,236.03,216.28,220.06,244.47,244.78,249.97,232.38,200.94,210.16,202.12,156.98,160.42,167.13,172.06,178.08,183.73,183.22,171.54,174.41,182.72,183.25,175.35,150.1,138.86,139.96,146.92,156.09,196.18,201.72,225.84,209.72,211.84,206.28,208.8,197.51,183.68,180.88,153.1,152.95,137.9,127.13,127.12,131.75,128.32,128.25,128.21,137.64
"China, Guangzhou",,,,,,,,,,,,,,,,,,,,,,,,,,,,,,,,,,,,,,,,,,23.14,23.14,23.14,23.14,23.14,23.14,23.14,23.14,23.14,,,,,,,,,,,,,,,,,,,,,,,,,,,,,,,,
"China, Guangzhou (Canton)",6.51,6.51,6.51,6.51,6.51,6.51,6.51,15.79,10.07,20.9,20.9,20.9,20.9,20.9,20.9,20.9,20.9,20.9,20.9,20.9,20.9,20.9,20.9,20.9,20.9,20.9,20.9,20.9,20.9,20.9,20.9,20.9,20.9,29.57,29.57,29.57,29.57,21.22,10.07,10.07,10.07,10.07,10.07,10.07,26.15,26.15,26.15,26.15,26.15,26.15,26.15,26.15,26.15,26.15,9.89,9.89,,,,,,,,,,,,,,,,,,,,,,,,,,
"China, Haikou",21.37,21.37,9.72,9.72,9.72,9.72,9.72,9.72,17.55,17.55,17.55,18.1,9.72,,,10.58,10.58,10.58,10.58,10.58,10.58,10.58,10.58,10.58,10.58,10.58,10.58,,,10.58,21.97,17.86,25.37,26.04,26.04,26.04,,,,21.59,21.59,21.59,21.59,21.59,21.59,21.59,21.59,21.59,21.59,29.96,38.87,38.87,38.89,38.89,54.29,44.26,44.26,44.26,44.6,44.6,44.6,44.6,19.1,11.83,11.83,11.83,11.83,11.83,11.83,11.83,18.31,18.31,18.31,18.46,18.46,18.46,18.46,18.46,18.46,18.46,18.46,18.46
"China, Hong Kong SAR, Hong Kong",1631.43,1645.93,1643.15,1628.67,1620.88,1656.87,1703.2,1717.88,1700.49,1685.2,1683.87,1639.22,1576.22,1527.84,1484.44,1511.74,1473.67,1572.88,1706.22,1682.4,1696.69,1718.96,1677.9,1639.52,1573.95,1521.47,1542.39,1561.89,1531.81,1564.24,1552.41,1517.76,1466.4,1462.4,1406.32,1400.27,1413.98,1431.11,1430.22,1422.58,1400.43,1376.91,1394.76,1372.4,1377.86,1354.8,1354.87,1378.34,1392.02,1428.57,1363.13,1352.67,1323.15,1331.98,1309.14,1287.63,1287.4,1217.45,1255.86,1275.85,1284.84,1292.37,1277.12,1203.95,1214.97,1186.26,1175.51,1174.37,1179.82,1177,1151.8,1115.94,1119.63,1076.12,1072.64,1083.64,1020.42,1012.99,978.93,976,978.77,976.84
"China, Huanghua",,,,,,,,,,,,,,,,,,,,,,,,,,,,,,,,,,,,,,,,,,,,,,,,,30.52,30.54,30.54,30.54,30.45,24.37,,,,,,,,,,,,,,,,,10.46,18.73,18.73,18.45,18.45,18.45,30.06,30.06,34.86,26.37,26.37,26.37
"China, Huangpu",76.25,85.27,66.26,49.95,46.53,59.88,59.88,56.5,59.07,60.87,63.41,71.2,70.63,90.04,79.74,82.38,101.45,109.81,109.85,93.93,90.48,75.48,78.53,88.87,73.87,81.95,79.4,77.44,77.4,71.2,77.41,77.23,60.97,60.96,69.49,70.18,84.75,57.05,63.72,52.61,52.57,59.43,66.26,51.5,54.03,47.23,37.18,37.18,31.59,37.79,30.37,47.21,47.21,47.21,55.96,55.99,55.99,54.73,58.17,68.03,68.03,64.29,66.68,62.85,62.85,53.98,53.97,51.77,39.57,53.23,52.97,58.38,58.35,58.52,38.8,34.76,34.76,34.76,34.74,27.96,27.96,27.96
"China, Huizhou",,,,,,,,,,,,,,,,,,,,,,10.39,10.39,10.39,10.39,10.39,10.39,10.39,10.39,10.39,10.39,10.39,10.39,10.39,10.39,10.39,10.39,10.39,10.39,10.39,10.39,10.39,10.39,10.39,10.39,10.39,10.39,10.39,10.39,10.39,10.39,10.39,10.39,10.39,10.39,10.39,10.39,10.39,10.39,10.39,10.39,10.39,10.39,10.39,10.39,10.39,10.39,10.39,11.1,11.03,11.03,11.03,11.03,11.33,11.33,,,,,11.95,11.95,11.95
"China, Humen",,,,,,,,,,,,,,,,,,,,,,,,,,,,,,,,,,,10.8,10.8,10.8,10.39,19.07,19.07,19.07,19.07,19.07,19.07,31.01,32.61,40.36,47.8,47.8,47.84,39.69,51.22,68.97,69.08,106.33,106.53,101.61,88.55,76.31,59.71,59.71,59.71,49.5,52.92,52.92,53,53,48.25,48.25,48.25,46.34,46.98,40.32,47.84,47.57,40.51,40.51,33.61,33.61,26.83,26.83,26.83
"China, Jiangyin",,,,,,,,,,,,,,,9.65,18.37,18.65,18.66,18.66,18.66,18.66,18.66,18.66,18.66,18.66,9.11,9.11,9.11,9.11,9.11,9.11,9.11,22.3,14.51,,,,10.87,42.45,42.45,42.46,53.48,20.04,20.04,21.5,21.5,20.87,20.87,20.87,31.64,51.67,51.67,51.76,61.21,69.96,69.8,69,69,69.65,69.7,69.51,69.39,51.58,52.43,52.43,51.88,51.88,42.64,42.74,24.06,24.64,24.64,24.64,24.68,24.68,24.68,24.68,24.3,24.3,24.68,24.68,24.68
"China, Jiaxing",,,,,,,,,,11.53,11.53,11.53,11.53,11.53,11.53,11.53,11.53,11.53,11.53,11.53,11.53,11.53,11.53,11.53,11.53,11.53,11.53,11.53,11.53,11.53,11.53,11.53,11.53,11.53,11.53,11.53,11.53,,,,,,,,,,,,,,,,,,,,,,,,,,,,,,,19.56,19.56,19.56,19.56,19.56,22.77,22.75,20.23,20.22,24.28,24.28,20.22,,,
"China, Jingtang",,,,,,,,,,,,,,,,,,,,,,,,,,,,,,,,,,,,,,,,,,,,,,,,,,,,,,,,,15.99,15.99,12.37,12.37,12.37,12.37,12.37,12.37,12.37,12.37,12.37,12.37,12.37,8.99,27.43,34,34,34.19,34.19,34.19,34.19,34.19,39,42.61,42.61,42.61
"China, Jinzhou",16.89,16.89,16.89,31.41,31.41,27.34,27.34,16.96,,,,,21.56,20.02,33.43,20.72,18.23,18.23,24.22,38.93,41.3,31.35,31.4,,26.38,26.38,37.4,32.98,33.1,33.1,41.08,48.28,49.54,50.21,50.21,50.21,40.27,40.27,40.59,54.29,54.25,46.19,43.59,42.88,51.16,51.16,48.6,48.6,48.6,51.25,52.55,52.55,59.18,59.18,59.52,52.5,55.27,55.27,64.85,55.82,55.82,55.82,46.29,46.48,42.38,42.38,40.81,40.81,40.81,40.81,40.81,40.58,40.58,40.6,40.6,40.83,40.83,40.83,40.83,40.83,40.83,40.83
"China, Jiujiang",,,,,,,,,,,,,,,,,,,,,,,,,,,,,,,,,,,,,,,,,,,,,,,,,,,,,,,,,,,,,11.64,11.64,11.64,11.64,11.64,10.56,10.56,10.56,10.56,10.56,10.56,10.56,10.56,10.56,10.56,10.56,10.56,10.56,10.56,10.56,10.56,10.56
"China, Jiuzhou",,,,,,,,,,,,,,,,,,,,,,,,,,,,20.59,20.59,20.59,20.59,20.59,,,,,,,,,,,,,,,,,,,,,,,,,,,,,,,,,,,,,,,,,,,,,,,,,,
"China, Lianyungang",127.74,160.43,167.04,149.5,155.66,151.82,111.03,135.04,140.5,139.87,152.52,149.12,153.09,176.66,203.66,201.96,207.5,213.02,232.54,224.2,228.81,213.41,195.73,199.67,193.31,209.1,210.02,216.95,211.86,221.25,221.41,209.5,207.77,203.06,215.97,214.85,212.36,227.66,224.7,239.78,244.4,249.75,226.33,229.16,223.68,248.54,254.41,249.62,255.57,244.24,245.48,250.32,261.79,256.95,276.91,291.67,298.24,299.06,293.96,267.65,266.94,270.54,261.42,252.35,236.27,205.83,227.69,237.1,199.41,215.93,208.94,216.42,222.25,210.75,201.61,202.28,202.69,195.45,200.57,204.71,209.7,206.68
"China, Longkou",17.48,17.48,27.19,24.17,24.17,24.16,24.16,25.97,22.72,22.77,22.79,22.39,22.39,22.37,22.37,22.46,15.07,15.07,15.07,22.68,22.68,27.48,27.49,27.5,27.5,38.62,38.61,45.17,41.36,33.03,33.02,33.02,33.02,34.31,34.31,36.21,35.56,27.81,27.81,27.81,14.61,,,,,,,,,,,,,,,,,,,,,,,,,,,,,,,,,,,,,,,,,
"China, Mawan",19.68,19.68,19.68,19.68,19.68,19.68,19.68,19.68,19.68,,,,,,,,,,,,,,,,,,,,,,,,,,,,,,,,,,,,,,,,,,,,,,,,,,,,,,,11.32,11.32,11.32,,,,,,,,,,,,,,,,
"China, Nanjing",38.69,32.18,32.17,32.14,32.14,32.12,20.57,20.57,27.71,27.71,27.71,27.79,28.48,28.62,28.62,28.62,28.62,28.62,28.62,28.62,35.13,35.13,35.13,35.13,35.13,41.01,41.01,41.01,41.06,41.06,41.06,41.06,41.06,41.06,41.06,39.39,39.39,39.39,39.39,39.39,39.39,39.39,39.39,39.39,39.39,39.39,39.39,43.45,43.45,43.45,43.45,43.45,43.45,43.45,43.45,43.45,43.45,43.45,43.45,43.45,43.45,38.37,38.37,59.53,59.53,59.54,64.41,67.28,67.31,77.83,72.15,67.41,67.41,74.99,75.05,75.05,75.05,79.06,79.06,79.65,79.49,79.49
"China, Nansha",105.06,133.76,138.48,128.8,129.37,145.66,178.29,205.02,213.66,227.44,243.49,245.05,219.77,220.9,212.42,223.7,219.95,234.08,264.12,292.74,301.29,326.17,365.95,370.51,386.75,395.55,374.58,386.27,364.14,369.94,397.15,396.35,377.51,381.6,375.99,383.28,389.39,413.84,444.46,459.32,468.29,480.19,472.5,468.01,507.5,492.27,528.19,545.51,564.4,592.61,608.6,605,592.09,616.65,625.23,642.19,633.09,656.66,676.57,674.86,681.84,752.81,752.01,753.5,763.27,799.61,812.35,823.91,837.71,850.17,900.53,937.94,935.65,942.6,934.73,977.76,1021.97,1067.76,1036.32,1063.47,1096.35,1071.13
"China, Nantong",20.57,20.57,20.57,20.57,20.57,20.57,20.57,20.57,20.57,20.57,20.57,20.57,20.57,20.57,20.57,20.57,20.57,20.57,20.57,20.57,20.57,20.57,20.57,20.57,20.57,20.57,20.57,20.57,20.57,20.57,20.57,20.57,20.57,20.57,20.57,19.68,19.68,19.68,19.68,19.68,19.68,19.68,19.68,19.68,19.68,19.68,19.68,24.27,24.27,24.27,24.27,24.27,24.27,24.27,44.09,44.09,44.09,44.09,45.08,42.47,43.09,43.2,43.2,47.35,40.83,40.84,29.22,29.22,29.22,29.22,34.55,34.55,34.55,34.62,34.62,34.62,52.5,45.99,45.99,34.62,34.62,34.62
"China, Ningbo",719.17,759.54,785.56,789.11,803.94,882.49,913.39,936.38,947.2,976.02,1021.2,1008.18,972.65,1017.05,981.69,990.78,967.39,1022.06,1112.4,1130.23,1143.02,1242.4,1228.94,1232.86,1184.11,1211.51,1250.38,1239.72,1225.12,1283.71,1302.54,1293.21,1244.6,1256.6,1296.4,1250.1,1264.44,1303.98,1382.71,1351.57,1325.22,1328.7,1348,1326.91,1343.8,1411.46,1447.18,1465.47,1510.76,1539.37,1501.86,1498.32,1472.06,1492.98,1498.28,1479.35,1477.42,1448.94,1526.46,1540.44,1562.14,1614.51,1663.62,1671.68,1689.55,1719.22,1765.34,1779.61,1772.05,1817.23,1828.32,1858.45,1834.32,1856.55,1940.59,2049.78,2042.95,2028.33,2020.1,2056.96,2087.66,2040.69
"China, Panjin",,,,,,,,,,,,,,,,,,,,,,,,,,,,,,,,,,,,,,,,,,,,,,,,,,28.56,28.56,,21.94,21.94,,,,,,,,,,,,,,,,,,,,,,,,,,,,
"China, Qingdao",579.91,599.53,615.71,619.92,649.14,673.06,677.43,688.37,694.61,699.22,727.52,723.81,713.04,756.85,700.35,667.53,699.28,724,779.3,785.91,836.76,826.31,796.5,772.02,760.06,738.73,754.41,755.83,762.38,767.41,789.01,796.26,775.65,806.62,826.43,832.42,816.19,871.15,941.09,951.21,964.48,970.74,984.69,979.03,990.22,999.12,1033.92,1010.54,1020.75,1052.37,1059.78,1023.33,1012.84,1029.47,1082.36,1070.68,1067.39,1018.69,1022.61,1032.75,1040.05,1044.7,1088.41,1106.14,1126.6,1109.65,1163.67,1204.16,1217.66,1215.32,1215.34,1251.68,1258.84,1294.95,1318.53,1358.29,1352.11,1363.62,1367.19,1426.42,1432.23,1389.05
"China, Qinhuangdao",,,,,,,,,,12.91,12.91,10.16,10.16,16.85,10.16,25.7,49.46,49.46,54.85,51.43,51.43,62.04,56.87,62.26,58.52,50.25,26.93,53.92,33.71,34.34,34.34,34.34,32.91,32.91,32.91,33.04,33.04,33.02,33.02,33.02,33.03,48.02,45.45,47.39,31.04,31.04,45.6,53.5,53.85,51.59,50.53,41.47,30.79,23.55,24.32,24.32,23.55,23.55,,,,,,,,,,,,,,,,,14.4,14.42,14.42,14.42,14.29,14.64,14.41,14.34
"China, Qinzhou",,,,,,,,,,,,,,,,10.58,10.58,10.58,10.58,10.58,10.58,10.58,10.58,18.39,18.39,18.39,10.58,,,10.58,21.97,17.86,25.37,26.04,26.04,26.04,39.28,16.91,16.54,27.79,49.1,106.62,102.09,107.18,102.2,102.93,106.01,121.61,121.72,115.91,129.13,128.46,135.59,135.68,139.58,165.17,160.7,169.44,189.88,177.67,174.24,184.75,173.39,148.19,154.62,172.1,181.56,200.65,201.13,202.26,193.86,191.89,196.75,193.56,184.93,182.63,180.59,175.8,170.38,186.56,185.19,192.13
"China, Quanzhou",50.83,52.08,61.4,55.25,55.27,55.27,55.27,53.8,49.04,54.65,54.79,42.58,42.73,46,43.22,43.46,60.55,60.55,60.55,58.18,70.24,70.24,67.71,57.7,61.03,72.07,81.41,101.44,95.97,81.99,76.8,87.4,84.54,84.31,84.29,84.37,84.37,91.1,86.92,99.5,107.19,90.57,88.23,88.23,80.95,81.03,66.81,66.81,50.43,59.7,82.06,83.28,86.82,86.82,88.16,75.38,73,73,98.33,102.66,95.06,80.88,55.18,62.71,67.08,71.33,58.42,67.71,86.39,107.58,100.59,108.71,94.19,116.15,113.75,110.54,113.44,111.3,107.73,109.86,109.79,109.79
"China, Rizhao",22.96,22.96,22.96,23.74,23.74,23.74,23.74,23.74,23.74,14.31,14.31,24.29,21.45,20.81,16.79,16.76,16.1,16.1,16.1,20.81,20.81,20.81,18.9,18.9,18.9,32.67,32.67,36.6,36.6,36.6,32.5,32.45,32.99,34.72,34.83,34.72,34.72,41.78,40.18,57.48,57.48,66.41,63.86,75.22,64.91,64.91,66.19,75.34,64.78,69.49,88.41,103.83,98.68,104.41,106.79,91.52,91.52,90.27,85.53,89.58,96.08,96.04,103.81,80.34,79.7,85.51,98.1,105.16,111.29,122.28,127.5,128.97,135.33,139.83,138.66,127.69,132.64,133.76,125.55,118.27,114.51,114.84
"China, Shanghai",1234.65,1290.28,1283.12,1303.35,1340.16,1405.54,1473.74,1508.28,1552.14,1593.73,1629.13,1599.87,1546.18,1543.52,1519.19,1512.19,1491.6,1561.9,1701.27,1750.11,1761.15,1863.1,1799.05,1775.1,1675,1709.79,1734.43,1753.75,1723.73,1749.68,1750.89,1719.14,1670.47,1670.97,1715.08,1701.18,1709.01,1761.4,1834.64,1820.36,1783.5,1789.08,1777.59,1751.92,1754.23,1783.72,1806.19,1805.74,1834.44,1880.25,1877.59,1877.22,1860.34,1892.52,1891.16,1877.14,1851.84,1797.37,1888.87,1929.02,1974.46,2035.64,2060.48,2068.67,2039.79,2029.45,2084.37,2080.19,2041.63,2106.45,2139.01,2173.43,2169.62,2160.52,2258.95,2360.45,2383.13,2403.2,2433.97,2416.49,2420,2372.47
"China, Shantou",50.23,43.78,44.57,47.19,45.4,45.4,49.36,49.36,49.39,85.33,84.89,100.62,87.03,85.54,69.59,76.59,83.93,83.82,90.96,109.56,129.65,103.5,96.04,95.46,119.8,120.36,121.3,131.38,128.08,131.4,118.63,108.68,119.06,127.39,128.48,130.9,128.7,101.81,101.87,114.18,110.85,93.54,77.42,86.92,96.76,97.07,113.33,113.47,92.87,99.86,111.96,114.3,121.9,130.43,124.47,129.03,141.04,138.1,156.93,147.77,156.87,141.81,160.45,143.98,145.88,146.9,149.83,150.71,138.95,166.58,181.23,184.33,185.27,184.79,177.68,183.82,176.74,181.16,185.03,183.84,184.56,173.61
"China, Shekou",385.02,357.22,342.69,353.01,341.03,374.45,419.13,442.45,463.61,473.03,517.87,505.16,467.04,478.54,472.14,501.45,480.98,532.89,555.69,590.43,636.37,670.6,656.56,649.91,629.31,608.23,642.04,627.18,606.35,620,631.96,624.68,636.41,653.89,655.36,665.2,651.88,686.34,658.25,659.63,669.16,642.21,654.45,647.29,660.3,757.41,948.43,957.11,973.91,1036.64,1027.37,994.14,984.95,968.23,945.6,941.1,928.49,932.27,954.54,980.5,979.87,1011.61,1046.19,1038.93,1073.25,1068.5,1088.45,1113,1079.96,1058.98,1072.5,1083.37,1068.68,1074.23,1109.55,1156.3,1153.82,1176.3,1180.91,1194.72,1212.49,1157.85
"China, Shenzhen",13.71,13.71,13.71,13.71,13.71,13.71,13.71,13.71,13.71,13.71,13.71,13.71,13.71,13.71,13.71,13.71,13.71,13.71,13.71,13.71,13.71,13.71,13.71,13.71,13.71,13.71,13.71,13.71,13.71,13.71,13.71,13.71,13.71,13.71,13.71,13.71,13.71,13.71,13.71,13.71,13.71,13.71,8.22,8.22,8.22,8.22,8.22,8.22,8.22,8.22,8.22,8.22,8.22,8.22,8.22,8.22,8.22,8.22,8.22,8.22,8.22,,,,,13.66,,,,,,,,,,,,,,,,
"China, Shidao",18.32,14.19,14.19,14.19,14.19,14.19,21.5,28.94,22.31,22.31,14.18,28.37,28.38,19.67,19.66,22.14,28.41,28.41,28.45,26.58,30.5,23.11,13.26,13.26,,,,,,,,,,,,11.09,11.09,16.56,16.56,16.56,,,,,11.11,11.11,11.1,11.1,11.1,11.1,11.1,11.64,18.13,17.9,18.13,18.13,18.13,12.73,12.73,14.29,14.29,14.29,14.29,14.29,14.29,13.86,7.57,7.57,22.94,22.95,22.94,22.94,22.73,22.75,18.91,18.79,18.79,19.54,19.54,19.54,19.55,19.42
"China, Taicang",,,13.62,13.59,13.59,13.57,,,,,,,,,,9.08,9.08,29.95,31.76,33.05,33.05,20.12,20.12,20.12,22.71,61.26,61.26,71.35,56.36,49.72,51.83,52.76,63.97,53.73,65.7,66.58,67.91,61.14,43.39,43.39,46.12,59,59,56.67,66.1,71.33,69.21,73.67,76.19,110.05,103.55,103.87,117.49,111.76,92.9,99.03,99.03,99.03,85.63,86.28,86.27,97.06,87.01,114.43,119.08,147.88,165.29,172.53,166.33,147.71,150.36,148.6,214.48,217.37,174.97,175.03,174.4,170.23,160.86,151.82,157.01,153.42
"China, Taiwan Province of, Kaohsiung",855.4,869.41,827.09,804.61,826.07,786.46,794.7,806.63,794.34,823.29,830.65,817.22,826.27,792.57,801.68,780.28,781.47,800.34,833.81,838.71,829.55,874.03,835.38,817.39,802.2,791.9,794.3,802.52,787.11,820.54,818.9,822.56,797.43,819.44,825.6,847.76,840.72,896.21,916.4,926.31,901.15,891.01,892.52,859.41,861.8,871.93,885.98,907.67,912.79,914.94,923.9,909.5,925.5,959.48,964.08,963.82,917.97,893.84,899.78,893.92,915.6,912.31,904,882.62,874.94,876.81,874.87,859.6,864.35,890.94,878.26,876.33,883,873.41,881.55,884.27,858.51,852.09,877.41,858.91,865.72,821.61
"China, Taiwan Province of, Keelung",495.71,504.17,492.7,469.71,471.21,472.34,464.87,450.72,449,445.97,450.07,434.81,435.27,400.21,409.08,417.67,413.86,430.24,419.09,426.92,418.88,428.41,415.84,410.14,409.41,401.79,407.02,389.89,389.54,382.01,364.99,370.46,371.73,370.93,379.9,356.98,370.4,376,372.73,385.87,383.94,376.56,357.73,346.39,326.14,332.22,329.22,332.51,333.5,331.16,331.77,328.22,324.58,328.33,317.14,317.21,312.28,313.22,315.69,315.9,315.87,314.85,315.49,332.54,332.19,334.57,329.4,342.99,346.32,342.95,332.91,331.57,332.62,336.57,335.33,329.81,329.77,330.14,330.11,322.65,311.38,308.73
"China, Taiwan Province of, Mai-Liao",,,,,,,,,12.73,12.73,12.73,12.73,12.76,10.24,10.24,19.36,28.36,21.5,21.54,21.54,10.24,25.15,25.15,25.15,25.15,25.15,25.15,25.15,29.92,28.01,32.79,25.42,25.42,17.5,,,,,,,,,,,,,,,,,,,,,,,,,,,,,,,,,,,,,,,,,,,,,,,,
"China, Taiwan Province of, Taichung",289.7,284.97,264.09,250.47,260.72,253.96,260.72,258.46,260.29,256.59,248.56,257.17,272.7,280.44,283.24,293.53,290.37,295.56,306.35,303.91,312.25,319.9,302.22,297.72,282.74,277.09,272.03,282.18,266.91,272.99,262.76,260.26,262.96,256.33,272.07,271.55,277.75,309.78,310.51,311.67,320.97,323.08,330.19,334.57,329.15,313.61,313.64,310.59,309.84,309.53,309.99,307.39,304.05,321.48,322.07,322.92,313.95,313.96,323.85,327.78,325.34,325.64,326.77,320.77,317.75,316.04,310.93,309.25,314.25,318.8,322.84,323.13,317.99,319.52,282.43,278.77,279.94,275.74,275.59,267.25,254.96,257.4
"China, Taiwan Province of, Taipei",,,,,,,,,,,,,15.39,129.66,160.08,149.92,139.77,144.82,147.69,156.76,161.61,153.48,167.49,180.92,187.68,194.5,196.93,196.85,180.78,182.22,188.13,189.9,184.71,188.9,206.07,209.69,219.55,217.22,213.76,203.32,211.6,231.45,229.92,232.05,231.91,236.5,236.92,237.42,237.81,245.67,245.88,250.85,282,285.12,284.48,273.66,277,270.63,273.74,273.42,271.73,277.79,304.17,272.05,278.01,278.15,283.79,281.8,290.42,294.25,302.43,305.84,291.3,273.32,278.31,279.86,283.06,279.32,275.92,277.17,278.05,284.7
"China, Taizhou",,,,,,,,,,,,,,,,,,,,,,,,,,,,,,,,,,,,,,,,,,,,,,,,,,,,,,,,,,,,,,,,,,,,,,12.95,12.95,12.95,11.3,11.3,11.3,,,,,,,
"China, Tangshan",,,,,,,,,,,,,,,,24.07,30,30,28.5,38.51,38.51,38.51,48.14,39.36,33.91,26.38,37.4,32.98,33.1,33.1,33.1,33.1,33.1,33.1,33.1,33.1,33.1,33.1,33.56,50.4,50.35,50.42,47.83,60.01,60.08,49.47,65.51,65.51,63.57,56.03,58.27,58.82,58.14,69.73,63.57,52.79,52.79,52.79,55.82,55.82,55.82,48.73,41.44,36.52,36.45,36.45,36.45,36.45,36.45,51.48,28.08,17.43,17.43,17.43,17.43,17.43,,,,,,
"China, Tianjin",38.67,27.83,27.83,27.83,27.83,27.83,27.83,20.47,20.47,20.47,20.47,20.47,20.47,20.47,20.47,20.47,20.47,20.47,20.47,20.47,20.47,20.47,20.47,38.89,62.11,63.7,63.7,47.1,47.13,38.87,38.87,20.47,20.47,20.47,20.47,38.76,38.76,38.76,35.16,35.16,35.16,20.47,10.22,10.22,10.22,10.22,10.22,10.22,10.22,10.22,10.22,10.22,10.22,10.22,,,,,,,,,,,,,,,,,,,,,,,,,,,,
"China, Weifang",,,,,,,,,,,,,,,,,,,,,,,,,,,,,,,,,,,,,,,,,,,,,,,,,,,,,,,15.95,15.95,15.99,15.99,12.37,12.37,12.37,12.37,12.37,12.37,12.37,12.37,12.37,12.37,12.37,18.4,24.18,23.31,23.31,23.14,32.52,32.52,32.52,32.52,32.52,36.11,36.11,36.11
"China, Weihai",,,,,,,,,,,,,,,,,,,,,,,,,,,,,8.99,8.99,8.99,8.99,18.78,27.61,37.98,41.85,32.45,31.82,31.82,31.82,31.82,29.23,29.23,29.23,29.23,29.23,29.23,29.23,29.23,29.87,29.87,29.87,29.87,29.87,38.39,38.39,38.39,38.39,36.42,36.42,36.42,36.42,37.48,37.48,37.48,37.43,37.43,37.43,37.47,37.41,37.41,37.41,37.41,37.42,37.42,37.42,37.42,37.45,37.45,37.45,37.45,37.45
"China, Weitou",,,,,,,,,,,,,,,,,,,,,,,,,,,,,,,,,,,,,,,,,,20.79,20.79,20.79,20.79,20.79,20.79,20.79,20.79,20.79,,,,,,,,,,,,,,,,,,,,,,,,,13.16,13.16,13.16,13.16,,,,
"China, Wenzhou",,,,,,10.26,10.26,16.81,16.81,8.82,8.82,8.82,8.82,9.44,9.44,9.44,16.58,16.58,16.58,16.58,21.2,21.2,21.2,21.2,22.47,22.47,22.47,22.47,22.47,22.47,14.05,14.05,14.05,8.61,8.61,,,,,,,,,,,19.45,21.3,21.3,21.3,,14.11,14.11,29.14,29.17,40.53,40.16,29.82,27.22,38.86,38.84,38.8,38.64,38.43,38.43,38.46,45.31,45.3,45.28,60.65,67.4,62.11,62.74,61.33,61.23,59.15,58.26,59.58,50.1,50.69,50.82,60.7,44.66
"China, Wiehai",31.39,21.43,24.02,24.02,24.02,20,20,26.28,31.54,31.54,31.54,31.51,24.93,41.82,41.82,41.28,50.97,50.97,45,51.2,51.2,51.2,51.2,51.13,51.13,50.08,50.09,50.09,50.09,50.09,50.09,50.09,50.09,42.05,35.91,36.25,36.25,36.25,25.03,25.03,25.03,25.15,18.6,18.6,18.6,18.6,18.6,18.6,18.6,19.03,19.03,19.03,19.03,19.03,19.03,19.03,19.03,19.03,19.03,19.03,19.03,11.81,11.81,11.81,11.81,11.81,11.81,11.81,11.81,11.81,11.81,11.81,11.81,11.81,11.81,11.81,11.81,11.81,11.81,11.81,11.7,11.7
"China, Wuhan",,,,,,,,,,,,,,,,,,,,,,,,,,,,,,,,,,,,,,,,,,,,,,,,,,,,,,,,,,,9.9,9.9,20.15,20.15,20.15,20.15,20.15,19.08,19.08,19.08,19.08,19.08,19.08,19.08,19.08,19.08,19.08,19.08,19.08,19.08,19.08,19.08,19.08,19.08
"China, Xiamen",502.87,513.28,506.5,507.22,523.49,518.2,533.6,530.44,550.97,554.68,598.41,564.91,537.06,558.17,566.56,581.77,603.41,608.03,651.28,680.67,694.82,716.74,696.6,704.11,703.73,630.48,654.46,664.79,661.44,679.49,667.94,679.01,645.07,672.29,662.45,658.75,675.86,678.29,679.1,716.82,706.89,717.33,715.15,707.69,695.14,707.68,719.36,744.22,766.81,788.4,764.98,811.96,811.28,827.34,816.92,823.77,802.53,825.66,823.07,809.97,833.43,841.18,841.76,832.67,824.45,839.41,845.86,847.25,871.13,884,894.16,911.58,902.65,891.25,908.03,926.07,915.26,903.73,932.14,916.23,925.55,900.05
"China, Xingang",442.08,443.56,461.02,442.99,468.36,497.76,534.76,550.69,557.31,567.38,593.28,544.83,533.5,558.57,560.42,562.68,546.8,583.89,637.54,637.41,660.22,619.57,607.35,601.6,599.64,624.59,609.87,673.81,648.31,659.54,665.59,666.23,648.37,644.2,655.79,660.64,626.58,618.65,622.67,652.84,652.11,657.02,680.33,673.01,687.09,711.39,720.53,712.82,728.8,745.03,735.47,734.12,721.24,721.91,703.94,701.42,695.55,681.53,654.11,667.44,655.11,701.64,706.87,671.55,646.03,611.45,632.6,636.66,643.2,693.75,695.36,712.34,704.2,707.95,731.38,744.04,757.3,761.86,789.65,800.17,788.02,767.16
"China, Xinsha",,,,,,,,,,,,,,,,,,,,,,,,15.02,15.02,15.02,15.02,15.02,15.02,15.02,15.02,15.02,,,,,,,,,,,,,,,,,,,,,,,,,,,,,,,,,,,,,,,,,,,,,,,,,,
"China, Yangpu",,,,,,,,,,,,,,,,,,,,,,,,35.15,29.98,30.04,32.81,35.67,31.71,24.55,24.55,24.55,,,,,,13.64,,,,,,,,,17.91,17.84,17.84,22.35,22.35,22.35,22.37,22.37,66.04,61.45,75.25,76.19,88.82,96.6,90.16,82.83,90.95,78.64,72.27,65.08,70.63,70.63,66.64,68.12,51.56,61.1,52.84,52.81,52.81,65.4,71.79,142.18,156.82,169.35,173.58,185.24
"China, Yantai",65.83,62.34,53.82,53.82,53.82,53.82,66.78,81.41,95.6,104.81,77.95,81.79,134.56,126.59,40.24,50.84,46.86,46.86,46.88,51.82,51.84,51.84,75.68,74.96,46.48,58.49,52.23,98.93,97.44,101.61,104.33,92.31,92.25,88.95,86.86,86.5,86.44,111.49,111.49,92.07,93.5,93.84,91.26,103.44,102.89,92.28,107.22,107.16,110.85,108.44,104.18,101.73,106.91,107.02,96.2,101.96,106.88,106.88,96.2,96.07,95.93,105.91,118.51,107.99,101.31,101.4,101.02,151.85,155.87,157.09,157.07,158.11,158.1,158.16,174.2,165.54,165.54,173.83,173.83,173.91,173.91,173.96
"China, Yantian",563.3,589.36,591.57,580.3,575.55,621.29,627.06,628.86,621.75,647.42,641.15,615.46,557.09,582.87,634.02,603.81,580.55,647,686.52,726.57,706.31,813.59,807.5,773.05,740.15,710.83,750.44,763.87,727.97,736.12,727.18,732.08,699.55,702.56,713.4,691.76,721.53,707.24,725.6,702.43,716.55,724,726.67,712.5,703.56,764.94,784.33,780.46,763.14,784.11,781.99,777.48,736.73,708.03,715.76,717.7,710.14,693.04,730.51,765.58,804,830.47,815.02,816.67,794.31,800.03,827.55,816.11,784.58,783.68,786.82,780.42,790.26,778.78,823.82,837.67,839.26,809.44,816.65,811.03,811.27,795.38
"China, Yingkou",49.07,49.07,49.07,47.99,47.99,57.8,55.22,49.97,51.92,43.89,44.51,45.44,41.7,49.38,62.48,61.84,63.14,63.14,65.76,67.36,80.06,59.78,66.84,68.11,92.15,104.11,102.2,100.29,105.17,107.2,110.95,112.82,105.75,100.56,100.56,109.68,99.84,91.02,92.2,96.29,96.25,74.32,77.38,84.39,84.83,84.83,79.65,78.48,88.1,95.99,97.28,99.99,109.94,107.58,105.9,113.18,117.81,117.81,117.47,113.23,113.23,119.45,101.51,98.25,99.46,101.43,93.08,94.06,94.79,101.32,98.07,97.59,97.54,104.04,96.53,96.53,96.53,98.45,98.45,98.45,98.45,98.45
"China, Zha Pu",,,,,,,,,,,,,,,,,,,,,,11.55,11.55,11.55,11.55,,,,,,,,,,,,,,,,,,,,,,,,,,,,,,,,,,,,,,,,,,,,,,,,,,,,,,,,,
"China, Zhangjiagang",27.73,20.57,20.57,20.57,20.57,20.57,20.57,20.57,27.71,27.71,39.58,39.61,28.48,28.62,38.13,38.13,38.13,39.1,39.1,39.17,45.68,45.67,45.78,45.78,45.78,51.67,51.67,51.67,51.71,41.06,41.06,41.06,41.06,41.06,41.06,39.39,39.39,39.39,39.39,39.39,39.39,39.39,39.39,39.39,39.39,39.39,46.65,50.72,50.72,50.72,50.72,50.72,50.72,50.72,50.72,50.72,50.72,50.72,56.61,56.61,57.23,52.15,52.15,55.67,49.15,49.15,49.15,49.15,49.15,49.15,49.15,49.15,49.15,49.22,49.28,49.28,49.28,49.28,49.3,49.3,49.3,49.3
"China, Zhangzhou",,,,,,,,14.5,14.5,16.16,16.16,17.35,17.5,14.54,25.28,25.51,35.81,35.81,25.51,24,25.53,25.53,22.32,22.18,22.32,38.14,38.14,50.78,41.75,33.19,33.19,33.19,25.37,25.38,25.38,25.38,25.38,27.12,27.12,43.6,43.55,40.39,37.85,37.96,32.87,32.87,25.64,25.64,25.64,39.15,39.15,29.12,43.39,43.39,26.26,26.27,33.83,33.83,33.82,33.82,33.82,33.82,23.82,26.39,34.97,34.97,21.09,21.09,21.09,29.84,29.84,24.85,24.41,24.56,21.99,21.99,21.99,21.99,21.99,21.99,21.99,21.99
"China, Zhanjiang",9.72,9.72,9.72,9.72,9.72,14.21,14.21,14.21,23.35,20.14,20.14,21.65,21.67,25.73,22.33,11.85,9.33,9.33,9.33,9.33,9.33,24,24,26.55,18.74,25.05,25.05,22.49,22.49,22.49,23.01,23.65,37.43,44.29,44.29,44.32,62.59,63.89,74.88,74.87,65.2,64.41,61.82,65.24,76.09,79.27,82.22,75.3,83.7,85.72,85.19,83.29,75.02,75.02,72.24,78.25,82.87,82.9,66.72,66.72,59.54,59.43,46.73,60.13,58.87,68.93,64.48,67.73,67.75,61.2,62.06,65.57,74.2,74.1,74.02,74.02,74.11,65.53,65.53,65.68,64.35,64.53
"China, Zhapu",,,,,,,,,,,,,,,,,,,,,,,,,,,,,,,,,,,,,,,,,,13.78,13.78,13.78,,,,,,,,,,,,,,,,,,,,,,,,,,20.66,20.66,20.66,9.53,,,,,16.95,16.99,43.54,45.65,56.16
"China, Zhenjiang",,,,,,,,,,,,,,,,,,,,,,,,,,,,,,,,,,,16.46,17.1,17.1,17.1,,,,,,,,,,,,,,,,,,,,,,,,,,,,,,11.64,11.64,11.64,11.64,11.64,11.64,11.64,11.64,11.64,11.64,11.64,11.64,11.64,11.64,11.64
"China, Zhousan",,,,,,,,,,,,,,,,,,,,,,,,,,,,,,,,,,,,,,,,,,,,,,,,,,,,,,,,,,,,,,,,15.04,15.04,15.04,15.04,27.68,20.69,20.69,37.17,20.87,20.87,20.88,20.88,20.88,20.88,20.88,28.33,28.33,28.16,28.16
"China, Zhuhai",,,,,,,,,,,,,,,,,,,,,,,,,,,,,10.92,10.92,10.92,31.18,31.38,24.49,24.49,24.49,46.71,47.17,50.38,50.38,43.7,60.89,58.32,62.92,64.37,73.43,62.37,62.32,68.6,85.38,93.16,81.5,81.55,80.92,79.63,79.63,69.38,69.38,51.23,58.37,58.37,55.48,48.18,41.36,47.44,32.08,32.08,40.2,40.2,40.2,40.2,40.2,74.96,74.9,66.14,66.14,66.14,66.14,67.17,67.17,67.17,67.17
"Christmas Island, Flying Fish Cove",,,,,,,,,,,,,,,,,,,,,,,,,,,,,,,,,,,,8.28,8.28,,,,,,7.42,7.42,7.42,7.42,7.42,7.42,7.42,7.42,7.42,7.42,7.42,7.42,7.42,7.42,7.42,7.42,7.42,7.42,7.42,7.42,7.42,9.1,9.1,9.1,9.1,9.1,9.1,9.1,9.1,9.1,9.1,9.08,9.08,9.08,9.08,9.08,9.08,9.08,9.08,9.08
"Cocos (Keeling) Islands, Port Refuge",6.44,6.44,6.44,6.44,6.44,6.44,6.44,,,,,,,,,,,,,,,,,,,,,,,,,,,,,,,,,,,,,,,,,,,,,,,,,,,,,,,,,,,,,,,,,,,,,,,,,,,
"Colombia, Barranquilla",91.14,85.63,86.3,78.77,76.92,76.92,71.17,75.28,82.8,91.04,95.86,97.57,104.9,100.65,107.4,108.29,108.26,108.27,115.98,115.54,112.23,104.8,105.83,102.46,109.44,95.67,84.96,94.6,104.93,101.56,101.53,98.72,92.82,98.91,108.36,108.36,108.56,117.94,112.12,105.29,105.37,120.03,137.2,108.53,104.92,106.79,113.83,113.21,104.15,106.88,108,108,103.82,107.38,108.82,85.47,91.79,91.86,92.2,78.33,78.33,78.33,78.49,74.62,82.56,81.92,81.94,77.14,83.94,75.87,68.92,62.59,81.44,82.13,75.81,75.81,75.96,75.98,69.57,71.03,77.93,63.08
"Colombia, Buenaventura",157.06,165.63,152.5,144.46,139.63,139.18,145.47,152.44,150.96,136.48,158.35,161.74,165.43,164.22,160.85,161.3,160.47,156.59,174.07,179.75,173.82,178.19,173.54,171.03,167.99,170.11,159.06,162.83,168.02,177.7,174.5,168.99,156.33,179.4,183.82,183.31,185.61,186.46,221.95,232.89,216.69,216.72,219.27,212.36,212.17,210.69,216.16,216.76,217.23,220.13,194.41,183.52,189.11,190.37,182.45,184.79,182.95,179.04,175.99,183.3,181.02,185.12,193.68,192.37,183.38,189.67,204.68,209.29,213.3,220.59,225.03,218.4,228.55,228.61,242.06,240.31,236.78,248.06,245.78,243.43,235.07,217.48
"Colombia, Cartagena (CO)",244.86,258.85,234.21,231.97,207.36,238.69,247.72,267.37,265.63,263.36,267.13,267.26,291.5,310.12,302.5,276.51,279.25,286.54,295.45,292.23,303.93,293.81,285.19,272.39,287.8,280.51,273.76,285.09,287.71,274.63,299.49,287.95,292.1,283.93,292.76,296.8,309.2,302.67,293.77,306.06,321.22,332.69,348.47,327.82,322.02,321.14,322.63,321.95,316.35,321.54,306.1,316,319.92,320.59,355.71,339.48,314.81,339.95,345.02,357.36,359.72,349.3,350.22,339.58,342.58,342.38,324.83,329.22,356.46,349.71,336.83,348.56,351.78,360.99,359.71,362.44,371.2,386.48,393.1,405,411.69,413.09
"Colombia, Leticia",,,,,,,,,,,,,,,,,,,,,,,,,,,,10.27,10.27,10.27,10.27,12.2,12.2,12.2,12.2,12.2,12.2,12.2,12.2,12.2,12.2,12.2,12.2,12.2,12.2,12.2,12.2,12.2,12.2,12.2,12.2,12.2,12.2,12.2,12.2,12.2,12.2,12.2,12.2,12.2,12.2,12.2,12.2,12.2,12.2,12.2,12.2,12.2,12.2,12.2,12.2,12.2,12.2,12.2,12.2,12.2,12.2,12.2,12.2,12.2,12.2,12.2
"Colombia, Puerto Bolivar (CO)",,,,,,,,,,,,,,,,,,,,,,,,,,,,8.48,22.96,8.48,8.48,8.48,8.48,8.48,8.48,8.48,8.48,8.48,8.48,8.48,8.48,,,9.69,22.42,22.42,9.69,9.69,9.69,28.98,28.98,29.58,29.6,10.62,10.6,10.33,10.33,,,15.31,15.31,15.31,15.89,15.64,14.37,14.27,15.51,,,,,,,,,,,,,,,
"Colombia, San Andres",,,,,,,,8.88,8.88,8.88,8.88,8.88,8.88,8.88,8.88,8.88,8.88,8.88,8.88,8.86,8.23,8.23,8.23,8.25,8.25,8.25,8.25,8.25,8.25,8.25,8.65,8.65,8.44,8.44,8.44,8.44,8.44,8.44,8.44,8.44,8.67,8.67,8.67,8.67,8.67,8.67,8.67,8.67,8.67,8.67,8.67,8.67,8.67,8.67,8.67,8.67,8.67,8.67,8.67,8.45,8.45,8.45,8.45,8.45,8.45,8.45,8.45,8.45,8.45,8.45,8.45,8.45,8.45,8.45,8.45,8.45,8.45,8.45,8.45,8.45,8.45,7.81
"Colombia, Santa Marta",92.35,99.81,92.13,87.26,96.87,97.55,96.4,95.15,101.4,101.96,80.78,81.44,80.93,87.09,87.75,87.75,74.52,88.1,87.57,87.64,75.64,75.65,82.03,87.86,98.19,97.22,101.95,91.49,97.08,87.48,93.07,100.35,102.85,101.04,101.68,95.87,96.53,96.92,96.92,108.83,103.47,115.75,113.28,95.12,93.35,93.31,94.59,102.28,99.04,94.55,96.82,94.27,105,110.47,137.17,118.31,120.97,114.35,114.58,109.5,110.13,109.55,117.08,122.59,113.25,108.75,108.75,108.75,115.35,109.26,110.29,109.46,124.24,116.87,110.55,110.55,110.65,110.67,107.66,102.49,119.83,114.28
"Colombia, Tolu",,,,,,,,,,,,,,,,,,,,,,,,,,,,10.27,10.27,10.27,10.27,12.2,12.2,12.2,12.2,12.2,12.2,12.2,12.2,12.2,12.2,12.2,12.2,12.2,12.2,12.2,12.2,12.2,12.2,12.2,12.2,12.2,12.2,12.2,12.2,12.2,12.2,12.2,12.2,12.2,12.2,12.2,12.2,12.2,12.2,12.2,12.2,12.2,12.2,12.2,12.2,12.2,12.2,12.2,12.2,12.2,12.2,12.2,12.2,12.2,12.2,12.2
"Colombia, Turbo",,,,,,,,,11.15,11.15,11.15,11.15,11.15,21.5,21.5,21.5,21.5,21.5,21.5,28.56,28.56,28.56,28.56,28.56,28.56,28.56,36.27,29.81,29.81,34.16,34.16,27.22,27.22,19.98,19.98,19.98,53.06,74.84,74.21,66.01,69.61,82.31,91.78,81.78,93,92.36,92.36,93.1,87.95,100.53,101.74,100.47,88.8,88.8,75.08,82.75,74.02,75.23,76.03,75.37,75.37,75.49,65.3,60.53,75.42,71.35,71.35,71.35,70.76,70.76,70.76,70.12,76.38,76.61,74.03,73.8,73.8,73.8,67.52,64.44,120.67,117.8
"Comoros, Moroni",,,,,,,,,,,,,,,,8.4,7.49,16.58,19.61,24.62,24.62,24.1,24.1,24.1,24.1,27.84,27.84,27.84,36.75,31.56,31.65,31.98,31.98,31.98,39.57,37.99,37.99,37.99,37.99,38.96,37.06,36.67,37.93,37.66,30.76,30.14,30.07,30.07,30.07,29.52,29.5,30.47,32.82,33.26,33.26,33.26,37.34,36.27,30.52,28.42,28.43,28.43,24.07,24.04,18.35,17.79,17.79,20.42,20.74,27.18,16.81,20.48,20.48,22.05,16.06,16.06,16.72,16.72,16.72,16.72,16.72,16.72
"Comoros, Mutsamudu",25.32,22.73,23.79,25.01,25.03,25.03,24.55,24.55,10.41,10.41,10.41,10.41,22.76,26.95,37.18,30.49,24.16,24.16,38.59,42.12,40.15,43.75,43.75,43.75,43.75,44.12,44.12,43.79,43.16,38.61,38.7,39.03,39.03,39.03,39.03,43.76,43.76,43.76,43.76,44.11,44.11,43.72,43.71,37.66,30.76,30.14,30.07,33.17,33.17,32.63,32.61,34.2,36.56,37,37,37,41.07,40.01,34.26,32.16,32.16,32.16,28.45,28.41,22.72,22.16,22.17,24.79,25.11,25.11,22.57,25.72,25.72,25.73,25.73,25.73,25.73,25.73,25.73,25.73,25.73,26.23
"Congo, Pointe Noire",111.01,121.6,117.02,120.32,115.57,124.02,125,135.7,143.3,149.81,149.52,149.66,142.06,143.36,126.68,126.24,104.93,108.25,107.34,115.55,125.15,143.94,142.24,137.86,139.49,143.69,163.96,150.71,153.81,156.02,167.09,166.17,173.13,168.63,167.62,158.03,158.2,152.31,153.37,143.76,155.51,169.23,166.13,168.35,179.07,178.42,175.75,168.01,162.75,158.71,152.88,146.56,142.93,158.15,157.62,163.11,169.16,169.68,172.29,158.8,150.77,139.85,139.84,139.64,129.88,126.99,127.81,136.71,182.56,186.63,188.03,195.87,201.19,206.8,190.45,192.62,204.73,188.47,179.41,198,200.59,200.01
"Cook Islands, Aitutaki",,,,,,,,,,,,,,,,,,,,,,,,,,,,7.82,9.09,8.46,16.33,16.33,16.33,16.33,16.33,16.33,16.33,16.33,16.33,16.97,16.97,11.37,11.19,11.19,11.2,11.2,11.2,11.2,11.2,11.03,11.2,11.2,11.2,11.2,11.2,11.2,14.79,14.79,14.79,15.38,15.38,15.38,15.38,15.38,15.38,15.38,15.38,15.38,11.9,11.9,11.9,11.9,11.9,11.96,11.96,11.96,11.96,11.96,11.96,11.96,11.96,11.96
"Cook Islands, Rarotonga",6.12,6.12,6.12,6.12,6.12,6.12,6.12,,,8.74,8.74,6.8,6.8,6.8,12.5,12.5,12.5,12.5,13.23,13.23,13.23,13.23,13.23,13.23,13.23,13.23,13.23,26.48,18.76,18.13,23.45,23.45,23.45,23.45,23.45,23.45,23.45,23.45,23.45,24.09,24.09,17.31,16.49,16.49,16.5,16.5,16.5,16.5,16.5,16.33,16.5,16.5,16.5,16.5,16.5,16.5,19.45,19.45,19.45,20.05,20.05,20.05,20.05,20.05,20.05,20.05,20.05,20.05,16.57,16.57,16.57,16.57,16.57,16.63,16.63,16.63,16.63,16.63,16.63,16.63,16.63,16.63
"Costa Rica, Caldera",54.87,62.41,65.93,65.99,66.22,75.44,75.54,69.65,72.61,78.09,71.14,65.73,68.32,66.28,49.52,47.74,50.06,58.8,71.54,65.04,67.25,38.38,42.22,51.71,51.71,48.73,49.36,45.6,42.74,42.38,42.13,30.96,30.96,30.96,46.38,46.4,46.4,37.28,37.28,37.28,38.01,45.25,46.11,45.7,28.38,28.38,50.6,50.6,50.6,50.6,62.48,62.48,61.84,61.84,61.84,64.59,56.74,56.74,58.88,54,54,60.23,57.63,58.81,62.11,62.17,59.99,59.99,57.48,65.83,66.27,70.67,73.31,70.26,70.74,71.05,77.71,71.21,73.63,73.54,65.31,65.31
"Costa Rica, Limon",167.4,165.88,169.49,173.58,171.99,160.04,156.34,159.54,168.68,151.78,145.34,160.55,186.92,198.83,207.62,200.47,208.07,205.17,210.03,205.97,210.22,212.96,202.56,199.27,208.66,197.53,202.18,193.96,196.82,195.5,197.92,202.99,199.99,196.78,199.38,193.36,177.98,192.52,198.6,193.28,190.86,166.88,176.32,159.34,156.35,143.11,139.26,132.27,137.21,132.75,143.6,144.22,130.85,131.02,135.49,117.18,109.56,109.58,109.62,110.08,110.62,110.62,110.66,101.73,101.71,127.19,110.58,110.54,123.52,117.66,82.55,82.56,82.74,82.77,84.26,85.33,85.17,84.85,72.59,75.31,60.29,60.69
"Costa Rica, Moin",,,,,24.49,24.49,35.13,31.65,31.72,40.19,40.19,40.53,19.98,20.61,20.61,20.61,19.98,29.13,23.7,23.7,11.17,11.17,26.94,27.03,44.36,36.66,40.82,41.47,40.67,48.8,48.8,47.9,47.9,50.45,55.55,55.55,56.62,43.76,44.4,53.88,53.25,68.2,79.72,78.06,82.43,103.47,103.45,111.76,94.88,88.99,67.31,67.31,80.14,80.12,105.18,120.92,128.67,126.14,142.38,142.64,138.16,134.26,118.66,118.04,112.33,113.25,114.11,113.98,113.92,118.84,153.07,150.55,127.69,157.16,147.15,151.1,144.56,149.59,145.19,138.74,147.46,147.71
"Cote d'Ivoire, Abidjan",179.82,190.63,196.25,190.1,181.68,165.42,162.71,173.67,187.97,199.72,215.71,207.9,218.67,217.13,218.95,215.54,220.46,228.06,240.92,225.87,233.88,216.01,200.75,213.49,173.48,179.76,197.84,189.38,200.09,208.79,202,203.57,196.87,209.05,206.12,199.24,188.64,209.87,200.02,190.67,175.56,175.18,169.04,166.04,164.78,155.32,153.38,139.18,138.88,134.96,137.55,140.34,130.14,128.35,136.2,138.98,138.81,137.99,147.23,154.35,158.46,159.82,159.59,145.2,152.42,151.3,146.93,196.16,201.37,221.08,231.55,230,226.57,234.83,226.59,232.29,260.77,301.75,305.59,308.23,315.53,337.64
"Cote d'Ivoire, San Pedro (CI)",69.35,63.56,63.27,69.76,61.36,60.57,58.74,54.45,55.04,53.76,53.73,52.78,63.78,74.07,57.88,57.25,68.22,70.07,60.28,55.18,55.18,37.74,42.91,51.58,41.84,28.93,33.14,56.15,65.97,52.84,48.1,58.16,63.43,74.94,68.68,77.35,71.96,68.3,74.37,72.15,74.84,76.68,73.4,79.65,72.49,72.82,69.17,80.26,78.73,78.75,81.21,73.55,70.89,70.81,72.31,81.17,78.81,77.45,80.36,70.41,72.42,74.4,74.07,72.49,73.27,72.44,72.67,73.56,47.11,47.03,43.53,43.54,49.29,52.66,50.92,35.72,36.61,35.64,45.01,56.25,75.51,57.36
"Croatia, Ploce",14.22,14.22,14.22,14.28,14.28,14.28,14.28,14.28,14.28,7.69,33.17,36.74,43.95,43,35.21,29.06,34.06,22.18,22.18,22.19,20.02,20.02,22.13,12.92,22.08,21.47,35.39,27.65,24.86,26.3,26.3,25.5,25.32,24.68,25.27,22.69,22.69,21.42,21.39,14.06,14.69,14.69,12.82,20.19,20.11,20.11,27.07,24.55,24.55,21.97,22.34,22.51,21.98,21.98,25.23,24.59,24.53,24.51,23.92,23.92,21.03,21.03,20.62,20.61,19.98,20.13,21.2,21.2,21.21,20.8,20.8,23.34,22.41,21.24,21.24,21.24,21.24,23.11,23.07,30.09,30.09,30.07
"Croatia, Rijeka",66.22,72.9,74.55,73.69,87.3,84.72,82.82,89.77,90.9,77.12,80.26,88.97,79.34,41.09,37.55,73.56,80.92,80.75,94.95,107.25,107.37,106.94,89.92,97.15,95.45,104.58,99.06,98.77,100.77,100.68,96.34,96.77,96.26,103.48,103.61,89.32,106.19,104.6,104.76,116.78,117.86,118.6,111.73,126.66,119.66,132.62,123.79,119.97,120.45,122.92,122.82,121.6,122.18,130.47,131.68,131.72,129.18,126.37,136.66,129.8,129.4,129.42,129.1,129.49,129.56,124.25,136.55,136.9,120.41,123.46,125,124.13,128.62,127.01,126.58,124.2,118.8,127.07,127.38,129.29,122.75,130.95
"Croatia, Split",,,,,,,,,,9.73,18.85,24.29,24.29,22.47,20.54,21.17,26.67,13.18,13.18,13.18,13.82,13.82,13.1,12.89,12.89,12.89,26.5,18.7,18,19.44,19.44,27.66,28.29,27.02,27.62,25.03,25.03,23.76,23.73,23.73,24.36,24.36,22.48,21.41,20.11,20.11,28.67,26.14,26.14,23.99,14.92,14.92,15.19,15.19,14.37,13.71,13.65,13.02,13.16,13.16,12.77,12.77,12.76,12.47,12.47,,,,,,,,,,,,,,,,,
"Croatia, Zadar",,,,,,,,,,9.73,9.73,9.73,9.73,,,,,,,,,,,,,,,,,,,,,,,,,,,,,,,,,,,,,,,,,,,,,,,,,,,,,,,,,,,,,,,,,,,,,
"Cuba, Havana",76.69,75.97,74.44,75.29,75.35,75.08,84.13,83.37,83.21,69.64,67.33,74.33,76.2,67.38,67.47,63.02,61.46,58.97,65.14,65.18,65.68,55.51,70.59,70.59,71.89,71.99,78.58,72.37,67.32,67.36,72.38,71.77,72.09,60.64,40.04,40.04,40.04,9.97,9.97,9.97,9.97,,,,,,,,,,,,,,,,,,,,,,,,,,,,,,,,,,,,,,,,,
"Cuba, Mariel",,,,,,,,,,,,,,,,,,,,,,,,,,,,,,,,,,10.86,37.11,36.87,42.57,61.47,61.47,69.62,69.08,85.25,80.24,88.7,81.06,72.98,72.98,73.1,75.76,65.68,52.65,52.69,52.87,52.16,51.1,50.97,50.03,55.09,54.57,54.62,54.62,48.97,49.16,49.16,51.01,51.58,51.52,49.65,48.11,54.85,54.21,50.21,50.99,51.03,51.67,52.23,52.23,51.92,61.15,63.9,59.32,59.32
"Cuba, Moa",10.87,10.87,10.87,10.87,10.91,10.91,10.91,14.2,14.2,14.2,14.18,14.18,14.18,10.86,10.86,10.86,10.86,10.86,14.04,14.04,14.2,13.59,13.59,13.59,13.59,13.59,11.81,11.81,11.81,11.81,11.81,11.81,13.08,13.08,12.45,12.45,12.45,12.43,12.43,12.43,13.11,13.11,13.11,13.11,13.11,13.11,13.11,13.11,13.11,13.11,13.11,13.11,13.11,13.11,13.11,13.11,13.41,14.04,13.49,13.49,13.49,13.49,12.85,12.85,12.85,12.85,12.85,12.85,12.76,12.76,12.76,12.94,12.94,13.32,13.32,13.32,13.32,13.32,13.32,13.32,13.32,13.32
"Cuba, Santiago",8.5,10.86,22.72,24.15,30.2,28.77,17.36,26.14,26.14,21.59,21.59,21.15,21.15,20.54,20.54,20.54,20.54,20.54,26.36,26.41,27.09,17.11,17.11,17.11,17.11,17.11,26.7,20.87,20.87,20.87,20.7,20.7,20.7,19.2,28.25,28.01,28.01,19.49,19.49,34.86,35.02,46.17,39.28,39.28,15.24,15.24,15.24,15.24,15.35,15.36,33.69,23.94,24.1,24.95,23.95,11.42,21.6,18.66,17.8,18.83,18.83,11.42,13.69,13.69,13.69,10.64,15.49,15.49,15.49,11.52,11.52,11.52,11.99,12.01,12.01,12.01,12.01,12.01,12.01,12.85,,
"Curacao, Willemstad",85.88,79.68,76.23,76.3,70.96,70.98,70.97,71,79.39,77.06,82.25,82.46,76.33,76.09,78.03,59.88,60.18,60.18,60.18,58.29,67.25,66.44,67.1,78.28,79.19,78.29,83.78,86.03,82.9,79.41,79.36,79.4,72,67.45,75.86,78.31,76.4,75.86,77.1,82.8,82.9,84.66,82.71,70.56,52.8,52.8,54.07,63.42,64.08,70.24,69.4,68.77,70.96,75.78,76.61,52.19,59.47,59.43,58.38,67.81,68.44,67.72,58.17,47,58.77,58.13,55.77,52.31,52.57,52.57,50.4,54.53,46.71,64.55,60.68,60.07,51.94,51.96,51.18,51.18,51.18,43.58
"Cyprus, Famagusta",,,,,,,,,,,,,,,,,,,10.58,10.58,13.54,13.54,17.35,16.7,33.37,30.82,18.75,33.29,31.48,31.48,30.41,12.88,14.82,14.82,12.85,12.85,,,,,18.96,18.96,,,,,,,,,,,,,,,,,,,,,,,,,,,,,,,,,,,,,,,10.91,10.91
"Cyprus, Limassol",139.44,137.71,139.15,142.51,147.64,140.54,138.81,162.7,162.75,156.17,143.93,137.65,150.53,146.36,167.61,163.75,153.17,158.4,159.71,158.1,149.55,150.02,145.69,135.21,138.03,147.22,151.99,141.66,127.85,130.23,119.39,123.84,112.44,104.03,108.49,109.13,117.68,114.41,111.3,112.74,128.91,125.49,125,125.23,125.01,105.33,113.48,113.79,112.96,120.53,120.53,122.71,134.91,131.38,131.43,140.84,135.88,135.93,127.08,124.46,125.81,113.17,109.67,121.2,107.13,95.83,103.13,105.55,116.31,138.98,132.18,118.39,124.31,126.93,129.93,120.13,124.38,123.85,122.5,126.24,149.84,150.02
"Dem. People's Rep. of Korea, Nampo",6.47,6.47,6.47,6.47,6.34,6.34,6.34,12.62,7.37,7.37,7.37,7.37,7.37,7.37,7.37,7.37,7.37,7.37,7.37,7.37,7.37,7.37,7.37,7.37,7.37,7.37,7.37,7.37,,,,,,,,,,,,,,,,,,,,,,,,,,,,,,,,,,,,,,,,,,,,,,,,,,,,,,
"Dem. Rep. of the Congo, Banana",,,,,,,,,,,,,,,,,21.08,20.61,20.77,12.41,12.63,11.97,11.97,11.97,11.97,19.18,9.54,9.54,,,,,,,,,,,,,,,,,,,,,,13.7,13.7,13.7,13.7,13.7,13.7,13.7,13.7,13.7,13.7,13.7,13.7,13.7,13.7,13.7,12.44,12.44,15.06,15.06,15.06,15.06,15.06,15.06,15.06,15.06,15.06,15.68,15.68,15.68,15.68,15.68,15.68,15.68
"Dem. Rep. of the Congo, Boma",22.82,22.85,23.3,23.3,18.21,19.8,20.7,20.39,18.5,18.55,18.55,18.55,21.28,21.28,19.58,19.58,35.53,35.3,35.45,35.88,35.86,36.1,36.1,35.2,31.14,43.47,33.6,41.05,46.18,45.87,47.42,50.17,50.26,54.39,42.97,27.89,28.62,34.01,27.85,31.02,25.58,19.25,16.79,16.41,16.41,11.34,16.41,22.15,14.91,26.72,22.49,21.85,21.85,23.13,23.13,23.13,10.51,10.51,10.51,10.51,10.51,10.51,10.51,10.51,,,,,,,,,,,,,,,,,,
"Dem. Rep. of the Congo, Matadi",46.67,46.7,42.31,42.31,38.72,39.38,39.72,39.56,38.32,46.73,50.56,50.56,40.54,40.97,35.25,35.25,49.85,49.66,49.81,51.1,51.25,52.03,53.18,52.76,49.72,55.59,56.19,50.39,53.27,53.27,54.82,57.57,57.67,52.36,52.36,50.61,45.37,45.87,53.94,34.43,55.57,49.14,53.45,54.69,54.66,52.15,54.64,48.3,41.06,48.73,45.13,39.54,39.54,33.54,42.1,42.1,38.71,38.71,38.71,38.71,33.02,33.38,36.27,38.18,32.51,32.39,28.9,36.54,38.4,44.62,44.91,44.91,47.27,45.61,39.83,36.71,41.8,41.76,33.65,40.54,46.59,47.51
"Denmark, Aabenraa",,,,,,,,,,,,,,,,,,,,,,,,,,,,,,,,,,,11.81,11.81,11.81,11.81,11.81,11.81,11.81,11.81,11.81,11.81,11.81,11.81,11.81,11.81,11.81,11.81,11.81,11.81,11.81,15.43,15.43,15.43,,,,,,,,,,,,,,,,,,,,,,,,,,
"Denmark, Aalborg",20.26,28.67,28.67,28.75,21.05,21.05,21.05,12.13,12.13,12.13,12.13,12.13,12.13,,,,,,,16.05,21.62,13.67,13.67,20.98,20.98,21.93,20.66,26.76,26.67,27.31,27.34,17.36,17.36,17.36,18.88,18.99,26.3,11.66,11.66,18.97,27.55,27.55,26.03,17.45,17.45,17.45,17.45,17.45,17.45,17.36,19.98,19.98,19.98,19.98,19.11,19.11,19.11,19.75,31.58,33.66,33.66,29.56,29.56,29.56,29.56,29.56,29.56,33.74,29.03,28.93,28.93,28.83,28.93,28.82,28.82,28.93,28.93,28.93,11.8,11.8,11.8,11.8
"Denmark, Aarhus",118.07,127.98,133.82,152.09,150.97,136.59,121.38,131.72,133.7,147.22,150.35,145.27,142.22,142.94,141.33,150.49,150.47,157.14,153.62,156.46,172.72,177.53,176.42,170.71,188.3,170.4,175.68,175.47,173.6,165.66,180.07,190.16,175.57,180.41,174.46,176.16,175.47,178.73,177.84,180.5,187.63,172.22,171.24,168.05,167.7,170.81,168.75,169.62,169.62,180.24,173.49,173.51,172.93,176.36,187.99,184.31,180.21,180.56,177.51,167.31,166.44,158.22,158.22,162.27,166.05,163.69,157.58,154.18,159.7,163.66,164,165.24,152.9,153.06,152.63,146.48,134.53,159.87,164.6,183.29,181.02,181.2
"Denmark, Copenhagen",34.7,33.18,39.02,50.04,44.94,44.94,39.29,43.38,35.63,31.74,48.35,64.92,64.92,48.83,43.01,46.55,55.97,63.28,47.61,52.86,65,51.32,58.16,56.6,58.44,51.65,50.33,57.17,58.2,57.59,53.23,55.56,44.85,44.42,51.44,45.25,45.48,43.05,44.9,48.52,52.12,44.2,35.67,34.01,31.42,25.94,26.83,35.75,41.19,49.36,39.26,38.93,44.83,46.14,46.13,49.03,33.3,29.33,33.43,33.43,30.64,31.01,31,31.7,31.61,30.61,30.58,26.87,26.87,33.54,35,35.63,39.27,39.59,50.61,37.77,35.92,35.94,34.26,34.54,36.9,37.12
"Denmark, Esbjerg",16.41,16.41,16.41,24.3,17.23,17.23,17.92,35.98,43.79,43.79,36.66,38.27,38.27,29.04,29.04,29.04,25.82,25.82,25.82,25.82,25.82,35.77,37.27,28.85,27.46,27.35,27.35,17.39,29.26,29.26,27.52,31.22,31.22,48.28,36.09,17.63,17.63,17.63,17.63,17.63,25.51,25.51,25.51,25.51,25.51,25.51,25.51,25.51,25.51,25.51,25.51,25.51,25.51,25.51,23.33,23.33,23.78,23.78,23.78,23.78,23.9,24.23,17.9,17.9,17.9,17.9,17.9,17.9,17.9,,,,,,,,,,,,,
"Denmark, Fredericia",20.31,21.63,21.63,20.07,22.19,22.19,13.68,13.68,13.68,14.31,18.91,14.85,14.85,21.35,29.96,31.3,27.79,27.79,28.19,36.58,43.38,27.74,27.83,20.99,33.95,31.14,26.76,12.59,12.93,12.93,25.58,27.73,27.54,28.4,25.7,25.71,25.31,21.4,35.62,27.69,39.85,35.03,26.51,21.07,18.6,23.12,23.12,35.32,37.9,47.71,45.87,56.27,55.21,55.25,55.15,44.78,44.78,46.36,40.75,51.82,50.84,51.67,44.83,44.39,38.64,46.38,43.95,39.03,39.88,45.96,48.29,48.29,48.28,51.05,48.45,51.11,53.67,50.3,50.3,50.33,51.51,51.51
"Denmark, Frederikshaven",,,,,,,,,,,,,,,,,,,,,,,,,,10.37,18.32,11.21,13.71,20.29,9.05,,,,,,,,,,,,,,,,,,,,,,,,,,,,,,,,,,,,,,,,,,,,,,,,,,,
"Denmark, Grenaa",,,,,,,,,,,,,,,,,,,,,,,,,,,,21.2,21.2,21.2,10.04,10.04,10.04,10.04,10.04,10.04,10.04,10.04,10.04,10.04,10.04,10.04,10.04,10.04,10.04,10.04,10.04,12.11,12.11,12.11,12.11,24.22,24.22,24.22,24.22,24.22,24.22,12.11,12.11,12.11,12.11,12.11,12.11,12.11,12.11,12.11,12.11,12.11,12.11,12.11,12.11,12.11,12.11,12.11,12.11,12.11,12.11,12.11,12.11,12.11,12.11,12.11
"Denmark, Hanstholm",,,,,,,,,,,,,,,,,,,,,,15.78,15.78,15.78,15.78,,,,,,,,,,,,,,,,,,,,,,,,,,,,,,,,,,,,,,,,,,,,,,,,,,,,,,,,,
"Denmark, Hirtshals",,,,,,,,,,,,,,,,,,,,,,,,,,,,,,,,,,,,,,,,,,,,,,,,,,,,,,,,,,,,,,,,,,,,,,,,,8.62,8.62,8.62,8.62,8.62,13.58,10.41,10.41,10.41,10.41
"Denmark, Horsens",,,,,,,,,,,,,,,,,,,,,,,,,,,,11.81,11.81,11.81,,,,,,,,,,,,,,,,,,,,,,,,,,,,,,,,,,,,,,,,,,,,,,,,,,,,
"Denmark, Hundested",,,,,,,,,,,,,,,,,,,,,,,,,,,,,,,,,,,,,,,,,,,,,,,,12.11,12.11,12.11,12.11,12.11,12.11,12.11,12.11,12.11,12.11,12.11,12.11,12.11,12.11,12.11,12.11,12.11,12.11,12.11,12.11,12.11,12.11,12.11,12.11,12.11,12.11,12.11,12.11,12.11,12.11,12.11,12.11,12.11,12.11,12.11
"Denmark, Kalundborg",,,,,,,,,,,,,,,,,,,,,,,,,,,12.37,,,,,,,,,,,,,,,,,,,,,,,,,,,,,,,,13.08,13.08,13.08,20.15,20.15,18.65,18.65,18.53,17.49,17.49,17.32,16.43,16.43,28.13,28.23,24.76,29.65,11.8,11.8,11.8,11.8,11.8,11.8,11.8
"Denmark, Mariager",,,,,,,10.57,10.57,10.57,10.57,10.57,10.57,10.57,,,,,,,,,,,,,,,,,,,,,,,,,,,,,,,,,,,,,,,,,,,,,,,,,,,,,,,,,,,,,,,,,,,,,
"Denmark, Skagen",,,,,,,,,,,,,,,,,,,,,,,,,,,,,,,,,,,,,,,,,,,,,,,,,,,,,10.32,11.76,12.37,12.43,13.01,12.43,11.84,11.84,11.84,11.8,11.8,11.8,,,,,,,,,,,,,,,,,,
"Djibouti, Djibouti",106.84,105.05,109.57,130.65,138.23,142.96,146.57,140.91,137.35,108.36,109.32,97.45,146.61,159.54,160.74,141.05,122.12,119.95,127.41,121.9,121.48,124.99,128.57,124.16,120.26,115.62,119.39,120.68,118.44,127.42,133.45,136.24,150.79,146.31,157.99,153.47,162.69,156.48,166.37,168.17,197.75,201.56,206.07,199.61,196.77,180.82,189.02,191.57,203.17,204.71,191.98,186.33,171.07,157.88,165.64,162.99,161.74,166.69,162.93,160.97,167.6,166.44,171.27,160.05,171.54,159.4,164.03,157.43,173.14,171.83,178.91,200.07,152.37,156.41,168.46,167.19,193.07,188.07,165.46,182.76,193.66,210.34
"Dominica, Roseau",44.07,42.79,42.79,42.79,42.79,43.39,43.39,29.2,29.1,29.1,29.1,29.1,29.1,29.84,30.48,30.48,29.7,29.7,29.7,38.21,36.95,36.95,36.95,38.21,38.21,38.21,38.21,38.21,40.58,34.01,40.46,40.46,40.46,40.46,40.46,33.88,33.88,42.54,33.88,33.88,44.97,39.47,29.48,29.4,30.12,30.12,30.12,30.1,30.1,54.18,40.47,40.47,39.84,47.53,47.8,47.8,47.8,47.8,47.8,47.8,47.8,47.81,47.81,42.72,43.37,43.39,43.37,43.39,44.27,42.35,42.34,42.34,43.02,43.09,43.09,43.09,43.09,43.08,43.08,43.08,43.72,43.77
"Dominican Republic, Boca Chia",22.21,22.18,22.18,22.18,22.18,22.18,22.18,22.19,25.55,24.22,16.89,25.61,25.61,25.61,17.14,17.14,17.14,17.14,17.92,10.45,10.45,10.45,10.45,10.92,10.45,10.45,16.38,16.38,16.38,16.87,16.87,16.87,16.82,16.89,16.89,17.48,17.48,29.24,29.34,25.12,26.36,26.36,26.36,26.36,26.55,26.55,26.55,26.55,26.55,26.55,26.56,26.56,26.56,28.34,28.33,22.69,22.69,22.69,22.69,,,,,,,,,,,,,,,,,,,,,,,
"Dominican Republic, Cabo Rojo",,,,,,,,,,,,,,,,,,,,,,,,,,,6.89,6.89,6.89,6.89,6.89,6.89,6.89,6.89,6.89,6.89,6.89,6.89,6.89,6.89,6.89,6.89,6.89,6.89,6.89,6.89,6.89,6.89,6.89,6.89,6.89,6.89,6.89,6.89,6.89,,,,,,,,,,,,,,,,,,,,,,,,,,,
"Dominican Republic, Caucedo",102.23,98.28,96.97,115.65,115.58,126.06,159.66,158.39,155.69,162.61,145.09,152.47,153.87,148.53,174.12,175.87,168.89,174.72,165.81,181.45,176.21,179.54,186.28,185.18,200.88,220.93,213.79,220.71,221.66,222.72,222.71,227.76,225.16,222.49,224.03,216.38,200.99,201.89,184.86,190.63,207.75,209.69,197.86,199.52,205.6,209.28,237.63,244.03,243.41,236.69,214.81,217.09,213.32,217.09,223.16,229.68,218.57,226.26,219.26,232.35,232.53,232.36,241.46,234.88,236.04,248.86,245.59,237.83,240.44,243.61,235.9,245.44,246.72,235.3,241.64,221.96,244.24,242.63,234.8,239.28,251.65,251.77
"Dominican Republic, Manzanillo (DO)",8.13,8.13,8.13,8.13,8.13,8.13,8.13,8.13,8.13,8.13,8.13,,,,,,,,,,,,,,,,,,,,,,,,,8.42,8.42,,,,,12.72,12.72,12.72,12.72,12.72,12.72,12.72,13.46,13.46,13.46,13.46,13.46,13.46,13.46,13.63,13.63,13.46,13.46,13.45,13.45,13.46,13.46,13.46,14.92,14.92,14.92,14.92,14.92,14.92,14.92,14.92,14.92,14.93,14.93,14.93,14.93,14.93,14.93,14.93,14.93,14.93
"Dominican Republic, Puerto Plata",55.51,44.97,44.97,44.97,38.31,38.31,29.93,22.91,37.34,32.4,29.91,39.05,39.05,33.73,33.09,33.09,33.09,33.09,38.38,36.29,37.41,25.22,25.22,32.67,32.2,27.32,27.25,27.25,34.25,30.84,30.84,30.84,35.23,35.23,35.23,35.16,35.16,45.98,46.08,47.38,50.75,50.75,54.31,41.71,39.16,39.16,39.16,39.16,39.16,45.67,48.77,48.77,50.83,53.28,53.93,47.37,47.48,45.51,45.51,34.89,34.89,34.89,34.69,18.06,18.06,25.13,25.13,25.13,25.13,25.13,21.04,21.04,21.04,21.05,27.55,27.55,27.55,27.92,27.92,27.72,24.44,24.61
"Dominican Republic, Rio Haina",161.19,159.81,159.73,160.72,167.16,166.6,177.57,167.26,175.88,169.72,167.77,178.09,191.56,180.1,151.65,154.64,153.95,150.65,155.13,144.71,160.21,145.7,148.24,151.23,126.39,97.29,104.32,114.6,107.23,99.23,114.33,114.33,115.68,112.39,117.57,109.81,128.51,125.15,125.26,126.07,148.86,139.05,159.03,153.35,147.09,134.88,139.26,138.6,158.08,141.02,133.4,142.69,144.76,145,149.4,150.16,149.74,139.32,123.92,127.03,127,126.38,122.51,111.01,120.77,118.44,118.4,117.83,117.96,113.59,113.63,117.07,117.33,118.54,118.68,117.29,110.7,118.07,113.84,113.91,114.98,115.46
"Dominican Republic, Santo Domingo",9.35,10.94,10.94,10.94,,,,,,,,13.66,13.66,13.66,14.72,14.72,14.08,14.08,14.08,15.03,15.03,,,,8.55,8.55,8.55,8.55,8.55,8.55,8.55,8.55,8.55,8.55,8.55,8.55,8.55,8.55,8.55,8.55,8.55,8.55,8.55,8.55,8.55,8.55,8.55,8.55,,,,,,,,,,,,,,,,,,,,,,,,,,,,,,,,,,
"Ecuador, Esmeraldas",21.9,29.61,33.06,33.06,32.23,29.6,35.48,35.48,42.98,46.34,46.17,48.74,34.75,34.75,30.5,30.5,30.5,30.24,30.24,30.22,38.05,38.06,38.69,38.67,44,38.03,29.9,35.12,35.12,35.12,36.35,36.35,36.35,36.35,21.78,34.98,34.98,34.85,21.78,35.29,21.79,36.26,36.26,28.78,28.78,13.06,13.06,13.06,30.68,36.33,28.93,28.93,28.93,28.93,28.92,28.74,27.31,27.31,18.63,18.63,,,,,,,,,,,,,,,,,,,,,,
"Ecuador, Guayaquil",165.43,169,176.61,173.75,185.46,176.15,167.63,167.44,155.52,167.42,177.24,185.34,189.11,196.12,204.68,206.31,208.65,204.17,221.67,248.34,256.91,259.84,246.57,245.96,227.85,215.1,206.48,196.47,219.19,223.91,227.19,223.01,215.72,228.19,213.57,212.95,213.4,228.81,251.72,252.47,261.25,264.85,257.11,248.42,254.51,240.78,242.43,248.37,248.69,232.76,209.65,228.97,249.88,251.1,239.94,238.03,261.98,266.18,262.26,247.85,252.66,255.36,250.06,224.64,226.07,224.1,230.79,215.7,216.68,231.09,234.14,245.65,224.88,221.3,219.37,217.56,229.67,230.4,230.04,227.71,218.86,224.79
"Ecuador, Manta",22.12,30.28,37.38,37.38,29.2,29.2,29.2,20.2,20.2,20.2,19.82,19.82,19.82,19.82,18.73,18.54,18.54,18.54,18.56,18.56,20.47,20.47,20.47,,,,,,,,,,,,,,,,,,,,,,,,,,,,,,,,,19.4,,,,15.65,15.65,15.66,15.66,14.37,14.37,14.37,14.37,14.37,14.37,14.37,,,,,,,,,,,,
"Ecuador, Posorja",,,,,,,,,,,,,,,,,,,,,,,,,,,,,,,,,,,,,,,,,,,,,,,,,,,,,,,67.98,73.46,72.91,69.05,69.2,69.2,69.25,69.25,67.97,67.46,67.5,76.4,109.16,114.52,111.83,112.67,116.71,117.32,139.63,140.66,140.53,140.43,126.22,129.37,129.51,111.6,125.53,141.22
"Ecuador, Puerto Bolivar (EC)",,,,,,,,,,,,,,,8.38,8.38,17.97,17.97,18.78,18.6,20.65,20.65,20.65,24.52,24.52,23.89,8.38,8.38,8.38,8.38,8.38,8.38,8.38,8.38,8.38,8.38,8.38,8.38,8.38,8.38,8.38,9.86,9.86,9.86,9.86,9.86,21.89,31.68,35.5,35.5,35.5,31.68,36.72,46.88,48.79,48.79,61.43,69.29,63.39,72.38,71.19,71.17,71.48,80.5,78.64,92.19,70.63,70.63,93.09,86.7,88.88,85.82,110.77,98.41,89.9,85.42,79.37,84.91,79.41,79.41,77.82,78.54
"Egypt, Abu Qir",,,,,,,,,,,,,,,,,,,,,,,,,,,,,,,,,,,,,,,,,,,,,,,,,,,,,,,,,,,,,,,,,,,,,,,,,19.71,20.16,20.16,,112.79,130.92,143.67,83.29,104.8,108.14
"Egypt, Adabiya",9.79,9.79,9.79,9.79,9.79,9.79,9.79,9.79,9.79,9.79,9.79,19.42,11.92,11.93,11.93,11.93,11.93,11.93,11.93,11.96,,,,,,,,,,,,,,,,,,,,,,,,,,,,,,,,,,,,,,,,,,,,,14.09,15.65,15.65,15.65,15.65,15.65,15.65,15.65,15.65,15.68,15.68,15.68,15.68,15.68,15.68,15.68,15.04,15.04
"Egypt, Alexandria",215.82,230.26,245.05,244.28,252.41,254.13,250.37,234.28,252,242.07,233.68,205.77,229.1,217.63,241.88,252.02,243.85,254.09,267.93,254.74,264.95,250.88,252.16,253.83,228.26,236.24,247.91,285.84,283.41,306.14,308.14,307.23,299.44,300.16,305,305.18,322.16,304.72,300.41,301.12,335.91,349.54,328.76,303.81,305.28,281.91,280.11,288.8,294.63,278.86,289.23,286.6,274.59,273.21,273.61,287.4,268.93,257.37,258.23,266.67,258.26,243.53,249.07,251.17,244.37,241.81,237.84,235.41,259.31,307.31,314.28,317.66,343.4,338.7,316.87,329.09,335.65,362.75,379.67,391.61,365.78,362.86
"Egypt, Damietta",153.5,170.05,168.61,162.06,185.89,190.81,202.77,222.78,239.23,209.59,228.94,210.71,217.13,231.91,235.42,235.83,226,228.66,233.08,233.45,237.72,236.22,217.65,217,220.39,187.76,190.43,174.47,159.14,155.38,147.29,145.33,148.01,151.46,156.51,152.07,158.71,152.13,193.47,180.19,225.4,230.49,243.66,234.95,225.81,226.63,244.51,237.98,246.06,240.59,217.62,212.34,217.46,223.76,202.97,196.95,198.66,195.75,181.91,183.68,196.61,181.88,193.8,182.05,191.5,188.73,197.09,197.6,196.7,243.47,246.52,253.12,252.28,220.66,195.69,217.75,187.3,211.16,208.76,267.57,265.59,288.08
"Egypt, El Dekheila",8.95,16.81,18.57,23.19,18.51,18.51,17.02,17.02,19.03,25.73,66.13,91.71,62.71,75.25,61.51,53.19,64.12,64.14,63.96,83.35,91.06,91.06,96.33,48.62,48.62,54.48,55.19,38.77,38.78,44.04,44.04,53.19,53.19,44.04,67.38,69.74,69.74,95.13,97.87,90.74,90.54,58.53,42.29,45.06,23.99,23.99,46.41,34.96,57.42,65.42,55.81,63.44,84.73,79.54,67.04,41.83,48.71,45.17,33.05,33.11,45.3,44.9,36.36,35.08,35.4,60.66,79,80.06,87.28,83.7,108.53,125.82,126.69,135.3,126.13,104.15,85.61,86.92,96.88,65.66,106.71,111.26
"Egypt, El Sokhna",52.99,54.51,53.69,51.86,64.03,64.1,58.24,57.44,56.03,57.81,69.26,70.88,94.39,107.85,98.76,95.23,92.55,100.81,94.39,95.76,95.32,95.33,89.32,83.62,86.28,91.93,94.15,105.7,92.64,93.4,94.07,94,93.99,98.75,99.58,93.07,92.39,92.71,97.02,103.12,102.23,102.75,117.26,111.43,125.44,101.65,102.8,104.09,102.17,130.94,132.76,115.13,118.65,112.4,122.52,121.71,122.12,120.3,127.18,126.68,126.88,125.81,121.72,120.64,129.76,127.51,134.46,132.05,136.18,149,157.1,162.85,105.52,125.12,140.6,137.06,168.88,174.33,161.27,156.08,149.09,169.61
"Egypt, Port Said",410.93,415.38,410.96,402.44,399.53,371.52,375.45,385.71,405.48,424.24,392.95,395.74,397.27,364.38,347.35,356.91,352.86,365.13,378.13,379.55,419.91,411,416.23,399.71,372.29,342.42,378.1,385.3,375.22,375.57,405.2,422.18,427.37,446.81,454.66,448.09,448.74,432.15,414.89,405,418.24,422.89,397.58,394.85,385.81,361.77,351.36,364.29,377.21,374.31,371.48,326.86,347.52,349.17,340.56,374.56,366.73,360.71,364.93,370.97,367.72,349.93,333.79,342.56,339.69,340.59,347.79,348.34,331.57,337.08,345.18,349.73,273.05,287.61,289.94,317.39,284.15,296.13,317.57,328.08,343.44,345.72
"Egypt, Suez",12.32,12.32,12.32,12.32,12.32,12.32,12.32,12.32,12.32,12.32,12.32,12.32,12.32,12.32,12.32,12.32,12.32,12.32,12.32,12.32,12.32,12.32,12.32,12.32,12.32,12.32,20.68,20.68,20.68,20.68,20.68,20.68,20.68,20.68,12.32,12.32,12.32,12.32,12.32,12.32,12.32,12.32,,,,,,,,,,,,,,,,,,,,,,,,,,,,,,,,,,,,,,,,
"El Salvador, Acajutla",52.7,56.7,53.41,53.52,53.39,53.45,57.06,57.06,57.39,57.54,57.75,54.22,56.63,46.54,45.63,50.83,47.68,47.82,43.64,44.53,50.17,30.33,34.17,40.33,40.33,43.84,38.08,46.47,57.57,57.47,57.56,47.91,47.92,47.92,48.59,48.61,48.97,41.86,41.86,41.85,42.2,43.5,43.5,44.13,44.13,44.13,55.84,55.84,55.84,55.84,52,52,57.88,57.88,57.88,57.88,42.8,42.8,45.56,44.92,44.92,44.92,42.96,45.5,49.47,49.51,47.32,47.32,47.37,46.64,47.08,47.99,56.82,52.94,48.4,48.63,56.9,51.64,53.3,55.77,55.81,56.58
"El Salvador, La Union",,,,,,,,,,,,,,,,,,,,,,,,17.6,17.6,17.6,17.6,21.91,,,,,,,,,,,,,,,,,,,,,,,,,,,,,,,,,,,,,,,,,,,,,,,,,,,,,,
"El Salvador, San Salvador",,,,,,,,,,,,,,,,,,,9.04,9.04,18.37,18.37,18.37,17.82,,,,,,,,,26.8,26.8,26.8,26.81,26.81,26.83,26.83,26.83,26.83,26.83,26.83,33.74,34.41,34.41,34.44,34.44,34.44,33.8,33.8,33.8,33.8,30.22,30.24,30.05,23.77,23.77,23.87,21.96,21.96,21.96,21.96,,,,,,,,,,,,,,,,,,,
"Equatorial Guinea, Bata",29.2,31.06,30.82,30.5,30.18,30.18,22.88,29.69,29.74,29.41,29.41,29.41,29.42,29.42,30.9,37.27,40.79,41.97,42.03,51.59,52.83,53.04,54.14,54.97,55.03,53.12,54.48,61.74,66.47,51.66,51.15,51.15,53.82,51.55,29.05,59.97,59.73,61.31,59.12,27.48,27.48,27.21,53.55,52.93,53,53.01,53.03,53.03,53.01,52.43,55.04,56.29,56.29,56.29,56.41,59.44,58.77,59.74,58.66,58.66,58.04,55.83,55.66,56.4,56.29,49.81,50.66,50.72,50.72,50.08,50.21,50.21,50.21,49.68,49.64,49,51.31,52.51,52.51,52.52,51.91,51.91
"Equatorial Guinea, Luba",,,,,,,,,,,,,,,12.38,12.38,13.63,13.66,13.66,,,,,,,,,,,,,,,,,,,,,,,,,,,,,,,,,,,,,,,,,,,,,,,,,,,,,,,,,,,,,,,
"Equatorial Guinea, Malabo",40,45.25,40.51,40.07,41.79,42.06,42.09,48.24,48.26,43.17,43.14,43.14,43.15,43.15,45.27,50.78,52.4,53.57,53.57,48.46,49.72,49.94,45.21,46.04,46.1,45.23,51.36,59.26,57.54,56.05,56.04,56.04,58.75,57.75,58.83,56.37,56.46,56.47,63.01,39.59,31.77,34.55,60.26,59.61,59.68,59.69,59.39,60.32,60.3,61,60.19,39.35,39.35,39.35,40.04,45.64,44.34,49.58,64.45,64.45,63.81,64.42,67.44,68.18,67.39,61.54,64.98,65.02,61.83,61.83,61.96,61.96,61.96,61.45,61.41,60.79,57.29,58.49,58.49,58.49,57.88,57.88
"Eritrea, Massawa",25.39,19.83,24.95,25.54,25.15,18.8,31.24,20.65,11.05,11.05,11.05,11.05,11.05,15.03,,,,,,,,,,,16.08,16.08,16.08,16.08,,,,,,,10.36,10.36,10.36,10.36,10.36,10.36,10.36,10.36,10.36,10.36,10.36,10.36,10.36,10.36,10.36,19.04,16.89,18.53,18.53,18.53,18.53,18.53,19.01,19.01,18.97,18.97,23.73,12.05,12.05,12.05,12.05,12.05,12.05,12.05,12.05,12.05,17.66,17.66,13.74,13.84,11.43,11.43,11.43,11.43,10.48,10.48,10.48,10.48
"Estonia, Kunda",,,,,,,,,,,,,,,,,,,,,,,,,,,,,,,,,,,,,,8.31,8.31,8.31,8.31,8.31,8.31,8.31,8.31,8.31,8.31,8.31,8.31,8.31,8.31,8.31,8.31,8.31,8.31,8.31,8.31,8.31,8.31,8.31,8.31,8.31,8.31,8.31,8.31,8.31,8.31,8.31,8.31,,,,,,,,,,,,,
"Estonia, Muuga",7.42,7.42,7.42,7.42,7.42,7.42,7.42,8.06,8.06,8.06,,,,,,,,,,,,,,,,10.96,10.96,10.96,10.96,10.96,10.96,11.6,11.6,11.6,12.21,12.21,12.21,12.21,24.84,27.03,15.31,,,,,,,,,,,,,,14.14,14.14,14.14,14.14,14.14,14.14,14.14,14.14,14.14,14.14,14.14,,,,,,,,,,,,,,,,,
"Estonia, Paldiski",9.69,,29.58,13.48,13.48,,,,9.58,9.58,17.33,29.67,47.02,47.02,47.02,33.59,33.59,33.59,33.59,21.68,21.68,29.81,29.81,29.81,29.81,32.11,32.11,25.2,25.2,25.2,25.2,25.2,25.2,25.2,25.2,25.2,25.2,25.2,25.2,25.2,25.2,25.2,25.2,25.2,25.2,25.2,25.2,27.29,27.29,27.29,27.29,27.29,27.29,27.29,27.29,27.29,27.29,27.29,27.29,27.29,27.29,27.29,27.29,27.29,27.29,27.29,27.29,27.29,26.8,26.8,26.8,26.8,26.8,25.53,25.53,25.53,25.53,25.53,25.53,25.53,25.15,25.15
"Estonia, Sillamae",,,,,,,,,,,,,,,,,,,,,,,,,,,,,,,,,,,,,,,,,,,,,17.13,17.13,12.5,15.28,15.28,19.85,13.44,16.33,17.04,15.21,15.31,12.05,12.05,,,,,,,,,,,,,,,,,,,,,,,,,
"Estonia, Tallinn",66.84,70.39,59.75,51.04,55.18,56.68,63.51,62.88,54.11,54.5,77.75,79.04,87.28,88.78,82.81,83.42,102.69,69.33,76.79,58.59,68.93,47.37,49.06,53.21,48.88,52.08,63.36,75.09,62.18,62.05,56.76,64.08,67.17,77.83,72.95,68.55,56.07,59.04,50.05,55.52,48.67,58.78,63.9,61.25,61.88,63.93,55.14,48.48,51.06,52.57,64.95,61.35,62.42,69.17,54.4,50.77,49.96,44.49,39.68,42.37,42.95,57.97,61.81,50.57,46.26,48.2,48.2,48.85,58.69,67.35,68.23,49.88,49.81,55.35,57.7,57.84,64.13,61.16,61.09,53.44,46.56,46.55
"Falkland Islands (Malvinas), Port Stanley",,,,,,,,,,,,,,6.03,8.12,8.12,8.12,8.12,8.12,8.12,8.12,,,,,,,,,,,,,,,,,,,,,,,,,,,,,,,,,,,,,,,,,,,,,,,,,,,,,,,,,,,,,
"Faroe Islands, Kollafjordur",,,,,,,,,,,,,,,,,,,,,,,,,,,,,,,,,,,13.87,13.87,13.87,13.87,13.87,13.87,13.87,13.87,13.87,13.87,13.87,13.87,13.87,13.87,13.87,13.87,21.3,21.34,21.34,13.87,13.87,13.87,13.87,13.87,13.87,13.87,13.87,13.87,13.87,13.87,13.87,13.87,13.87,13.87,13.87,,,,,,,,,,,,,
"Faroe Islands, Runavik",,,,,,,,,,,,,,,,,,,,,,,,,,,,,,,,,,,,,,,,,,,,,,,,,,,,,,,,,,,,,,,,,,,,,,14.51,14.51,14.51,14.51,14.51,14.51,14.51,14.51,14.51,14.51,14.51,14.51,14.51
"Faroe Islands, Torshavn",24.8,24.8,24.8,24.8,24.8,24.8,24.8,24.8,23.53,28.89,28.89,31.06,30.65,30.83,30.83,30.83,30.83,26.98,26.98,34.91,34.91,31.72,31.72,31.72,32.36,32.34,32.34,32.36,32.36,28.27,34.22,34.22,34.27,33,24.95,24.89,24.89,24.89,24.89,24.91,24.91,24.91,24.91,24.91,25.55,29.67,29.67,29.84,29.84,29.83,29.83,29.83,30.21,30.21,30.84,27.43,24.81,17.85,17.85,30.92,30.87,30.82,30.82,30.82,37.85,37.85,37.85,37.85,37.85,37.85,37.85,37.85,37.87,37.87,37.87,37.87,39.43,40.59,37.42,38.05,37.38,37.38
"Fiji, Lautoka",64.65,64.63,64.76,65.28,65.28,67.1,75.01,75.01,69.91,64.75,90.12,95.36,96.54,99.05,88.53,88.53,88.55,87.19,77.55,78.14,78.18,80.39,73.73,78.81,83.97,78.08,78.16,83.19,79.93,80.04,84.74,91.38,85.77,63.36,58.18,59.35,59.35,58.71,55.85,57.85,61.13,53.02,58.59,58.67,59.01,66.72,64.17,60.59,60.59,61.84,61.43,64.89,64.89,64.89,69.92,74.28,74.01,73.65,75.05,74.38,74.38,83.57,83.97,83.98,81.78,81.84,72.91,78.77,77.88,83.19,83.54,83.84,83.84,87.9,88.98,89.54,89.54,89.74,89.13,89.12,88.88,88.88
"Fiji, Suva",77.59,91.07,102.54,105.78,101.98,102.18,118.74,103.73,98.65,99.49,103.34,105.83,100.5,84.53,80.05,80,80.02,78.02,67.38,68.01,68.05,86.48,91.53,93.46,79.18,66.29,82.12,87.45,90.98,92.55,100.63,103.35,103.64,111.14,105.94,99.98,86.67,86.03,83.81,83.29,86.58,83.17,86.69,86.76,87.11,94.85,89.72,88.6,89.88,91.17,82,71.97,71.97,71.97,72.16,71.27,77.96,77.61,77.5,76.34,76.34,85.53,85.93,85.94,83.74,88.15,80.74,86.59,79.83,88.55,88.9,89.2,91.72,89.57,91.29,91.25,91.25,91.46,91.48,91.48,94,94
"Finland, Hamina",53.71,75.46,71.25,53.13,67.85,61.58,58.36,53.83,59.73,50.9,61,45.09,53.09,59.63,49.08,46.46,50.59,50.59,45.26,47.95,40.43,37.97,30.77,33.01,19.98,37.04,35.98,33.47,19.52,19.52,19.52,19.52,19.52,19.52,19.52,19.52,19.52,19.52,19.52,19.52,26.11,26.11,26.11,26.11,26.11,26.11,26.11,26.11,26.11,26.11,26.11,26.11,26.11,26.11,7.84,7.84,7.84,7.84,7.84,7.84,7.84,7.84,7.84,7.84,7.84,7.21,7.21,7.21,7.21,,,,,,,,,,,,,
"Finland, Hanko",25.75,21.98,40.89,32.57,28.77,24.86,24.86,35.26,44.22,44.22,44.86,44.86,66.85,66.85,65.58,53.42,53.42,53.42,53.42,53.42,53.42,52.15,52.15,55.69,44.36,46.5,49.52,49.56,49.56,54.76,54.9,61.92,61.92,61.92,61.92,61.92,63.81,63.81,71.57,71.57,71.57,71.57,71.57,71.57,58.03,58.03,58.03,58.03,58.03,58.03,58.03,49.63,49.63,51.54,31.68,25.72,25.72,25.72,22.41,22.41,22.41,22.41,22.41,22.41,22.41,21.77,21.77,21.77,21.28,21.28,21.28,21.28,21.28,20.01,20.65,20.65,20.65,20.65,20.66,20.66,20.28,20.28
"Finland, Helsinki",105.33,114.7,115.07,103.96,116.73,123.07,114.36,114.47,111.65,113.75,119.89,121.33,125.86,119.56,107.92,115.51,130.68,100.54,104.3,93.49,97.78,95.98,101.4,101.45,81.95,82.69,83.17,79.07,77.17,70.62,68.27,84,83.24,87.42,102.46,86.67,86.64,83.05,81.31,70.83,72.65,79.71,84.11,92.83,92.76,89.08,95.7,94.65,102.21,107.14,104.23,91.51,107.79,97.29,97.46,86.65,86.66,78.55,86.81,86.23,84.96,85.03,89.96,81.56,85.24,85,80.96,81.75,84.24,84.46,79.84,79.09,79.1,75.44,76.35,76.45,76.37,76.28,76.28,77.89,76.48,76.5
"Finland, Kemi",19.91,21.19,21.19,9.93,21.83,17.2,17.2,17.2,17.2,17.2,17.2,17.2,17.2,17.2,17.2,17.2,17.2,17.2,17.2,9.24,9.24,9.24,18.7,18.7,23.48,22.58,22.58,23.49,23.49,23.49,23.49,23.73,17.17,17.17,17.17,17.17,21.89,17.86,17.86,17.86,17.21,17.82,17.82,17.89,17.84,17.84,17.84,17.84,17.84,17.85,17.85,17.87,17.92,18.55,18.51,18.51,17.82,17.82,13.07,12.59,12.59,13.23,13.23,13.06,,,,,,,,,,,,,,,,,,
"Finland, Kokkola (Karleby)",,,,,,,,,,,,,7.22,7.86,7.86,7.86,7.86,7.86,7.86,7.22,11.56,12.41,12.41,9.82,8.87,8.87,8.87,8.87,8.41,8.41,8.41,9.12,8.23,8.23,8.87,11.11,12.37,13.05,13.05,13.05,12.83,12.68,12.68,13.03,11.1,11.1,11.1,11.1,11.1,11.1,11.1,11.53,11.79,11.79,11.53,11.53,11.53,11.53,13.07,12.59,12.59,10.37,10.37,10.37,10.37,10.37,10.37,10.37,10.37,10.37,10.37,10.37,10.37,10.37,13.8,13.8,10.37,15.2,13.91,10.79,,
"Finland, Kotka",117.52,114.44,126.37,127.87,124.68,120.4,111.76,111.75,113.83,123.48,102.49,111.08,114.2,89.62,91.82,106.28,121.54,109.36,100.9,105.07,100.68,105.46,113.36,110.21,85.4,78.43,83.5,97.94,78.8,103.42,105.64,105.03,107.8,109.09,132.77,117.51,113.88,120.87,110.04,114.43,103.2,109.62,111.44,105.46,113.21,106.94,113.99,111.6,107.74,107.76,93.51,82.71,90.97,99.2,102.27,96.3,96.3,96.84,89.55,89.62,92.49,89,89.01,85.77,82.56,81.68,82.8,83.06,91.1,105.06,99.85,95.94,91.99,99.71,107.09,102.17,112.57,111.26,110.54,101.07,100.8,103.81
"Finland, Mantyluoto",14.4,14.4,23.65,23.65,23.65,23.65,23.65,23.65,23.65,27.43,27.94,27.94,40.63,38.37,42.46,39.94,31.02,31.02,18.41,27.33,27.33,18.07,18.07,18.07,7.87,7.87,7.87,7.87,7.87,7.87,7.87,7.87,7.87,,,,,,,,,,,,,,,,,,,,,,,,,,,,,,,,,,,,,,,,,,,,,,,,,
"Finland, Oulu",20.86,20.23,20.23,18.47,21.83,17.2,17.2,17.2,17.2,17.2,17.2,17.2,17.2,17.2,17.2,17.2,17.2,17.2,17.2,18.48,18.48,18.48,24.12,30.78,29.19,28.28,28.28,29.19,23.49,23.49,23.49,23.73,17.17,17.17,17.17,17.17,21.89,17.86,17.86,17.86,17.21,17.82,17.82,17.89,17.84,17.84,17.84,17.84,17.84,17.85,17.85,17.87,17.92,18.55,18.51,18.51,17.82,17.82,13.07,12.59,12.59,20.86,20.86,20.68,20.05,16.92,16.92,16.92,17.31,10.37,10.37,10.37,10.37,19.06,22.5,23.67,10.37,15.2,13.91,10.79,10.82,10.82
"Finland, Pietarsaari (Jakobstad)",9.72,11,11,,9.24,9.24,9.24,9.24,9.24,9.24,9.24,19.76,19.76,19.76,19.76,19.76,19.76,19.76,19.76,19.47,19.47,19.47,19.47,19.47,16.14,16.14,16.14,17.05,21.01,18.32,18.32,18.32,9.54,9.54,9.54,9.54,9.54,12.15,12.15,12.15,12.15,12.15,12.15,12.15,12.15,12.15,12.15,12.15,12.15,12.15,12.15,12.15,12.15,12.15,12.15,12.15,12.15,12.15,12.15,12.15,12.15,12.15,12.15,12.15,12.15,12.15,12.15,12.15,12.15,12.81,12.81,12.81,12.81,12.81,12.81,12.81,12.81,12.81,12.81,12.81,12.81,12.81
"Finland, Pori (Bjorneborg)",,,,,,,,,,,,,,,,,,,,,,,,,,14.7,14.7,14.7,14.7,15.36,15.99,15.99,15.99,21.02,21.08,21.06,21.06,8.41,8.41,8.41,16.11,16.11,16.11,16.11,16.11,16.11,16.11,16.11,16.11,16.11,16.11,8.95,8.95,8.95,8.95,8.95,8.95,8.95,8.95,8.95,8.95,8.95,8.95,8.95,8.95,8.95,8.95,8.95,8.95,,,,,,,,,,,,,
"Finland, Raahe",6.3,,,,,,,,,,,,,,,,,,,,11.56,12.41,12.41,,12.19,12.19,12.19,12.19,12.19,12.19,12.19,12.43,12.43,12.43,12.43,12.43,12.43,,,,,,,,,,,,,,,,,,,,,,,,,,,,,,,,,,,,,,,,,,,,,
"Finland, Rauma",51.66,57.88,58.78,48.25,55.97,57.47,54.08,60.72,62.08,61.94,64.54,79.13,80.4,93.87,90.83,90.62,93.54,94.74,94.14,82.35,80.39,83.65,75.5,82.61,78.25,89.9,81.02,77,75.52,85.66,85.33,89.11,88.19,95.01,88.21,88.82,85.07,82.98,87.66,89.59,87.68,76.45,74.39,58.48,60.11,58.44,63.94,63.14,63.29,70.03,54.31,49.27,57.05,63.75,78.11,75.53,75.52,74.69,74.76,74.18,64.49,75.26,75.93,68.63,64.35,63.71,71.75,79.19,72.37,82.31,89.43,88.85,77.3,72.92,72.92,87.28,89.76,84.19,77.82,89.29,95.76,95.64
"Finland, Tornio",10.67,10.04,10.04,10.04,15.31,9.24,9.24,9.24,9.24,9.24,17.2,17.2,17.2,17.2,17.2,17.2,17.2,17.2,17.2,9.24,9.24,18.48,18.48,18.48,17.84,17.84,17.84,18.75,18.75,18.75,18.75,18.99,19.63,19.63,19.63,19.63,19.63,19.63,19.63,19.63,18.99,19.64,19.64,19.68,20.32,20.32,20.32,20.32,20.32,22.14,22.14,22.14,22.14,22.78,22.78,22.78,22.09,22.09,22.09,21.39,21.39,22.25,22.25,22.07,21.44,17.67,17.67,17.67,18.06,10.7,10.7,10.7,10.7,20.45,20.45,21.63,18.7,19.98,18.86,11.89,19.37,19.37
"Finland, Turku",20.36,17.7,19.86,19.65,19.65,19.7,19.17,19.17,20.7,20.7,20.7,31.97,41.66,41.48,31.97,36.59,32.38,32.4,32.4,21.14,21.77,20.5,20.5,23.75,22.44,22.44,8.76,23.68,10.04,10.04,10.04,10.04,10.04,10.04,10.04,10.04,10.04,10.04,10.04,10.04,10.04,10.04,10.04,10.04,10.04,10.04,10.04,12.11,12.11,12.11,12.11,12.11,12.11,12.11,12.11,12.11,12.11,12.11,12.11,12.11,12.11,12.11,12.11,12.11,12.11,12.11,12.11,12.11,12.11,12.11,12.11,12.11,12.11,12.11,12.11,12.11,12.11,12.11,12.11,12.11,12.11,12.11
"Finland, Valkom (Valko)",,,,,,,,,,,11.26,11.26,11.26,11.26,11.26,11.26,11.26,11.26,11.26,11.26,11.26,9.35,9.35,9.35,9.35,9.35,9.35,14.7,14.7,14.7,14.7,14.81,14.81,14.81,14.81,14.81,14.81,14.81,14.81,14.81,14.81,14.81,14.81,14.84,14.84,14.84,14.84,14.84,14.84,14.84,15.88,15.88,15.88,15.88,15.88,15.88,15.88,15.88,15.88,15.88,15.88,15.88,15.88,15.88,15.88,12.82,12.82,12.82,12.82,12.82,12.82,12.82,12.82,12.82,12.82,12.82,12.82,12.82,12.82,12.82,12.82,12.82
"France, Bassens",,,,,,,,,,,,,,,20.44,,,,,,,,,11.8,11.16,11.16,11.16,11.16,11.16,11.16,22.03,22.03,22.03,22.03,22.03,10.79,10.79,11.81,11.81,30.56,30.59,31.05,31.02,11.17,11.17,11.17,11.17,11.17,11.17,11.17,11.17,11.17,11.17,11.17,11.17,11.17,11.17,11.17,11.16,11.16,11.16,11.16,11.16,11.16,11.16,10.71,10.71,10.71,11.16,11.16,11.16,11.16,11.16,11.16,11.16,11.16,11.16,11.16,11.16,11.16,13.42,13.42
"France, Bayonne (FR)",12.03,12.03,12.03,12.03,12.03,12.03,12.03,12.03,12.03,12.03,,,,,,,,,,,,,,,,,,,,,,,,7.93,7.93,7.93,7.93,7.93,7.93,7.93,,,,,,,,,,,,,,,,,,,,,,,,,,,,,,,,,,,,,,,,,,
"France, Bordeaux",10.53,10.53,10.53,10.53,34.52,35.15,35.15,34.32,35.39,20.97,17.35,17.35,20.01,20.01,20.01,20.01,20.85,20.85,20.01,20.01,20.01,20.01,21.49,14.09,,,,,,,,,,,,,,,,,,,,,,,,,,,,,,,,,,,,,,,,,,,,,,,,,,,,,,,,,,
"France, Brest",11.13,11.13,11.13,11.13,19.22,19.22,19.15,19.15,19.59,18.48,18.48,18.53,28.44,26.71,26.65,26.65,26.65,34.06,26.07,25.99,26.34,26.34,28.59,29.86,29.23,29.3,29.3,29.3,29.7,30.4,29.39,29.39,29.39,29.39,29.39,29.57,28.87,29.88,37.47,37.63,36.92,36.87,37,29.04,33.43,28.96,32.16,30.18,32.6,28.89,33.62,33.05,31.82,23.94,22.53,21.42,21.44,21.41,21.46,22.24,22.21,22.21,22.21,21.51,20.93,27.2,27.26,20.42,20.91,20.91,20.27,20.27,20.27,20.89,19.22,19.41,19.41,19.41,19.86,19.86,22.3,28.39
"France, Caen",27.47,27.47,27.47,15.39,15.39,15.37,15.37,15.37,15.37,15.37,13.05,13.05,13.04,13.04,13.04,13.04,13.04,13.04,13.04,11.65,11.65,11.65,11.65,11.65,11.65,,,,,,,,,,,,,,,,,,,,,,,,,,,,,,,,,,,,,,,,,,,,,,,,,,,,,,,,,
"France, Calais",,,,,,,,,,,,,,,,,,,,,,,,,,,,,,,,,,,,,,,,,,,,,,,,,,,,,,,,26.75,,,,,,,,,,,,,,,,,,,,,,,,,,
"France, Cherbourg",,,,,,,,,,,,,,,,,,,,8.15,8.15,8.15,8.15,19.47,8.15,8.15,,,,,,,,,9.34,,,,,,,,,,,,,,,,,,,,,,,,,,,,,,,,,,,,,,,,,,,,,,,
"France, Dunkirk",154.31,150.5,150.56,154.67,158.24,153.16,177.54,175.77,156.6,109.74,162.93,144.67,142.77,140.37,125.16,114.56,119.76,129.26,122.57,126.82,134.85,139.83,145.77,138.98,131.55,143.71,162.68,159.28,162.33,175.17,166.22,165.25,171.59,172.37,162.19,164.81,125.17,144.81,168.99,181.94,193.78,186.68,167.77,176.42,180.63,180.54,185.32,178.43,199.5,193.99,189.52,187.03,181.3,180.54,168.53,174.03,176.17,168.06,166.89,180.1,185.68,181.24,182.16,179.59,179.12,180.83,180.89,181.24,179.04,178.57,190.22,195.67,172.13,196.93,183.8,188.59,182.98,160.77,172.76,161.47,164.18,176.61
"France, Fecamp",,,,,,,,,,,,,,,,,,,,,,,,,,,,,,,,,,,,,,,,,,,,,,,,,,,,,,,,,,,,,,,,,,,,,,8.49,8.49,8.49,8.49,8.49,8.49,8.49,8.49,8.49,8.49,8.49,8.49,8.49
"France, Fos",236.48,238.52,227.41,238.58,224.93,240.49,232.11,240.14,242.05,247.36,218.63,226.59,199.27,219.84,229.8,235.07,228.12,239.74,232.88,230.4,232.94,227.17,218.71,178.3,195.2,244.66,235.46,246.73,253.03,261.44,289.42,286.73,282.38,281.97,286.79,289.48,287.81,283.46,283.58,294.82,297.11,302.56,304.07,296.64,293.06,304.19,310.28,316.52,301.74,305.78,316.73,320.7,314.65,306.81,303.59,318.74,309.23,290.22,301.77,292.75,303.96,286.45,290.84,282.46,288.71,263.96,252.37,278.84,277.05,281.12,307.86,300.35,296.25,295.29,316.63,304.32,308.77,296.15,273.89,279.64,321.3,333.88
"France, La Pallice",14.96,14.96,14.96,10.53,,,,,,,,,,,,,,,,,,,,,,26.35,28.96,28.96,32.76,39.31,33.99,33.99,31.42,31.55,21.54,21.54,21.54,21.54,21.54,21.54,21.54,21.54,21.54,21.54,21.54,21.54,21.54,21.54,21.54,21.54,21.54,21.54,21.54,21.54,20.89,20.89,20.89,20.89,20.89,20.89,20.89,20.89,20.89,20.89,20.89,20.89,20.89,20.89,20.89,14.34,14.34,14.34,10.89,10.9,10.9,10.9,10.9,10.9,10.9,10.9,10.9,10.9
"France, La Rochelle",37.71,37.07,37.07,28.88,40.64,41.28,41.3,41.3,33.87,33.56,40.74,43.8,43.83,68.12,66.55,66.55,74.08,73.22,67.24,60.58,60.79,36.97,37.6,37.6,36.87,23.61,15.02,15.02,15.02,15.02,10.79,10.79,10.79,10.79,10.79,10.79,10.79,11.81,11.81,11.81,11.81,11.81,11.81,11.17,11.17,11.17,11.17,11.17,11.17,11.17,11.17,11.17,11.17,11.17,11.17,11.17,11.17,11.17,11.16,11.16,11.16,11.16,11.16,11.16,11.16,10.71,10.71,10.71,,,,,,,,,,,,,,
"France, Le Havre",502.38,499.19,496.85,486.6,516.28,515.6,541.61,552.91,567.65,560.75,532.82,521.6,495.75,494.8,490.1,487.09,471.51,461.71,469.71,465.03,465.74,476.55,473.31,449.29,482.94,458.07,470.53,466.84,488.36,498.09,507.7,505.17,503.46,513.62,510.7,489.09,482.52,505.53,535.44,515.61,518.85,489.41,483.12,471.91,475.18,486.58,499.59,507.22,498.24,526.15,492.68,496.22,506.51,497.31,466.14,497.69,489.87,481.29,459.78,476.89,501.56,477.04,450.61,437.77,436.1,442.48,449.82,440,441.93,454.94,458.17,468.01,476.34,469.64,453.24,459.61,456.45,455.6,455.28,449.91,447.66,436.14
"France, Le Verdon",28.44,28.44,29.04,29.04,,,,,,,,,,,,,,,,,,,,,,,,,15.58,16.28,,,,,,,,,,,,,,,,,,,,,,,,,,,,,,,,,,,,,,,,,,,,,,,,,,,,
"France, Lorient",9.59,9.59,9.59,9.59,,,,,,,,,,,,,,,,,,,,,,,,,,,,,,,,,,,,,,,,,,,,,,,,,,,,,,,,,,,,,,,,,,,,,,,,,,,,,,
"France, Marseilles",143.57,147.47,146.61,154.62,154.97,142.2,135.2,137.91,143.01,126.8,113.92,112.95,104.81,98.3,89.97,89.97,103.78,95.12,104.49,105.85,96.64,103.62,96.2,88.46,108.64,75.62,73.85,82.48,82.21,71.75,86.15,86.15,99.62,91.96,93.02,83.31,76.42,85.44,85.44,84.8,89.89,88,87.62,80.65,80.68,83.74,82.56,90.56,91.12,74.47,57.26,51.59,53.78,53.78,54.11,54.27,71.39,71.4,66.58,66.58,66.58,67.34,66.01,69.33,70.08,55.58,57.32,63.58,63.58,65.54,78.91,88.56,87.38,84.3,91.95,91.81,91.9,101.46,100.88,84.77,78.95,77.08
"France, Montoir",60.54,60.56,60.86,60.86,59.43,47.7,66.36,66.28,66.69,66.67,73.48,76.26,81.98,76.8,78.31,79.21,77.23,94.33,88.8,87.04,86.97,88.84,85.94,65.78,65.14,47.85,47.85,48.5,48.9,49.15,48.48,48.73,52.87,52.95,52.95,56.84,54.23,55.27,55.97,57.24,57.14,54.87,54.89,55.03,54.4,56.28,56.35,56.66,56.93,56.91,60.15,59.78,59.06,55.74,56.36,64.72,65.38,65.34,67.52,61.15,62.56,62.5,62.53,63.55,63.47,62.29,62.35,62.91,70.38,69.83,76.43,80.51,81.16,77.28,76.66,72.98,72.59,71.93,75.41,77.25,70.13,67.59
"France, Nantes",14.96,14.96,14.96,,,,,,,,,,,,,,,,,,,,,,,16.3,16.3,16.3,16.3,16.3,16.3,16.3,,,,,,,,,,,,,,,,,,,,,,,,,,,,,,,,,,,,,,,,,,,,,,,,,,
"France, Port Vendres",,,,,,,,,17.48,15.67,11.03,10.39,10.39,8,8,8,16.96,16.96,8,18.85,18.85,19.14,18.5,18.5,20.41,20.41,9.88,20.51,20.51,21.05,9.88,9.88,21.04,21.04,21.04,9.88,9.88,21.68,21.68,21.68,21.68,21.68,10.52,10.96,21.77,21.83,10.96,10.96,10.96,10.96,10.96,10.96,22.47,22.46,10.96,9.6,9.86,9.86,9.86,9.86,9.86,9.86,9.86,9.86,9.86,9.86,9.86,21.2,21.2,9.86,9.86,9.86,9.86,12.37,12.37,12.37,12.37,12.37,12.37,12.37,12.37,12.37
"France, Radicatel",7.73,,,,,,,,,,,,,7.73,7.73,7.73,19.2,19.2,,,9.49,9.49,9.49,11.36,11.31,11.31,11.31,11.31,,8.57,8.57,20.25,19.28,19.28,19.28,19.28,19.28,12.12,,,,,,,30.79,30.66,31.33,21.65,22.32,15.04,15.04,14.41,11.83,11.83,11.83,11.7,11.7,13.18,12.97,13.18,13.18,13.62,13.17,13.17,12.54,12.54,12.54,12.54,12.54,12.54,12.54,12.54,12.54,12.56,12.56,12.56,12.56,12.56,12.56,12.56,12.56,12.56
"France, Rouen",101.6,101.62,108.49,107.83,98.16,88.49,88.54,86.97,68.41,75.11,104.46,103.51,104.12,96.66,106.14,106.14,102.32,102.09,101.53,99.74,97.15,97.39,87.65,87.65,80.99,74.13,66.18,66.18,81.87,75.08,87.95,87.96,76.87,85.39,80.42,85.37,84.93,78.96,76.96,77.03,66.9,65.6,54.6,54.76,47.47,46.19,46.18,46.77,45.49,46.13,35.38,38,38,38,37.34,37.34,27.69,27.69,30.07,30.07,30.07,30.07,30.04,30.04,30.04,20.84,20.84,20.84,20.84,20.84,20.84,20.84,17.38,17.39,17.39,17.39,17.39,17.39,17.39,17.39,17.39,17.39
"France, Sete",,,,,,,,,,18.64,18.64,18.64,18.64,,,,,14.83,14.83,14.83,14.83,16.09,16.09,52.64,39.99,23.32,23.32,23.32,14.31,11.72,,,,,,,,,,,,,,14.18,14.18,14.18,14.18,14.18,14.18,14.18,14.18,14.18,14.18,14.18,14.18,14.18,14.18,14.18,14.18,14.18,14.18,14.18,14.18,14.18,14.18,,,,,,,,,,,,,13.84,,,13.17,13.17
"France, Toulon",,,,,,,,,,,,,,,,,,,,8.51,8.51,8.51,8.51,8.51,8.51,8.51,8.51,8.51,8.51,8.51,8.51,8.51,20.47,20.47,20.87,20.87,20.75,20.75,20.75,20.75,20.75,8.51,8.51,8.51,8.51,8.51,8.51,8.51,8.51,8.51,8.51,8.51,8.51,8.51,8.51,8.51,8.51,8.51,,,,,,,,,,,,,,,,,,,,,,,,
"French Guiana, Degrad des Cannes",36.59,36.59,36.59,36,36,38.56,38.62,28.08,28.19,27.44,28.1,28.79,28.79,28.15,28.15,28.15,28.15,28.15,28.15,27.52,28.15,28.15,27.56,27.56,27.56,27.56,32.9,27.76,27.76,27.76,27.95,27.76,27.76,27.76,27.76,27.76,27.76,27.76,27.76,29.34,29.66,29.66,29.52,29.48,29.48,29.48,29.48,30.75,30.75,30.04,30.11,30.11,30.11,30.11,28.84,28.84,29.27,28.94,28.99,28.99,28.99,28.99,28.99,28.99,28.99,28.96,28.97,29.1,29.15,28.51,28.22,27.58,28.85,31.46,31.46,31.46,31.46,31.45,31.45,31.45,27.59,27.59
"French Polynesia, Bora Bora",,,,,,,,,,,,,,,,,,,,,,,,,,,,,,,,,,,,,,,,,5.9,5.9,5.9,5.9,5.9,5.9,5.9,5.9,5.9,5.9,5.9,5.9,5.9,5.9,5.9,5.9,5.9,5.9,5.9,5.9,5.9,5.9,5.9,5.9,5.9,5.9,5.9,5.9,5.9,5.9,5.9,5.9,5.9,5.98,5.98,5.98,5.98,5.98,5.98,5.98,5.98,5.98
"French Polynesia, Papeete",82.43,84.32,93.59,90.83,100,99.8,111.48,108.73,103.64,108.07,101.26,101.45,98.79,98.78,84.97,84.97,84.97,81.75,82.35,82.35,81.71,84.39,81.7,86.74,87.26,78.16,81.3,81.61,83.72,68.51,67.23,73.77,66.94,59.5,56.04,56.04,56.04,56.15,56.16,78.47,83.77,83.16,80.59,83.22,84.42,84.51,86.17,80.16,79.08,84.25,83.5,75.31,76.51,77.18,96.88,88.25,85.03,86.66,87.82,86.55,86.57,88.56,95.05,86.79,83.55,85.13,65.37,84.39,84.39,82.57,82.43,84.25,84.26,85.23,85.22,83.83,83.1,83.7,83.03,83.02,92.24,101.46
"Gabon, Libreville",62.6,61.19,60.27,59.04,61.87,61.65,54.64,64.11,63.47,63.12,84.25,82.84,75.77,77.04,68.66,68.65,76.02,69.43,67,62.12,53.5,57.01,73.52,75.92,68.45,88.84,79.92,82.68,86.07,91.22,74.23,74.3,71.96,60.24,60.97,49.31,56.01,51.41,53.36,52.22,54.74,57.6,61.21,69.88,69.35,70.07,70.18,70.21,66.19,73.67,75.03,65.38,68.74,74.19,61.84,61.79,59.07,53.03,53.01,53.01,47.56,48.67,52.07,51.52,51.52,56.76,56.04,56.65,58.5,58.49,58.83,57.7,57.63,52.56,52.42,48.65,48.77,35.13,44.09,44.1,44.09,44.09
"Gabon, Mayumba",,,,,,,,,,,,,,,,,,,,,,,,,,,,,,11.55,11.55,11.55,11.55,,,,,,,,,,,,,,,,,,,,,,,,,,,,,,,,,,,,,,,,,,,,,,,,,
"Gabon, Port Gentil",54.49,62.17,58.24,51.82,54.76,55.03,47.46,47.47,42,42.63,46.73,43.87,43.91,48.49,44.64,50.79,47.98,51.32,50.31,50.55,45.57,45.82,46.46,46.71,45.97,40.82,46.68,46.68,42.03,42.03,43.73,43.74,56.97,58.37,57.86,58.91,52.06,53.66,56.36,56.99,59.7,60.17,67,66.36,66.4,66.42,66.11,61.08,59.78,66.5,64.82,47.7,47.7,47.7,47.04,47.04,43.2,43.2,45.63,45.63,43.56,44.46,46.6,46.68,41.89,41.89,41.84,41.89,41.89,41.89,44.04,44.04,43.97,44.32,44.32,44.26,47.19,47.12,41.49,41.49,41.49,41.49
"Gambia, Banjul",21.33,26.57,25.44,22.87,23.06,23.69,31.94,33.33,36.05,36.05,33.22,39.34,39.34,41.87,39.32,42.13,42.28,42.65,42.65,39.08,45.22,42.86,36.8,39.62,42.4,56.95,53.85,69.26,70.22,60.89,54.04,54.72,56.13,56.14,60.67,51.71,50.16,58.94,59.03,53.56,50.18,53.78,53.8,43.42,42.16,35,41.9,41.99,41.83,50.02,45.69,33.87,32.72,32.73,36.85,32.07,32.19,32.19,32.48,31.7,32.84,31.77,28.76,31.98,28.6,29.65,30.26,29.71,29.02,25.2,25.82,25.82,25.84,26.58,33.06,26.3,33.04,33.02,31.51,34.73,34.72,39.02
"Georgia, Batumi",,,,,,,,,,10.97,10.97,10.94,10.94,10.57,10.57,10.57,12.45,11.6,,13.6,14.72,14.72,14.72,14.72,14.72,14.72,14.72,14.16,12.97,13.14,12.88,14.19,14.19,14.19,14.19,14.19,12.64,,,,,13.43,13.43,13.43,19.71,20.57,19.56,20.92,21.58,21.85,26.17,26.94,26.47,21.61,21.64,21.48,21.64,21.64,18.1,18.1,23.1,23.1,23.26,23.06,22.91,21.63,30.04,31.53,33.14,37,37.08,32.39,32.39,37.91,29.67,29.67,27.5,27.5,27.51,27.51,27.51,27.19
"Georgia, Poti",49.5,45.41,45.85,44.65,35.71,37.59,35.31,39.12,52.97,51.25,55.3,50.01,43.48,39.5,40.06,40.67,55.93,52.05,58.58,54.07,56.73,56.11,52.62,60.12,60.08,64.04,63.55,49.53,47.51,46.58,53.74,50.7,51.93,51.93,51.93,52.59,47.66,47.77,45.92,45.74,45.73,42.45,42.43,40.75,40.51,40.99,37.48,38.11,38.11,42.98,44.77,37.84,37.79,46.74,44.69,44.62,44.05,36.66,36.62,37.26,35.04,35.04,30.2,29.45,29.6,29.44,38.05,30.16,47.82,51.22,51.98,49.42,43.76,43.75,47.24,47.27,50.98,47.56,53.56,49.1,49.84,56.86
"Germany, Bonn",16.99,16.99,16.99,16.99,16.99,16.99,16.99,16.99,16.99,16.99,16.99,16.99,16.99,16.99,16.99,16.99,16.99,16.99,16.99,16.99,16.99,16.99,16.99,16.99,16.99,16.99,16.99,16.99,,,,,,,,,,,,,,,,,,,,,,,,,,,,,,,,,,,,,,,,,,,,,,,,,,,,,,
"Germany, Brake",15.41,15.41,15.41,15.41,14.11,14.11,14.11,14.11,14.11,21.12,21.12,21.12,21.12,18.67,18.67,18.67,18.67,18.67,18.67,18.67,18.67,,,,,,,,24.17,24.17,24.17,24.17,24.17,24.17,24.17,24.17,24.17,24.17,33.19,33.19,33.19,33.19,24.48,24.44,24.44,24.44,24.44,24.44,25.08,25.08,25.08,13.54,13.54,13.54,13.54,13.54,13.54,13.54,13.54,13.54,13.54,13.54,13.54,13.54,13.54,,,,,,,,,,,,,,,,,
"Germany, Bremen",84.28,84.28,83.34,83.35,72.03,72.03,71.95,81.1,81.1,80.85,93.84,93.84,85.65,91.04,101.22,101.22,101.22,101.22,93.48,92.41,90.52,67.52,67.52,67.52,67.54,59.7,59.7,53.24,53.24,53.24,53.24,53.24,53.24,53.24,53.25,51.32,51.32,51.32,51.32,51.32,51.32,52.38,52.38,53.77,53.77,53.77,53.77,53.77,53.77,46.87,46.87,53.55,53.55,53.55,53.55,53.55,53.55,53.55,42.69,43.15,43.15,43.1,43.1,43.1,43.1,31.76,31.76,31.76,21.43,21.43,11.42,11.42,11.42,11.42,11.2,11.2,11.2,11.2,11.2,11.2,11.2,11.2
"Germany, Bremerhaven",625.54,681.65,682.37,676.76,686.33,681.32,701.65,718.35,700.67,671.86,674.57,664.87,650,567.06,544.24,516.17,515.92,522.15,539.87,523.17,516.36,575.72,568.12,547.16,561.82,603.57,601.13,596.92,570.77,574.87,583.24,571.09,567.6,575.75,549.77,539.61,552.74,524.99,549.07,558.72,556.49,551.95,549.55,559.21,573.79,552.33,560.75,572.42,549.81,554.56,526.31,537.48,499.83,461.28,456.13,462.73,460.39,435.86,449.35,444.76,465.12,452.28,459.27,452.43,437.91,432.63,448.31,454.73,447.66,434.69,445.64,433.34,430.09,449.27,426.75,450.74,470.3,477.09,498.32,507.01,518.83,529.84
"Germany, Brunsbuettel",7.81,25.89,7.81,7.81,,,,,,,,,,,,,,,,,,,,,,,19.98,19.98,19.98,19.98,19.98,19.98,19.98,19.98,19.98,19.98,19.98,19.98,19.98,19.98,19.98,19.98,9.59,9.59,9.59,9.59,9.59,9.59,9.59,9.59,9.59,9.59,9.59,9.59,,,,,,,,,,,,,,,,,,,,,,,,,,,,
"Germany, Cuxhaven",27.78,27.78,27.78,27.78,27.78,13.87,13.87,13.87,13.87,13.87,13.87,41.64,41.01,41.01,36.58,36.58,25.14,39.68,39.68,13.87,13.87,13.87,13.87,13.87,13.87,13.87,13.87,13.87,13.87,13.87,13.87,13.87,13.87,13.87,13.87,13.87,13.87,13.87,13.87,13.87,13.87,13.87,16.35,13.87,13.87,13.87,13.87,13.87,13.87,13.87,13.87,13.87,13.87,13.87,22.26,22.26,22.26,22.26,22.26,13.87,13.87,13.87,13.87,13.87,13.87,13.87,13.87,13.87,13.87,14.51,14.51,14.51,14.51,14.51,14.51,14.51,14.51,14.51,14.51,14.51,14.51,14.51
"Germany, Duisburg",14.16,14.16,14.16,14.16,14.16,14.16,14.16,14.16,7.75,7.75,7.75,7.75,9.44,9.44,9.44,9.44,9.44,9.44,9.44,9.44,9.44,9.44,12.81,12.81,12.81,12.81,12.81,12.81,,,,,,,,,,,,,,,,,,,,,,,,,,,,,,,,,,,,,,,,,,,,,,,,,,,,,,
"Germany, Emden",15.95,15.95,,,,,,,,,,7.89,7.89,7.89,7.89,7.89,7.89,7.89,7.89,8.27,8.27,8.27,8.27,8.27,8.27,8.27,8.27,8.27,8.27,12.23,12.23,12.23,12.23,12.23,12.23,12.23,12.23,14.83,14.83,14.83,18.84,18.84,18.84,18.84,18.84,18.84,18.84,18.84,18.84,18.84,18.84,18.84,18.84,18.84,18.84,18.84,18.84,18.84,18.84,18.84,18.84,18.84,18.84,18.84,18.84,18.2,18.2,18.2,18.2,9.64,9.64,9.64,9.64,9.64,9.64,9.64,9.64,9.64,9.64,9.64,9.64,9.64
"Germany, Hamburg",1041.76,1057.27,1043.9,1031.69,1028.83,1025.54,1047.27,1045.5,1065.46,1057.52,1021.28,1035.09,986.41,942.31,910.48,879.7,882.04,908.67,912.93,862.98,881.25,942.4,908.65,890.39,844.88,853.99,844.53,837.65,831.3,851.68,850.65,835.66,830.93,807.96,814.58,782.77,796.3,792.68,819.1,807.9,801.59,787.55,797.24,762.64,757.3,719.52,711.63,729.92,732.85,722.55,713.63,694.36,720.13,715.11,710.03,716.03,699.58,678.13,684.56,694.82,716.16,717.81,719.31,742.84,745.16,711.1,690.3,674.16,654.7,680.08,663.41,667.42,643.03,644,655.95,663.94,688.21,703.44,698.8,698.39,682.86,690.06
"Germany, Kiel",9.16,9.16,9.16,9.16,9.16,9.16,,,,,,,,14.61,14.61,15.88,,,,,,,,14.43,,,21.59,10.96,10.96,10.96,10.96,10.96,10.96,10.96,10.96,10.96,10.96,10.96,10.96,10.96,10.96,10.96,,,,,,,,,,,,,21.98,21.98,21.98,11.35,21.98,16.66,11.35,11.35,18.43,18.43,18.43,18.43,18.43,18.43,,,,,,,,,,,,,,
"Germany, Koblenz",16.99,16.99,16.99,16.99,16.99,16.99,16.99,16.99,16.99,16.99,16.99,16.99,16.99,16.99,16.99,16.99,16.99,16.99,16.99,16.99,16.99,16.99,16.99,16.99,16.99,16.99,16.99,16.99,,,,,,,,,,,,,,,,,,,,,,,,,,,,,,,,,,,,,,,,,,,,,,,,,,,,,,
"Germany, Krefeld",16.99,16.99,16.99,16.99,16.99,16.99,16.99,16.99,16.99,16.99,16.99,16.99,16.99,16.99,16.99,16.99,16.99,16.99,16.99,16.99,16.99,16.99,16.99,16.99,16.99,16.99,16.99,16.99,,,,,,,,,,,,,,,,,,,,,,,,,,,,,,,,,,,,,,,,,,,,,,,,,,,,,,
"Germany, Lubeck",23.01,33.33,50.07,31.26,32.19,15.85,15.85,8.1,21.77,21.77,28.9,28.9,46.31,46.31,39.17,42.02,42.02,42.02,42.02,40.57,40.57,37.43,29.64,29.64,29.64,29.31,32.21,27.25,27.25,31.81,31.81,31.81,31.81,42.33,42.33,42.33,42.33,44.28,45.56,45.56,45.56,45.56,45.56,52.96,52.96,52.96,52.96,49.06,49.06,48.42,48.42,48.42,48.42,52.33,52.63,42.01,42.65,53.95,50.95,43.97,43.93,44,44,44,43.36,34.73,25.72,25.72,33.28,33.28,42.49,42.49,38.55,37.84,30.42,30.42,30.42,30.42,30.42,30.42,30.04,30.04
"Germany, Ludwigshafen",16.99,16.99,16.99,16.99,16.99,16.99,16.99,16.99,16.99,16.99,16.99,16.99,16.99,16.99,16.99,16.99,16.99,16.99,16.99,16.99,16.99,16.99,16.99,16.99,16.99,16.99,16.99,16.99,,,,,,,,,,,,,,,,,,,,,,,,,,,,,,,,,,,,,,,,,,,,,,,,,,,,,,
"Germany, Mukran",,,,,,,,,,,,,,,,,,,,,,,,,,,,,,,,,,,11.81,11.81,11.81,11.81,11.81,11.81,11.81,11.81,11.81,11.81,11.81,11.81,11.81,11.81,11.81,11.81,11.81,11.81,11.81,15.43,15.43,15.43,,,,,,,,,,,,,,,,,,,,,,,,,,
"Germany, Nordenham",14.96,14.96,14.96,,,,,,,,13.05,13.05,13.04,13.04,13.04,13.04,13.04,13.04,13.04,11.65,11.65,11.65,11.65,11.65,11.65,16.3,16.3,16.3,16.3,16.3,16.3,16.3,,,,,,,,,,,,,,,,,,,,,,,,,,,,,,,,,,,,,,,,,,,,,,,,,,
"Germany, Rostock",,,,,,,,,14.45,14.45,14.45,14.45,14.45,14.45,14.45,14.45,14.45,14.45,14.45,22.93,22.93,22.93,24.2,24.2,24.2,26.78,37.18,37.18,37.18,37.18,24.85,24.85,24.85,24.85,24.85,24.85,26.73,40.95,48.7,48.7,45.04,45.04,34.65,34.65,20.68,20.68,20.68,20.68,20.68,20.68,20.68,11.8,11.8,11.8,18.19,18.19,18.19,18.19,18.53,18.53,18.53,18.53,18.53,18.53,18.53,33.53,33.53,17.9,17.9,15.08,15.08,15.08,7.42,7.42,7.42,7.42,7.42,7.42,7.42,7.42,7.42,7.42
"Germany, Sassnitz",,,,,,,,,,,8.37,8.37,8.37,8.37,,,,,,,,,,,,,,,,,,,,,,,,,,,,,,,,,,,,,,,,,,,,,,,,,,,,,,,,,,,,,,,,,,,,
"Germany, Travemunde",7.67,,,,,,,,,,,,,,,,,,,,,,,,,17.78,24.57,23.18,23.18,27.75,27.75,27.75,27.75,27.75,27.75,27.75,27.75,23.18,32.22,32.22,32.22,32.22,32.22,32.22,32.22,32.22,32.22,32.22,32.22,32.22,32.22,23.18,23.18,23.18,15.8,15.8,15.8,15.8,15.8,15.8,15.8,15.8,15.8,15.8,15.8,15.8,15.8,15.8,15.31,15.31,15.31,15.31,15.31,14.04,14.04,14.04,14.04,14.04,14.04,14.04,13.66,13.66
"Germany, Wilhelmshaven",,,,,,,,,,,,,,,,,,,,,,,,,,,,67.34,58.55,58.56,58.24,53.36,53.36,61.13,58.4,71.56,126.62,121.21,132.63,132.59,142.04,132.38,133.99,161.75,137.44,154.56,159.45,178.65,180.77,166.03,158.61,159.18,166.02,158.89,159.86,164.7,164.36,163.55,164.05,151.99,158.92,159,193.03,197.7,197.41,183.47,192.04,198.96,204.79,203.29,195.45,174.7,184.29,197.94,201.61,203.66,198.71,194.14,198.82,200.62,212.49,214.08
"Germany, Wismar",,,,,,,,,,,,,,,,,,,,,,,,,,,,,,,,,,,,,,,,,,,,,,,,,,,,,,,,,,,,,,,,,,,,,,7.59,7.59,7.59,7.59,7.59,7.59,7.59,7.59,7.59,7.59,7.59,7.59,7.59
"Germany, Woerth",16.99,16.99,16.99,16.99,16.99,16.99,16.99,16.99,16.99,16.99,16.99,16.99,16.99,16.99,16.99,16.99,16.99,16.99,16.99,16.99,16.99,16.99,16.99,16.99,16.99,16.99,16.99,16.99,,,,,,,,,,,,,,,,,,,,,,,,,,,,,,,,,,,,,,,,,,,,,,,,,,,,,,
"Ghana, Takoradi",70.47,70.31,64.76,57.06,67.45,57.97,57.54,57.59,50.55,58.43,51.7,50.39,55.92,66.06,75.16,68.13,82.02,74.45,66.62,56.43,77.79,88.09,88.7,84.68,79.32,79.02,82.48,82.96,82.07,85.31,75.51,72.23,81.88,62.6,56.48,64.86,52.26,52.26,58,58.18,59.67,52.95,39.09,69.72,64.31,64.31,92.22,76.29,82.04,78.85,76.21,60,52.07,56.04,51.56,53.37,54.79,50.49,38.6,44.03,42.43,43.05,42.01,42.02,33.18,38.42,31.9,35.17,34.48,42.1,39.36,39.41,32.07,32.31,33.08,33.13,35.56,43.15,43.15,46.61,46.61,35.15
"Ghana, Tema",162.64,160.25,180.51,180.8,190.98,179.56,165.93,166.68,168.12,176.1,188.42,175.73,168.85,174.91,194.7,196.97,207.79,210.58,224.26,216.16,221.55,208.8,210.21,189.48,176.81,153.16,155.4,164.04,165,170.23,169.46,170.98,173.56,177.78,183.77,186.25,180.49,193.01,206.62,206.42,187.36,167.26,171.12,168.35,176.81,165.48,171.91,158.32,158.91,157.21,157.57,156.73,153.31,152.67,147.27,190.33,185.38,206.46,229.72,235.75,237.12,223.69,216.01,213.43,209.63,213.99,209.93,210.96,215.41,223.67,229.47,220.53,217.65,255.58,245.18,257.42,255.25,306.23,314.04,323.43,325.17,322.38
"Gibraltar, Gibraltar",11.43,15.85,19.53,19.53,19.53,19.53,19.53,19.53,19.53,19.56,19.56,11.96,11.96,11.96,11.96,11.96,11.96,11.96,11.96,11.96,11.96,21.46,21.46,11.98,21.23,23.19,23.19,24.46,9.88,9.88,9.88,19.67,20.3,20.3,20.3,20.3,20.3,23.32,11.05,22.66,11.05,22.68,23.32,11.04,11.04,11.04,11.04,11.04,11.04,22.03,12.62,12.79,11.41,11.41,11.41,15.64,15.64,13.1,,15.01,15.01,15,14.98,15,15.61,15.61,15.61,15.61,,,,,,,,14.95,14.95,15.12,15.12,9.34,9.34,10.94
"Greece, Astakos",,,,,,,,,,,44.01,42.96,29.69,8.69,11.85,13.23,18.73,14.56,,,,,,,,,,,,,,,,,,,,,,,,,,,,,,,,,,,,,,,,,,,,,,,,,,,,,,,,,,,,,,,,
"Greece, Heraklion",12.43,25.07,25.07,24.43,24.43,24.43,24.03,22.79,21.85,20.99,25.24,23.58,22.78,24.73,18.57,22.77,22.12,19.01,19.01,18.93,18.98,22.25,19.65,19.65,19.65,24.1,24.1,21.22,11.2,11.66,9.93,11.66,11.66,11.66,11.66,11.66,9.61,10.52,10.52,10.52,9.84,9.84,9.84,13.65,13.65,13.65,13.65,13.65,13.65,13.65,10.68,10.68,10.68,10.68,10.68,10.68,10.68,10.68,10.68,10.68,10.68,10.68,10.68,10.68,10.68,10.68,10.68,10.68,10.68,10.68,10.68,10.68,10.68,10.61,10.89,10.89,10.89,10.89,10.89,10.89,10.93,10.93
"Greece, Kastellorizou",,,,,,,,,,,,,,,,,,,,,,,,,,,,,,,,,,,,,,,,,,,,,,,,,10.35,,,,,,,,,,,,,,,,,,,,,,,,,,,,,,,,,
"Greece, Laurium",,,,,,,,,,15.08,33.98,34.62,23.04,16.25,,,,,,,,,,,,,,,,,,,,,,,,,,,,,,,,,,,,,,,,,,,,,,,,,,,,,,,,,,,,,,,,,,,,
"Greece, Nea Karvali",,,,,,,,,,,15.46,15.35,15.46,,,,,,,,,,,,,,,,,,,,,,,,,,,,,,,,,,,,,,,,,,,,,,,,,,,,,,,,,,,,,,,,,,,,,
"Greece, Piraeus",296.06,311.84,309.94,306.35,238.71,248.26,279.27,302.45,298.17,280.1,215.84,187.74,210.66,242.55,238.2,251.16,245.04,251.78,248.26,248.81,249.97,265.07,261.47,262.86,260.17,287.7,295.35,306.35,315.44,321.79,338.6,349.92,378.34,368.01,371.86,361.97,363.7,364.71,332.85,333.89,346.68,347.64,344.45,355.17,359.8,390.42,472.4,453.06,484.88,468.03,456.96,461.28,463.56,479.78,483.61,478.66,466.83,459.25,464.25,477.76,471.45,474.54,494.28,478.62,449.56,450.23,446.43,462.51,462.63,472.29,497.35,501.98,476.56,423.87,437.02,450.2,477.94,458.7,440.66,429.12,431.57,433.48
"Greece, Skaramangas",,,,,,,,,,,,15.47,,,,,,,,,,,,,,,,,,,,,,,,,,,,,,,,,,,,,,,,,,,,,,,,,,,,,,,,,,,,,,,,,,,,,,
"Greece, Thessaloniki",146.99,142.92,122.51,126.57,129,152.45,171.61,147.26,137.36,119.2,90.41,70.01,57.49,74.51,99.8,111.2,106.63,107.43,101.12,96.15,101.54,106.86,100.6,102.01,96.24,90.53,103.07,115.55,106.3,108.91,107.27,116.37,116.91,121.01,123.52,124.63,131.11,103.02,112.14,111.26,110.71,103.58,104.76,107.74,107.19,120.13,106.37,113.13,100.84,75.65,66.29,73.65,72.44,71.81,70.31,77.41,79.27,78.32,86.23,86.85,83.75,83.6,81.34,91.47,86.77,98.38,107.87,100.51,112.24,110.47,130.83,134.28,126.92,124.17,105.04,111.82,111.63,111.1,111.04,112.44,103.39,108.57
"Greece, Volos",37.32,37.32,37.32,37.18,35.81,35.81,38.91,29.96,29.96,29.41,29.27,21.63,21.63,20.02,38.06,38.02,41.87,38.1,38.05,40.35,18.67,18.67,18.67,19.11,19.14,19.14,19.14,19.14,19.14,19.14,19.14,19.14,19.14,19.14,19.14,19.14,19.14,19.14,19.14,19.14,19.14,19.14,19.14,19.14,19.14,19.14,19.14,18.4,18.4,10.68,11.15,11.15,11.47,11.47,10.68,10.68,10.68,10.68,10.68,10.68,10.68,10.68,10.68,10.68,10.68,10.68,10.68,10.68,10.68,10.68,10.68,10.68,10.68,10.61,10.89,10.89,10.89,10.89,10.89,10.89,10.93,10.93
"Greenland, Nuuk",9.54,9.54,9.54,9.54,,,,,,,,,,,,,,,,,,,,,,,,10.04,9.47,9.47,9.5,9.46,9.46,9.46,11.66,11.66,11.66,11.66,11.66,11.66,11.66,11.66,13.44,13.44,13.44,13.44,13.44,13.44,13.44,13.44,13.44,13.44,13.44,13.44,13.44,13.44,13.44,13.44,26.21,28.3,28.3,24.84,24.84,24.84,24.84,24.84,24.84,24.84,24.84,24.84,24.84,24.84,24.84,24.86,24.86,24.86,24.86,24.86,24.86,24.86,24.86,24.86
"Greenland, Sisimiut",,,,,,,,,,,,,,,,,,,,,,,,,,,,,,,,,,,,,,,,,,,13.44,13.44,13.44,13.44,13.44,13.44,13.44,13.44,13.44,13.44,13.44,13.44,13.44,13.44,13.44,13.44,13.44,13.44,13.44,7.88,7.88,7.88,7.88,7.88,7.88,7.88,7.88,7.88,7.88,7.88,7.88,8.07,8.07,8.07,8.07,8.07,8.07,8.07,8.07,8.07
"Grenada, St George's",42.09,42.09,42.09,42.09,54.48,57.15,57.15,54.61,54.62,54.63,54.72,54.72,54.72,42.96,42.96,42.96,42.86,42.86,42.86,38.23,38.22,38.22,38.22,40.16,40.16,55.18,55.19,55.19,56.1,59.51,63.1,63.1,57.09,56.78,56.78,48.93,47.03,47.03,47.03,47.66,56.7,52.99,41.08,41.09,41.85,41.85,48.01,40.48,40.48,61.42,52.99,41.39,40.12,48.13,48.17,48.17,48.23,48.23,47.46,47.45,48.11,48.13,48.13,43.64,35.71,43.86,43.86,44.52,50.51,48.61,41.74,41.74,46.35,42.54,42.54,42.54,42.54,42.53,42.53,42.53,40.47,40.53
"Guadeloupe, Gustavia",13.7,18.62,13.06,13.06,13.06,13.06,13.06,11.15,11.15,11.15,11.15,11.15,11.15,11.15,11.15,11.15,11.15,11.15,11.15,11.15,11.15,11.15,11.15,16.04,16.04,16.04,16.04,16.04,16.04,16.04,26.48,26.48,26.48,26.49,26.49,27.12,27.12,27.12,27.12,27.12,27.12,31.67,31.67,31.58,32.31,32.31,39.98,39.96,39.96,39.32,39.32,39.32,35.21,35.21,35.21,35.21,28.81,28.81,28.81,28.81,28.81,28.81,28.81,,,,,,,,,,7.9,7.9,7.9,7.9,7.9,7.9,17.49,17.49,17.49,17.49
"Guadeloupe, Marigot",13.7,13.06,13.06,13.06,13.06,13.06,13.06,,,,,,,11.34,11.34,11.34,11.34,11.34,11.34,11.34,11.34,11.34,11.34,11.34,11.34,11.34,11.34,,,,,,,,,,,,,,,,,,,,,,,,,,,,,,,,,,,,,,,,,,,,,,7.9,7.9,7.9,7.9,7.9,7.9,7.9,7.9,7.9,7.9
"Guadeloupe, Pointe-a-Pitre",64.36,64.37,64.39,63.32,63.33,61.47,62.15,52.05,52.18,52.68,52.11,52.17,52.17,52.2,52.27,52.27,51.06,51.06,50.91,49.18,49.97,49.97,49.96,55.44,59.9,57.61,70.01,70.47,69.51,67.58,68.09,68.73,69.31,63.96,63.33,57.97,57.97,64.16,66.93,63.14,65.23,72.29,70.51,70.61,71.38,71.82,74.98,70.76,60.49,61.27,58.36,58.57,62.57,77.43,83.14,74.35,72.44,82.77,76.01,81.3,76.87,76.9,76.23,81.31,75.78,75.79,75.18,75.94,75.82,75.61,74.79,78.85,78.44,78.93,78.88,87.9,87.94,80.23,86.6,93.11,89.12,89.16
"Guam, Apra",47.79,47.79,51.52,51.52,51.82,52.05,52.09,49.82,49.82,49.88,63.81,63.81,61.91,58.75,48.47,48.47,49.11,54.86,54.22,54.22,53.58,58.81,53.7,45.36,49.11,49.11,49.11,49.11,56.95,56.07,56.09,56.13,56.14,56.14,58.72,58.72,58.72,58.71,57.4,57.37,62.53,63.81,63.81,63.81,59.98,59.98,59.98,48.03,48.01,48.01,48.01,49.06,48.42,48.42,40.78,43.42,43.42,42.93,43.05,43.12,43.08,43.08,43.08,42.45,42.45,42.45,42.45,42.45,42.45,42.45,42.45,42.45,42.45,42.51,42.51,42.51,42.48,42.48,42.48,42.48,42.48,42.48
"Guam, Piti",,,,,,,,,,,,,,,,,,,,,,,,,,,,,,,,,,,,,,,,,,,,,,,,,,,,,,,14.17,14.17,14.17,14.17,14.17,14.17,14.17,14.17,15.15,15.15,15.35,15.35,15.35,15.35,15.35,15.35,15.35,15.35,15.35,15.36,15.36,15.36,15.36,15.36,15.36,15.36,15.36,15.36
"Guatemala, Puerto Barrios",49.86,49.86,49.74,49.74,49.74,49.74,49.74,47.86,43.33,43.35,43.35,42.58,42.58,43.95,51.03,41.65,41.65,41.65,41.65,46.75,46.75,46.95,46.95,43.21,43.21,43.21,43.21,47.54,56.33,56.65,57.33,57.32,56.5,56.16,56.16,57.48,53.27,53.12,52.64,52.64,52.64,45.56,55.41,52.38,63.25,63.05,63.73,66.32,56.38,47.24,53.43,78.8,80.05,75.58,75.48,71.36,70.72,71.98,82.31,89.21,89.76,89.79,81.06,71.84,71.89,71.89,71.94,71.97,71.95,81.87,82.03,81.95,87.06,74.97,72.52,71.84,73.1,73.1,65.27,65.26,71.49,71.52
"Guatemala, Puerto Quetzal",110.57,115.29,109.91,104.74,104.64,109.55,113.88,113.95,114.49,107.1,114.57,110.05,111.02,109.39,111.39,113.85,112.57,113.01,99.54,93.85,87.16,95.93,98.66,92.47,83.86,74.41,68.66,77.23,80.69,94.93,99.73,94.27,94.1,99.55,97,99.66,99.77,84.61,84.61,85.3,88.46,96.34,96.61,94.51,101.04,112.72,117.4,117.44,120.19,132.88,124.12,124.18,131.09,123.26,122.64,122.4,118.8,118.89,130.09,141.03,138.48,174.61,173.89,178.14,182.01,162.44,158.07,158.71,154.41,155.19,155.79,157.89,158.5,149.82,149.85,156.05,161.94,165.4,166.67,164.49,164.88,165.34
"Guatemala, Santo Tomas de Castilla",93.56,98.79,99.46,92.96,90.65,90.54,102.82,103.82,83.24,80.6,93.45,98.65,104.52,110.93,135.28,131.33,144.14,142.37,127.31,123.15,126.76,127.7,128.91,122.95,124.8,124.75,128.92,130,116.93,116.97,124.15,123.74,117.36,123.48,120.21,119.65,131.29,117.99,118.22,118.19,131.32,129.85,143.75,135.82,128.1,111.98,110.13,110.18,109.56,117.81,122.14,102.5,102.49,109.1,104.07,115.51,107.56,104.2,101.45,87.83,80.88,80.93,81.64,80.14,85.11,92.57,92.76,97.74,98.86,98.07,97.81,98.13,104.16,94.63,94.62,94.63,94.76,89.41,91.68,96.31,96.89,96.82
"Guernsey, St Peter Port",10.7,10.7,10.7,10.7,10.7,10.7,10.7,10.7,10.7,10.7,10.7,10.7,10.7,10.7,10.91,10.91,10.91,10.91,10.91,16.4,16.4,16.4,16.4,16.4,16.4,16.4,12.49,12.49,20.23,12.8,12.8,,,,9.34,,,,,,,,,,,,,,,,,,,,,,,,,,,,,11.12,11.12,11.12,11.12,25.19,11.12,11.12,11.12,11.12,11.12,11.12,,,,,,,,
"Guinea, Conakry",71.78,78.2,77.09,82.08,68.08,60.44,59.7,60.56,74.82,86.61,91.23,83.8,83.91,84.39,72.63,72.63,75.41,57.58,66.51,63.41,73.83,73.94,67.95,60.66,52.62,65.8,66.33,68.2,69,68.38,76.12,79.02,73.88,73.72,66.3,50.19,43.99,60.57,73.07,72.76,81.74,80.1,80.16,80.02,74.99,80.46,69.19,80.46,66.34,62.55,73.01,66.94,67.39,67.45,66.1,67.69,60.36,49.22,49.78,44.03,42.45,45.41,46.11,47.74,48.34,47.6,47.71,50.2,50.23,61.61,61.54,62.93,63.15,61.14,52.48,46.54,55.64,56.25,59.01,62.69,44.31,52.94
"Guinea, Kamsar",,,,,,,,,,,,,,,,,,,,,,,,,,,,,,,,,,,,,,,,,,,,,,,,,,,,,,,,,,,,,,,,,,,,,,,,,,,,,,,,,,9.31
"Guinea-Bissau, Bissau",20.83,31.83,31.59,31.59,31.59,29.84,31.76,31.76,26.29,26.92,27.33,27.33,25.9,25.85,37.5,36.65,36.65,27.15,27.15,27.15,27.69,38.32,29.07,29.14,29.14,28.29,28.93,28.93,29.96,21.34,21.34,21.34,21.34,30.35,30.36,21.32,19.67,19.67,20.28,23.17,23.17,16.47,26.32,22.28,21.04,38.04,34.61,21.35,28.17,31.07,41.32,24.9,24.9,22.15,30.89,22.15,24.7,24.7,38.42,21.68,21.68,21.68,29.99,29.99,21.68,21.68,28.39,36.12,36.23,36.45,39.12,36.24,35.79,35.85,34.05,34.73,34.86,34.86,38.12,36.57,28.95,28.99
"Guyana, Georgetown (GY)",67.06,67.06,76.17,70.87,69.23,71.29,72.03,79.32,88.27,88.08,82.39,82.44,82.45,81.8,81.8,81.8,95.92,95.29,89.24,86.16,96.75,91.5,79.23,76.35,79.63,77.21,76.78,77.42,78.68,78.61,85.2,85.2,75.27,80.09,80.1,87.14,85.91,85.89,85.91,85.87,82.7,96.41,94.06,96.18,83.75,93.22,98.07,101.29,87.92,87.85,88.11,88.11,77.49,77.49,77.46,83.07,76.61,69.73,75.62,73.71,73.72,73.72,82.14,88.2,69.86,69.71,71,71.1,74.37,75.76,67.05,83.28,79,86.22,89.23,89.28,98.78,99.39,99.64,99.66,100.23,101.04
"Haiti, Cap Haitien",,,,,,,,,8.64,8.64,9.08,9.08,9.08,9.08,9.08,9.08,9.08,,,,,,,,,,,,9.77,18.1,18.1,18.1,18.1,18.1,18.1,18.1,18.1,18.1,18.1,9.07,9.07,17.24,18.04,18.04,19.87,18.04,18.04,24.67,24.67,24.62,24.21,24.21,24.21,23.38,23.38,23.38,23.55,23.55,24.19,24.19,24.13,24.16,24.16,24.82,26.49,31.63,31.63,31.63,31.63,32.29,31.89,32.02,32.02,34.25,34.25,21.4,31.11,30.81,30.81,30.81,30.89,33.29
"Haiti, Laffiteau",,,,,,,,,,,,,,,,,,,,,,,,,,,,,,,,,,,,,,,,,48.57,48.57,52.12,61.83,51.21,51.21,48.22,48.22,48.22,54.73,52.16,52.16,52.16,53.07,54.73,49.21,49.18,49.25,47.83,38.24,43.59,43.59,43.39,32.26,33.65,34.29,34.29,34.29,34.29,34.35,29,29,29,30.73,30.73,33.58,31.09,31.36,12.78,12.78,12.86,12.86
"Haiti, Port-au-Prince",41.86,48.82,56.8,56.8,53.41,37.23,33.1,42.31,42.1,45.74,33.94,66.05,66.05,74.22,74.12,74.12,64.7,60.07,55.17,72.58,87.55,82.19,82.19,73.98,75.94,85.35,85.37,85.37,100.43,90.94,93.52,93.52,96.05,99.71,99.56,99.91,89.93,91.99,92.09,101.96,80.27,83.67,90.55,75.76,73.34,66.28,49.01,55,64.55,71.06,85.49,85.51,84.98,85.58,90.02,72.97,72.32,79.03,72.88,62.54,61.61,61.01,63.63,58.05,55.81,54.48,54.5,47.99,47.99,55.43,55.51,55.64,55.64,55.69,54.85,54.85,54.89,54.65,49.32,49.32,55.31,55.31
"Honduras, Isla de Guanaja",7.71,7.71,7.71,7.71,7.71,7.71,7.71,7.71,,,,,,,,,,,,,,,,,,,,,,,,,,,,,,,,,,,,,,,,,,,,,,,,,,,,,,,,,,,,,,,,,,,,,,,,,,
"Honduras, La Ceiba",7.71,7.71,7.71,7.71,7.71,7.71,7.71,7.71,,,,,,,,,,,,,,,,,,,,,,,,,,,,,,,,,,,,,,,,,,,,,,,,,,,,,,,,,,,,,,,,,,,,,,,,,,
"Honduras, Puerto Castilla",26.6,26.6,26.6,26.6,26.6,26.6,26.6,26.6,26.6,26.6,26.6,26.6,26.6,26.6,26.6,26.6,26.6,26.6,26.6,26.6,26.6,26.6,26.6,26.6,26.6,34.36,26.6,26.6,26.6,26.6,26.6,26.6,26.6,26.6,26.6,26.6,26.6,26.6,26.6,26.6,26.6,26.6,16.48,16.48,16.48,16.48,16.48,16.48,16.48,16.48,16.48,16.48,11.33,11.33,11.33,20.15,20.15,20.15,20.15,16.8,16.8,22.92,21.9,25.13,25.13,25.13,25.13,25.13,25.13,25.13,25.13,25.13,30.64,30.67,30.67,30.67,30.67,30.67,30.67,30.67,30.67,30.67
"Honduras, Puerto Cortes",130.6,135.92,142.36,142.11,137.56,137.92,152.39,151.96,120.38,111.46,113.94,112.58,123.06,136.56,150.14,145.27,151.85,146.74,143.35,132.78,129.17,126.61,127.82,139.57,139.48,137.1,141.76,144.55,143,143.37,150.59,150.17,143.85,149.63,146.36,147.51,142.74,135.82,135.57,135.54,138.82,139.7,159.24,146.82,152.26,151.21,138.85,140.84,125.23,125.38,132.67,122.32,135.16,132.12,131.95,134.38,120.26,132.76,112.71,115.15,115.7,115.73,119.24,113.17,118.77,132.02,132.25,137.26,138.39,143.64,144.17,152.75,156.2,137.98,135,134.34,135.72,136.26,130.69,135.29,145.11,144.95
"Honduras, Roatan I",15.83,15.83,15.83,15.83,15.83,15.83,15.83,15.83,8.21,8.21,8.21,8.21,16.35,16.35,16.35,16.35,16.35,16.35,16.35,16.35,16.35,16.35,16.35,16.99,16.99,16.99,16.99,16.99,16.99,16.99,16.99,16.99,16.99,16.99,16.99,16.99,16.99,16.99,16.99,16.99,16.99,16.99,16.99,16.99,16.99,16.99,16.99,16.99,16.99,8.21,8.21,8.21,8.21,8.21,,,,,,8.31,8.31,8.31,8.31,8.31,8.31,8.31,8.31,8.31,8.31,8.31,8.31,8.31,8.31,8.31,8.31,8.31,8.31,8.31,9.05,9.05,9.05,9.05
"Honduras, San Lorenzo",,,,,,,,,,,,,,,,,,,,,,,,,,,,,15.33,15.33,15.33,14.69,14.7,14.7,14.7,14.7,14.7,18.16,18.16,18.16,17.95,17.95,17.95,17.95,17.95,17.95,17.31,17.31,17.31,17.31,17.31,17.95,17.95,17.31,17.31,17.31,17.31,17.31,25.29,25.28,25.28,25.28,25.28,25.28,31.79,31.83,31.85,31.85,31.9,31.17,30.95,22.71,22.71,22.89,22.89,23.04,23.08,23.15,23.15,23.15,23.15,23.15
"Iceland, Akureyri",,,,,,,,,,,,,,,,,,,,,,,,,,,,,,,11.71,11.71,11.79,10.19,10.19,10.15,10.15,12.94,12.94,12.94,22.31,22.31,22.31,22.31,22.31,21.32,21.32,10.68,10.68,10.68,21.96,22.36,20.83,10.77,10.77,,,,,,,,,,,,,,13.88,12.27,19.59,19.59,19.59,19.59,19.59,19.59,19.59,19.59,19.59,19.59,12.27,12.27
"Iceland, Bildudalur",,,,,,,,,,,,,,,,,,,,,,,,,,,,,,,,,,,,,,,,,,,,,,,,,,,,,,10.46,10.46,10.46,10.46,9.72,9.72,9.72,9.72,9.72,9.72,9.72,9.72,9.72,9.72,9.72,9.72,,,,,,,,,,,,,
"Iceland, Eskifjordur",16.12,16.12,16.12,16.12,16.12,16.12,16.12,16.12,,,,,,,,,,,,,,,,,,,,,,,,,,,,,,,,,,,,,,,,,,,,,,,,,,,,,,,,,,,,,,,,,,,,,,,,,,
"Iceland, Grundarfjordur, Sanafellness",,,,,,,,,,,,,,,,,,,,,,,,,,,,,,,,,,,,,,,,,,,,,,,,,,,,,15.48,24.16,24.16,24.55,24.55,30.65,30.65,23.62,24.55,29.28,29.28,29.28,29.92,29.92,29.92,29.92,29.93,30.55,30.55,30.55,30.55,30.48,30.48,30.48,25.12,25.12,14.51,14.51,14.51,14.51
"Iceland, Grundartangi",,,,,,,,,14.84,14.84,14.84,,10.56,12.45,12.45,12.45,12.45,,,,,,,,11.86,20.86,20.86,20.86,20.86,20.86,21.49,21.49,21.49,21.49,20.86,20.89,20.89,20.89,20.89,20.26,20.26,20.26,20.26,20.26,20.89,20.93,20.93,20.93,20.93,20.93,20.93,20.93,13.1,13.1,13.1,13.1,13.06,,,,,,,,,,,,,,,,,,,,,,15.2,15.2,15.2,15.2
"Iceland, Hafnarfjørdur",,,,,,,9.8,9.8,9.8,9.8,,,,,,,,,,,,,,,,,,,,,,,,,,,,,,,,,,,,,,,,,,,,,,,,,,,,,,,,,,,,,,,,,,,,,,,,
"Iceland, Husavik",,,,,,,,,,,,,,,,,,,,,,,,,,,,,,,,,,,,,,,,,10.08,10.08,10.08,10.08,10.08,10.08,10.08,9.44,9.44,9.44,,,10.77,10.77,10.77,,,,,,,,,,,,,,13.88,,11.1,11.1,11.1,11.1,11.1,11.1,11.1,11.1,11.1,11.1,,
"Iceland, Isafjordur",,,,,,,,,,,,,,,,,,,,,,,,,,,,,,,11.71,11.71,11.79,10.19,10.19,10.15,10.15,12.94,12.94,12.94,19.23,19.23,19.23,19.23,19.23,10.08,10.08,9.44,9.44,9.44,10.71,10.71,10.71,,,,,,,,,,,,,,,,13.88,12.27,19.59,19.59,19.59,19.59,19.59,19.59,19.59,19.59,19.59,19.59,12.27,12.27
"Iceland, Kopavogur",,,,9.11,9.11,9.11,,,,,,,,,,,,,,,,,,,,,,,,,,,,,,,,,,,,,,,,,,,,,,,,,,,,,,,,,,,,,,,,,,,,,,,,,,,,
"Iceland, Njardhvik",5.55,5.55,5.55,5.55,5.55,5.55,5.55,5.55,5.55,5.55,5.55,5.55,5.55,5.55,5.55,,,,,,,,,,,,,,,,,,,,,,,,,,,,,,,,,,,,,,,,,,,,,,,,,,,,,,,,,,,,,,,,,,,
"Iceland, Reydharfjordur",9.2,10.26,10.26,10.26,10.26,10.26,10.26,10.38,10.38,19.03,19.03,22.14,22.37,22.55,22.55,22.55,22.55,15.48,15.48,21.89,21.89,15.48,15.48,15.48,15.48,16.12,16.12,21.92,21.92,21.14,21.78,16.12,16.12,16.12,15.48,15.48,15.48,15.48,15.48,14.84,25.49,25.49,25.49,25.49,26.13,26.13,34.69,24.05,24.05,24.05,34.73,34.78,31.13,20.44,21.08,22.85,22.85,24.51,24.51,29.54,29.54,29.54,29.54,29.54,29.54,29.54,29.54,29.54,29.54,38.66,38.66,38.66,38.66,38.66,38.66,38.66,38.66,38.66,38.66,38.66,38.66,38.66
"Iceland, Reykjavik",45.62,45.7,45.7,37.91,37.91,37.91,37.94,38.01,36.73,41.46,41.46,36.73,33.29,33.29,33.29,33.29,33.29,32.78,32.78,32.78,32.78,32.78,32.66,33.3,33.94,35.38,35.38,35.38,35.38,35.38,41.33,41.33,41.38,39.78,45.8,45.83,45.83,41.42,41.42,40.78,46.94,46.94,43.4,40.92,41.55,49.28,49.28,49.44,50.04,50.03,50.03,50.08,49.79,48.31,49.02,45.82,45.81,40.65,48.84,50.06,50.27,49.62,49.62,49.62,50.26,50.26,50.26,50.26,52.79,52.8,56.94,56.94,56.94,56.94,56.94,56.94,59.11,59.11,59.79,59.79,55.66,55.66
"Iceland, Saudarkrok",,,,,,,,,,,,,,,,,,,,,,,,,,,,,,,,,,,,,,,,,10.08,10.08,10.08,10.08,10.02,10.02,10.02,8.74,8.74,8.74,10.65,11.41,17.75,10.77,10.77,,,,,,,,,,,,,,13.88,12.27,19.59,19.59,19.59,19.59,19.59,19.59,19.59,19.59,19.59,19.59,12.27,12.27
"Iceland, Straumsvik",11.22,11.22,11.22,11.22,11.22,11.22,11.22,11.22,11.22,11.22,11.22,,,,,,,,,,,,,,,,,,,,,,,,,,,,,,,,,,,,,,,,,,,,,,,,,,,,,,,,,,,,,,,,,,,,,,,
"Iceland, Thorlakshofn",,,,,,,,,,,,,,,,,,,,,,,,,,,,,,,,,,,,,,,,,,,,,,,,,,,,,,,,,,,,,,,,,7.41,7.41,7.41,7.41,7.41,7.41,7.41,7.41,12.42,12.42,12.42,12.42,12.42,7.41,10.41,10.41,10.41,10.41
"Iceland, Vestmannaeyjar",20.55,20.55,20.55,20.55,20.55,20.55,20.56,20.56,20.56,20.56,20.56,20.56,11.22,11.22,11.22,11.22,11.22,11.22,11.22,20.56,20.56,20.56,19.92,19.92,20.56,20.56,20.56,20.56,20.56,21.19,21.19,21.19,21.19,21.19,21.83,21.86,21.86,21.86,21.86,21.86,21.86,21.86,21.86,21.86,21.86,21.9,21.9,21.9,21.9,21.9,22.54,22.54,22.54,22.54,22.54,22.54,22.49,21.97,21.97,21.97,21.86,21.18,21.18,21.18,21.82,21.82,21.82,21.82,21.82,22.45,22.45,22.45,22.45,22.46,22.46,22.46,24.65,24.65,24.65,24.65,24.61,24.61
"Iceland, Vopnafjordur",,,,,,,,,,,,,,,,,,,,,,,,,,,,,,,,,,,,,,,,,,,,,,,,,,,,,,,,,,,,,,,,,,,,,,12.27,12.27,12.27,12.27,12.27,12.27,12.27,12.27,12.27,12.27,12.27,12.27,12.27
"India, Chennai",107.15,109.63,118.58,122.07,130.04,171,183.09,180.5,186.28,191.67,186.81,179.03,186.55,188.73,197.8,188.38,166.77,172.57,163.83,189.1,190.32,196.57,199.4,176.91,199.45,194.23,188.94,194.01,191.81,188.03,182,182.77,179.6,173.58,167.8,182.09,181.72,206.24,181.66,183.14,174.42,174.9,183.07,171.13,189.22,182.29,187.3,184.6,167.02,161.97,161.94,156.12,161.09,159.81,160.47,148.75,153.25,153.35,144,138.28,155.87,155.41,162.59,163.81,156.51,153.77,146.79,157.25,163.58,167.41,168.55,175.17,151.95,156.91,161.98,172.41,181.36,165.74,168.31,185.02,181.7,169.15
"India, Cochin",76.56,58.35,58.74,60.69,97.13,104.97,117.2,105.47,82.98,73.07,84.43,82,72.11,48.54,53.87,51.73,51.73,51.73,48.33,50.89,63.54,46.15,81.52,81.25,109.59,106.04,108.62,112.23,102.73,114.1,105.06,111.85,114.42,110.19,110.19,117.12,118.45,120.69,144.28,151.61,156.92,151.28,154.69,148.37,149.19,138.14,132.39,135.04,133.92,133.28,134.99,135.76,139.34,166.62,164.02,138.74,135.18,135.22,135.89,132.76,132.77,134.89,140.55,134.79,133.41,125.13,124.22,120.12,121.59,138.79,142.16,127.56,128.6,129.6,132.59,125.48,100.94,113.36,98.16,107.28,118.69,96.28
"India, Dharamtar",,,,,,,,,,,,,,,,,,,,,,,,,,,,,,,,,,,,,,,,,,,,,,6.52,6.52,6.52,6.52,6.52,6.52,6.52,6.52,6.52,6.52,6.52,,,,,,,,,,,,,,,,,,,,,,,,,,
"India, Ennore",,,,,,,,,,,,,,,,,,,,,,,,,,,,,,,,,,,,,,,,,,,,,,,,,24.47,23.84,23.84,45.75,30.94,31.14,31.98,35.02,35.1,35.86,28.27,23.79,23.8,53.71,59.8,57.92,65.45,62.78,62.83,70.77,73.75,73.35,94.1,95.16,92.13,91.91,98.32,97.95,95.32,92.99,92.97,92.91,92.93,103.53
"India, Gangavaram",,,,,,,,,,,,,,,,,,,,,,,,,,,,,,,,,,,,,,,,,,,,,,,,,,,,,,,,,,,,,,,,,,,,,,,,,,,,,,,24.26,24.26,24.26,23.84
"India, Haldia",79.15,73.19,73.19,72.53,72.53,67.45,79.85,79.91,82.53,82.96,83.62,86.12,84.14,94.32,85.76,78.55,78.6,81.5,84.63,72.45,82.59,61.38,52.66,49.94,31.26,30.3,30.77,37.69,35.92,35.19,36.36,40.14,40.14,50.25,50.25,35.51,41.9,41.85,42.79,44.95,44.97,56.7,46.85,37.94,37,40.53,44.02,44.05,45.39,48.08,44.33,44.33,46.31,46.24,45.58,44.59,44.59,44.63,47.61,42.41,42.41,49.91,47.2,44.57,47.77,48.79,47.65,47.71,47.41,52.18,40.43,31.06,33.53,33.72,33.75,52.9,55.04,37.43,52.25,58.64,58.67,58.69
"India, Hazira",,,,,,,,,,,,,,,,,,,,,,,,,,,,15.14,56.2,74.92,65.42,76.66,78.2,61.47,62.2,79.21,82.18,83.38,107.26,107.15,111.21,112.77,108.11,128.9,138.53,137.77,155.7,167.63,180.04,168.21,166.42,147.15,125.29,131.19,130.98,123.99,131.99,132.48,137.43,156.37,172.15,165.9,159.16,133.94,118.34,116.83,116.79,133.6,124.73,149.45,141.22,163.33,157.15,148.86,167.19,160.3,157.47,161.82,184.3,179.69,148.94,155.81
"India, Jaigad",,,,,,,,,,,,,,,,,,,,,,,,,,,,,,,,,,,,,,,,,12.55,12.55,12.55,,,,,,,,,,,,,,,,,,,,,,,,,,,,,,,,,,,,,,,
"India, Kakinada",,,,,,,,,,,,,,,,,,,,,,,,,,,,,,,,,,11.33,11.33,8.51,,,,8.82,8.82,8.82,29.66,22.89,22.89,19.03,,,,,,,,,,,,,,,,,,,,,,,,,,,,,,,,,,,,
"India, Kandla",41.66,41.66,44.59,44.42,44.71,56.34,62.01,52.52,55.84,55.84,56.02,51.39,43.27,37.6,42.15,42.15,41.99,44.92,35.78,33.02,26.4,38.24,37.69,38.33,38.33,37.29,37.29,39.54,39.54,27.2,18.52,,,,,19.14,18.09,12.6,12.6,,,,,12.67,21.15,21.15,34.26,32.62,38.83,50.28,61.61,46.18,55.24,61.16,61.16,61.16,54.39,68.4,75.87,60.77,60.21,60.21,61.45,57.71,72.16,69.63,69.4,63.65,63.78,68.95,85.67,93.58,93.15,86.39,100.84,100.25,85.97,86.28,91.21,91.34,91.73,65.17
"India, Kattupalli",,,,,,,,,,,,,,,,,,,,,,,,,,,,,,,,,,,,18.53,37.37,39.34,45.75,54.78,39.93,68.08,84.58,83.77,98.8,93.9,85.03,87.09,96.99,96.35,91.98,95.33,93.02,90.86,94.23,94.04,100.83,99.81,102.07,91.92,115.25,108.12,102.63,102.24,112.5,109,109.32,109.32,106.16,126.99,130.6,124.64,132.38,135.31,138.9,145.86,139.49,137.79,152.43,148.71,146.21,146.46
"India, Kolkata (Calcutta)",54.58,54.58,54.59,60.92,60.93,59.19,72.87,75.63,78.25,78.04,81.91,81.74,82.35,89.19,86.67,99.18,99.23,98.37,100.27,85.02,88.37,86.74,85.34,77.68,81.05,72.2,75.76,75.76,77.25,82.37,73.84,75.04,75.04,78.03,78.03,71.35,77.11,82.84,79.88,77.06,77.08,90.02,92.03,91.27,86.21,95.24,89.8,89.83,95.11,97.83,95.76,90.47,84.74,90.76,90.83,92.41,95.54,96.59,91.88,82.03,80.9,82.32,85.56,92.38,93.8,87.87,94.37,94.25,93.95,100.12,101.87,112.34,112.42,95.62,98.33,92.53,92.32,109.38,109.27,109.39,105.94,99.97
"India, Kozhikode",,,,,,,,,,,,,,,,,,,,,,,,,,,,,,,,,,,,,,,,,,,,,,6.52,6.52,6.52,6.52,6.52,6.52,6.52,6.52,6.52,6.52,6.52,,,,,,,,,,,,,,,,,,,,,,,,,,
"India, Krishnapatnam",,,,,,,,,,,,,,,,,,,,,,,,,,,,24.51,24.51,44.44,49.38,48.31,56.66,38.68,53.89,59.79,28.52,42.24,56.31,42.44,71.9,77.33,83.86,89.18,87.84,109.74,106.17,98.83,97.62,90.03,86.68,87.26,85.21,78.95,77.1,105.21,105.28,111.49,112.07,96.04,95.97,95.6,87.98,94.99,95.02,88.51,82.12,82.75,82.75,89.96,89.38,89.39,44.06,41.44,41.44,28.58,15.74,,,,,
"India, Mangalore",,,,,,,,,,,9.64,9.64,,,,,,,,,,13.59,13.59,13.59,13.59,15.33,15.33,12.55,12.55,12.55,12.55,16.8,16.8,14.65,14.65,13.65,14.07,14.07,15.28,15.15,15.79,24.53,24.53,23.95,27.12,34.81,32.27,32.44,22.31,22.31,27.98,27.98,29.33,29.26,29.26,29.26,22.37,22.37,22.37,25.07,25.07,36.47,35.06,42.61,39.32,39.26,39.26,39.26,39.26,48.35,53.55,52.39,39.73,36.99,46.5,61.88,50.17,57.48,58.36,59.5,48.86,49.65
"India, Mormugao",9.3,9.3,8.73,8.73,8.73,8.73,10.23,10.23,10.23,10.23,10.23,10.43,,,,9.89,9.89,9.89,9.89,11.55,13.32,13.32,11.38,11.38,11.38,11.38,11.38,11.38,11.38,11.38,11.38,11.38,11.38,11.38,11.38,25.73,24.69,24.69,24.69,27.24,30.44,37.87,37.87,30.97,34.14,34.14,30.97,24.62,28.87,28.87,28.87,28.87,24.62,24.62,24.62,24.62,24.62,25.09,25.09,24.62,24.62,26.54,26.54,13.3,13.3,13.3,13.3,13.3,13.3,13.3,,,,,,,,,,,24.01,
"India, Mumbai",107.29,121.69,127.6,118.19,117.24,108.76,109.59,100.49,100.77,94.05,89.5,90.86,98.29,87.9,89.84,95.64,95.48,95.48,91.52,78.8,69.81,74.05,73.87,77.08,71.88,65.73,67.64,67.65,58.62,58.22,58.22,58.14,56.75,63.03,63.03,56.75,56.75,45.07,45.07,44.99,44.99,44.99,44.99,43.95,43.95,43.95,43.95,43.95,50.16,50.16,61.85,61.85,46.59,45.95,45.95,45.95,45.95,45.95,45.95,39.92,39.92,41.19,41.19,28.24,28.24,12.67,12.67,12.67,12.67,12.67,12.67,12.67,12.67,12.67,12.67,12.67,12.67,12.67,12.67,12.67,12.67,12.67
"India, Mundra",135.29,147.99,174.58,168.86,180.11,162.44,176.85,178.36,199.01,201.21,222.42,216.18,216.28,193.63,213.2,206.78,199.25,211.1,215.44,228.69,233.93,253.19,250.9,278.32,291.72,273.46,278.92,283.57,295.18,304.39,319.1,326.71,326.01,306.07,305.76,305.1,331.2,339.14,358.88,382.27,380.24,412.93,434.18,410.93,397.48,400.19,407.43,406.18,408.31,422.53,428.98,425.99,390.67,391.92,390.39,381.94,383.36,370.7,384.32,403.8,427.1,445.25,448.92,471.24,486.37,478.47,487.86,512.45,540.87,576.58,586.59,571.34,566.45,608.33,600.59,629.96,680.35,712.15,663.36,639.34,675.05,636.88
"India, New Mangalore",9.3,9.3,8.73,8.73,16.18,8.73,10.23,17.37,17.37,17.37,18,19.52,18.95,18.08,8.92,17.65,17.65,17.65,17.65,11.55,13.32,13.32,11.38,11.38,11.38,11.38,11.38,11.38,11.38,11.38,11.38,11.38,11.38,11.38,11.38,12.48,12.48,12.48,12.48,12.48,15.04,15.04,15.04,,,,,,,,,,,13.01,13.01,13.01,19.89,19.89,19.89,19.91,19.91,19.91,19.91,19.91,19.91,19.91,19.91,11.09,11.09,11.09,12.23,12.23,12.23,,,,,,,,14.09,14.09
"India, Nhava Sheva",334.89,361.63,349.3,347.62,376.71,392.88,395.8,399.94,393.44,417.8,446.23,438.95,407.55,412.6,387.37,390.8,380.89,390.85,389.52,385.65,392.65,394.78,379.69,369.19,358.24,323.81,314.32,312.87,315.83,307.98,313.03,313.96,313.29,326,329.28,335.98,342.83,371.11,376.37,380.47,379.52,413.78,433.83,415.88,401.09,379.8,409.81,413.09,413.34,399.44,390.54,391.2,371.53,382.17,372.58,367.51,373.69,363.46,390.04,405.96,424.18,436.67,425.87,429.84,464.52,461.73,471.88,490.62,510.96,545.26,565.73,563.98,576.51,614.7,588.88,602.71,668.14,704.43,679.7,657.45,641.95,630.28
"India, Paradip",,,,,,,,10.66,10.66,10.66,14.74,11.21,11.21,15.67,15.67,15.67,15.67,11.27,11.27,,,,,,,,,,,,,,,,,,,,,,,,,,,,,,14.2,14.2,14.2,14.2,11.39,11.39,11.39,11.39,11.39,11.39,11.39,16.42,16.42,16.42,18.92,18.92,18.92,18.92,18.92,18.92,18.92,13.85,10.27,10.27,12.83,19.69,19.69,19.47,27.24,19.03,19.03,19.03,19.06,19.06
"India, Pipavav",43.97,41.6,54.33,80.54,101.83,104.62,104.21,110.2,125.93,132.89,133.88,136.81,96.72,99.44,113.92,123.2,129.88,121.81,123.89,136.44,142.49,166.86,161.39,151.17,159.02,149.48,143.4,139.43,146.73,139.11,142.56,141.91,142.85,148.13,162.01,169.66,178.5,184.88,195.4,175.76,163.28,180.02,183.32,169.88,157.73,153.84,150.3,150.83,169.3,137.3,149.99,145.95,139.79,144.09,138.72,138.6,140.23,141.65,140.2,138.17,133.35,135.77,132.56,123.99,120.1,120.92,132.8,130.15,137.19,151.03,159.55,160.44,156.82,155.96,154.17,161.79,158.31,152.17,148.5,133.38,131.97,144.59
"India, Port Blair",,,,,,,,,,,,,10.33,10.33,10.33,10.33,10.33,10.33,10.33,10.33,10.33,10.43,10.43,10.43,10.43,10.43,10.43,10.43,10.43,9.74,9.74,9.74,9.74,9.74,9.74,,,10.72,10.72,10.72,10.72,10.72,10.72,10.72,10.72,10.72,10.72,10.72,10.72,10.72,10.72,10.72,16.41,16.41,16.41,16.41,16.41,16.41,16.41,16.41,16.41,16.41,16.41,10.72,10.72,10.72,10.72,10.72,10.72,10.72,10.72,10.72,10.72,10.72,10.72,10.72,10.72,10.72,10.72,10.72,10.72,10.72
"India, Tuticorin",101.61,113.69,118.84,112.11,83.94,85.59,86.72,91.12,60.48,60.48,73.15,62.57,65.74,49.06,55.03,55.03,55.03,55.03,49.05,54.87,48.61,49.56,73.73,71.27,60.07,78.68,76.33,71.43,68.77,63.59,58.69,56.43,56.4,57.3,57.3,55.98,63.35,55.65,57.06,62.54,56.71,57.43,68.44,73.84,81.4,88.99,83.9,83.9,97.62,88.65,89.27,89.27,106.55,109.71,99.89,131.42,106.05,106.06,113.52,95.74,124.09,97.84,92.37,86.25,84.07,79.98,85.1,79.18,88.45,83.4,83.1,99.04,85.56,79.56,79.26,85.3,85.86,91.08,97.06,97.19,91.94,87.69
"India, Visakhapatnam",46.01,46.05,47.1,47.77,56.8,56.8,64.34,53.05,53.01,53.11,53.53,57.53,60.74,53.44,63.47,63.41,63.82,66.35,66.15,80.83,99.82,102.74,96.84,91.55,91.53,97.24,91.46,93.15,93.15,90.79,90.1,89.04,92.2,81.68,81.63,71.22,93.62,104.07,107.34,121.95,118.68,123.37,108.32,94.71,93.99,91.58,69.6,91.09,92.27,84.18,84.1,85.5,78.28,82.88,78.7,102.69,105.19,105.34,102.89,100.81,102.39,77.47,73.43,98.71,108.38,99.18,100.14,103.45,103.37,137.55,142.5,147.89,147.32,154.61,158.74,144.07,136.49,141.24,131.96,135.62,131.44,137.35
"India, Vizhinjam",,,,,,,,,,,,,,,,,,,,,,,,,,,,,,,,,,,,,,,,,,,,,,,,,,,,,,,,,,,,,,,,,,,,,,,,,,,,14.39,155.77,199.05,190.86,177.02,176.03,174.85
"Indonesia, Ambon",18.63,25.34,25.34,25.44,32.08,32.08,32.08,27.68,27.68,27.68,32.11,30.1,30.1,35.26,35.26,35.26,35.26,35.26,35.26,25.36,25.36,25.36,25.36,26.53,26.53,26.53,26.53,26.53,35.26,35.26,24.69,24.69,24.69,24.69,24.69,24.69,24.69,23.76,23.76,23.76,23.76,23.76,23.76,14.24,14.24,14.24,14.24,27.74,27.74,27.74,27.74,27.74,27.74,26.43,23.39,23.39,23.39,14.24,14.24,14.24,29.93,30.26,30.26,30.35,29.33,29.33,29.33,29.33,29.33,29.33,29.33,29.33,29.33,29.47,29.47,29.47,29.43,29.43,29.43,29.43,29.43,29.43
"Indonesia, Balikpapan",,,,,,,,,,,,,,,,,,,,,,,,,,,,,9.49,9.49,9.49,9.49,9.49,9.49,9.49,9.49,15.11,15.11,15.11,15.23,15.23,15.23,15.23,15.23,15.23,15.23,15.23,15.23,15.23,34.25,34.25,34.25,34.25,34.25,43.57,32.1,32.1,32.1,44.36,44.36,38.66,36.62,36.62,28.71,28.71,28.71,28.71,28.71,28.71,28.71,28.71,28.71,28.71,28.76,28.76,28.76,28.76,38.12,38.15,38.15,38.15,38.14
"Indonesia, Banjarmasin",29.98,30.19,30.19,30.19,30.19,30.19,30.19,43.99,40.31,40.31,40.31,34.26,34.26,35.43,35.41,35.41,35.41,35.41,35.41,26.74,26.6,26.6,26.6,26.6,26.67,26.67,26.67,26.67,31.97,31.26,34.61,25.13,25.13,25.13,25.13,25.13,25.13,25.13,25.13,24.55,24.55,24.55,24.55,24.55,37.06,37.06,37.06,21.16,21.15,21.15,21.15,21.15,21.15,21.15,15.5,15.5,15.5,15.5,15.5,15.5,15.5,26.53,26.53,26.42,26.42,26.42,26.42,26.42,26.42,26.42,26.42,26.42,26.48,20.51,20.51,20.51,20.51,20.51,20.51,20.51,20.51,20.51
"Indonesia, Batam Island",,,,,,,,,,,,,,,,,,,,7.97,,,,,7.97,7.97,7.97,7.97,7.46,7.46,7.96,7.96,7.96,7.96,7.96,15.82,20.81,12.96,12.96,12.96,12.96,12.96,12.96,12.96,12.96,12.96,12.96,12.96,12.96,12.96,12.96,12.96,12.96,12.96,12.96,12.96,12.96,12.96,12.96,12.96,12.96,13.95,13.95,13.95,13.95,13.95,13.95,13.95,13.95,13.95,13.95,13.95,13.95,26.56,26.58,26.58,34.48,45.42,51.42,51.94,51.94,59
"Indonesia, Batu Ampar",,,,,,,,,,,,,,,,,,,,,,,,,,,,,,,,,,,,,,,,,,,,,,,,,,,,,,,,,,,,,,,,7.63,7.63,7.63,7.63,7.63,7.63,7.63,7.63,7.63,15.44,15.31,15.31,15.31,15.31,15.31,15.31,22.44,24.4,24.4
"Indonesia, Belawan",127.87,100.81,104.9,105.15,110.01,108.48,107.94,118.16,117.42,123.88,115.54,115.5,127.18,134.16,134.63,128.49,128.65,129.24,133.16,135.95,137.49,138.93,138.92,125.47,121.76,121.03,112.59,111.41,119.84,104.68,105.15,105.78,99.18,99.18,92.35,99.24,105.74,114.33,123.09,117.65,115.21,105.28,116.9,107.76,105.11,100.62,108.04,113.14,121.17,121.12,120.24,118.6,118.51,114.7,104.19,103.69,94.12,94.12,94.01,90.23,94.34,90.71,90.64,89.34,85.07,91.31,82.44,101.45,133.47,136.63,141.34,124.28,136.89,135.93,136.44,151.61,149.44,132.87,132.03,117.47,123.29,133.49
"Indonesia, Benete Bay",27.55,21.91,21.91,21.91,21.91,21.91,21.91,25.63,25.63,25.63,25.63,7.21,21.37,21.37,22.64,22.64,22.64,22.64,29.8,30,30,23.58,23.58,22.92,23.4,20.88,20.88,20.88,20.24,20.24,20.24,25.1,27.01,27.01,26.86,26.86,26.86,24.94,24.94,24.94,24.91,24.91,24.94,24.95,24.95,24.95,24.95,24.95,24.95,24.95,24.95,24.95,24.95,24.95,26.78,14.92,14.92,14.92,14.92,14.92,14.47,20.44,20.44,13.85,13.85,13.85,13.85,13.85,13.85,13.85,13.85,13.85,13.85,13.85,13.85,13.85,13.85,13.85,13.85,13.85,13.85,13.85
"Indonesia, Bengkulu",,,,,,,,,,,,,,,,,,,,,,,,,,,,,,,,,,,,,,,,9.97,9.97,9.97,9.97,9.97,9.97,9.97,9.97,9.97,9.97,9.97,9.97,9.97,9.97,9.97,9.97,9.97,9.97,9.97,9.97,9.97,9.97,9.97,9.97,9.97,9.97,9.97,9.97,9.97,9.97,9.97,9.97,9.97,9.97,9.97,9.97,9.97,9.97,9.97,9.97,9.97,9.97,9.97
"Indonesia, Benoa",10.23,10.23,10.23,10.23,10.23,10.23,10.23,8.81,8.46,8.46,8.46,8.46,8.46,8.46,8.46,8.46,8.46,8.46,8.46,10.13,10.13,10.13,10.13,10.13,10.13,10.13,10.13,10.13,8.46,8.46,8.46,8.46,8.46,8.46,8.46,8.46,8.46,8.46,8.46,8.46,8.46,8.46,8.46,8.46,8.46,8.46,8.46,8.46,8.46,8.46,8.46,8.46,8.46,8.46,8.46,8.46,8.46,8.46,8.46,8.46,8.46,8.46,,,,,,,,,,,,,,,,,,,,
"Indonesia, Biak",,,,,,,,,,,,,,,,,,,,,,,,,,,,,,,,,,,,,,,,,,,,,,,,,,,,,,,,,,,,,,9.7,9.7,9.7,9.7,9.7,9.7,9.7,9.7,9.7,9.7,9.7,9.7,9.7,9.7,9.7,9.73,9.73,9.73,9.73,9.73,9.73
"Indonesia, Bitung",9.39,29.85,29.85,29.73,29.91,29.91,29.83,29.55,29.55,29.55,31.95,31.95,31.95,23.08,23.08,23.08,23.08,23.08,23.08,29.93,29.88,29.88,29.88,31.08,31.16,31.16,31.16,31.16,33.2,33.2,35.73,35.73,35.73,43.49,43.49,43.49,45.62,45.63,45.63,37.9,37.9,38.23,34.86,34.86,34.86,34.86,41.42,44.47,44.47,42.3,42.3,42.3,42.3,42.3,51.23,51.24,51.24,51.24,51.24,51.24,52.61,48.89,48.89,43.23,43.23,43.23,43.23,43.23,43.23,43.23,43.19,43.19,43.19,43.23,43.23,43.23,43.23,43.23,43.23,43.23,43.23,43.23
"Indonesia, Bontang",,,,,,,,6.84,6.84,6.84,6.84,6.84,6.84,6.84,6.84,6.84,6.84,6.84,6.84,8.29,8.29,8.29,8.29,8.29,8.29,8.29,8.29,8.29,,,,,,,,,,,,,,,,,,,,,,,,,,,,,,,,,,,,,,,,,,,,,,,,,,,,,,
"Indonesia, Gorontalo",,10.79,10.79,10.79,10.79,10.79,10.79,10.79,10.79,10.79,10.79,10.79,10.79,14.88,14.88,14.88,14.88,14.88,14.88,14.88,14.88,14.88,14.88,,,,7.31,7.31,17.91,17.91,17.91,17.91,17.91,17.91,17.91,17.91,17.91,17.91,17.91,17.9,17.9,17.9,17.9,17.9,17.9,17.9,17.9,17.9,17.9,17.9,17.9,17.9,17.9,17.9,17.9,17.9,17.9,17.9,17.9,17.9,17.9,18.56,18.56,18.56,18.56,18.56,18.56,18.56,18.56,18.56,18.54,18.54,18.54,18.53,18.53,18.53,18.53,18.53,18.53,18.53,18.53,18.53
"Indonesia, Jakarta",442.73,471.17,449.24,456.53,461.69,469.42,471.29,496.15,502.4,495.53,505.48,493.94,481.17,473.25,450.88,455.33,472.04,475.69,492.28,514.2,501.82,496.7,499,483.56,461.92,456.27,452.97,458.78,468.29,480.56,471.73,475,468.09,454.52,443.02,466.23,474.07,471.02,469.64,452.73,449.82,461.19,449.83,437.41,434.02,470.45,487.97,502.19,490.76,495.79,484.29,461.86,466.76,467.17,461.73,467.61,479.15,435.1,430.9,437.67,424.35,425.56,419.35,417.96,420.72,436.76,481.69,514.48,531.06,486.16,480.98,484.81,489.71,482.09,491.92,487.11,501.15,491.96,503.44,532.37,541.64,543.6
"Indonesia, Jayapura",,,,,10.34,10.34,10.34,11.34,11.34,11.34,10.51,10.51,10.51,10.51,10.51,10.51,10.51,10.51,10.51,,,,,,,,,,12.68,12.68,9.17,9.17,9.17,9.17,9.17,9.17,9.17,9.17,9.17,9.17,9.17,9.17,9.17,9.17,9.17,9.17,21.93,26.43,26.43,26.43,26.43,26.43,26.43,27.46,28.62,28.62,28.62,24.27,24.27,24.27,25.18,31.21,31.21,31.3,30.28,30.28,30.28,30.28,30.28,30.28,30.28,30.28,30.28,30.42,30.42,30.42,30.45,30.45,30.45,30.45,30.45,30.45
"Indonesia, Kendari",,,,,,,,8.07,8.07,8.07,8.07,7.6,7.6,7.6,7.6,7.6,7.6,7.6,7.6,9.82,9.82,9.82,9.82,9.82,9.82,9.82,9.82,9.82,10.54,10.54,10.54,10.54,10.54,10.54,10.54,10.54,10.54,10.8,10.8,8.9,8.9,8.9,8.9,8.9,8.9,8.9,8.9,8.9,8.9,8.9,8.9,8.9,8.9,8.9,8.9,8.9,8.9,8.9,8.9,8.9,8.9,15.36,15.36,15.36,15.36,15.36,15.36,15.39,15.39,15.39,15.39,15.39,15.39,15.4,15.4,15.4,15.4,15.4,15.4,15.4,15.4,15.4
"Indonesia, Kualatanjung",,,,,,,,,,,,,,,,,,,,,,,,,,,,,,,,,,,,,,,,,,,,,,,,,,,,,,,,,,,,,,,,,,,,,,,,,,,,,,,,,17.8,28.9
"Indonesia, Kumai",,,,,,,,7.45,7.45,7.45,7.45,,,,,,,,,7.67,7.67,7.67,7.67,7.67,7.67,7.67,7.67,7.67,,,,,,,,,,,,,,,,,,,,7.67,7.67,7.67,7.67,7.67,7.67,7.67,7.67,7.67,7.67,7.67,7.67,7.67,7.67,7.67,7.67,7.67,7.67,7.67,7.67,7.67,7.67,7.67,7.67,7.67,7.67,6.95,6.95,6.95,6.95,6.95,6.95,6.95,6.95,6.95
"Indonesia, Kupang",,,,,,,,7.21,7.21,7.21,7.21,7.21,7.21,7.21,7.21,7.21,7.21,7.21,7.21,8.52,8.52,8.52,8.52,8.52,8.52,8.52,8.52,8.52,9.36,9.36,9.36,9.36,9.36,9.36,9.36,9.36,9.36,8.69,8.69,8.28,8.28,8.28,8.28,8.28,9.04,9.04,9.04,15.52,15.52,15.52,15.52,15.52,15.52,15.52,15.52,15.52,15.52,15.52,15.52,15.52,15.52,15.52,15.52,15.52,15.52,15.52,15.52,15.52,15.52,15.52,15.52,15.52,15.52,15.52,15.52,15.52,15.52,15.52,15.52,15.52,15.52,15.52
"Indonesia, Lembar",,,,,,,,,,,,,,,,,,,,,,,,,,,,,,,,,,,,,,,,,,,,,,,,,,,,,,,,,,,,,,7.93,7.93,7.93,7.93,7.93,7.93,7.93,7.93,7.93,7.93,7.93,7.93,7.93,7.93,7.93,7.93,7.93,7.93,7.93,7.93,7.93
"Indonesia, Luwuk",,,,,,,,,,,,,,,,,,,,,,,,5.96,5.96,5.96,5.96,5.96,5.96,5.96,5.96,5.96,5.96,5.96,5.96,5.96,5.96,5.96,5.96,5.96,5.96,5.96,5.96,5.94,5.94,5.94,5.94,5.94,5.94,5.94,5.94,5.94,5.94,5.94,5.94,5.94,5.94,5.94,5.94,5.94,5.94,8.26,8.26,8.26,8.26,8.26,8.26,8.26,8.26,8.26,8.28,8.28,8.28,8.28,8.28,8.28,8.28,8.28,8.28,8.28,8.28,8.28
"Indonesia, Makassar",46.06,59.27,59.27,55.92,59.94,59.94,56.7,53.14,53.14,53.14,65.54,63.67,63.67,68.88,68.88,68.88,68.88,68.88,68.88,65.58,63.52,79.94,79.94,84.2,79.45,78.82,85.05,72.31,68.78,68.78,78.53,78.53,78.53,78.53,78.53,79.2,80.08,79.15,79.15,84.23,98,111.86,108.83,93.22,104.45,104.33,109.72,112.03,112.07,112.58,112.58,113.05,113.05,109.42,107.74,108.57,100.37,100.37,111.17,111.17,99.46,110.09,110.09,109.85,104.14,104.09,104.05,103.71,103.71,103.76,103.79,103.81,103.81,104.22,103.58,103.58,103.56,103.56,103.56,103.56,103.56,102.54
"Indonesia, Manokwari",,,,,,,,,,,,,,,,,,,,,,,,,,,,,,,,,,,,,,,,,,,,,,,,,,,,,,,,,,,,,,9.08,9.08,9.08,9.08,9.08,9.08,9.08,9.08,9.08,9.08,9.08,9.08,9.08,9.08,9.08,8.8,8.8,8.8,8.8,8.8,8.8
"Indonesia, Maumere",,,,,,,,,,,,,,,,,,,,7.15,7.15,7.15,7.15,7.15,7.15,7.15,7.15,7.15,8.21,8.21,8.21,8.21,8.21,8.21,8.21,8.21,8.21,8.21,8.21,8.9,8.9,8.9,8.9,8.9,8.9,8.9,8.9,8.9,8.9,8.9,8.9,8.9,8.9,8.9,8.9,8.9,8.9,8.9,8.9,8.9,8.9,8.9,8.9,8.9,8.9,8.9,8.9,8.9,8.9,8.9,8.9,8.9,8.9,8.9,8.9,8.9,8.9,8.9,8.9,8.9,8.9,8.9
"Indonesia, Medan",,,,,,,,,,,,,,,,,,,,,,,,20.67,20.67,20.67,20.67,20.67,20.67,20.67,20.67,20.67,20.67,20.67,20.67,20.67,18.81,18.81,18.81,18.81,18.81,18.81,18.81,18.81,18.81,18.81,18.81,18.81,18.81,18.81,18.81,18.81,18.81,18.81,18.81,18.81,18.81,18.81,18.81,18.81,18.81,21.63,21.63,17.96,17.96,17.96,17.96,17.96,17.96,17.96,17.96,17.96,17.96,18.02,18.02,18.02,18.02,18.02,18.02,18.02,18.02,18.02
"Indonesia, Merak",11.69,23.51,23.51,23.6,23.6,35.54,22.37,22.37,19.05,9.84,11.59,11.66,11.66,13.36,13.36,13.36,13.36,13.36,11.97,11.97,11.97,11.97,11.97,18.88,18.86,18.86,12.59,12.59,12.59,13.73,20.6,20.6,20.6,20.6,20.6,20.6,20.6,21.42,12.08,12.08,12.18,12.19,12.19,12.19,14.57,12.12,12.12,12.18,12.18,12.18,12.08,12.08,12.08,,,,,,,,,,,,,,,,,,,,,,,,,,,,,
"Indonesia, Merauke",,,,,,,,,,,,,,,,,,,,,,,,,,,,,,,,,,,,,,,,,,,,,,,,7.26,7.26,7.26,7.26,7.26,7.26,7.26,7.26,7.26,7.26,7.26,7.26,7.26,7.26,7.26,7.26,7.26,7.26,7.26,7.26,7.26,7.26,7.26,7.26,7.26,7.26,7.26,7.26,7.26,7.26,7.26,7.26,7.26,7.26,7.26
"Indonesia, Padang",19.79,19.79,19.79,19.79,20.97,20.97,20.97,22.66,29.18,29.18,35.12,34.09,34.09,34.09,34.09,34.09,34.09,34.09,34.09,30.44,30.44,30.44,30.44,30.44,28.31,28.31,27.67,27.67,28.86,28.86,28.86,28.86,28.86,28.86,28.86,28.86,33.86,33.86,33.86,34.34,34.34,34.34,34.34,26.85,26.85,26.85,26.85,32.81,33.83,33.83,33.82,33.82,33.82,33.82,33.82,33.82,33.82,33.82,33.85,33.85,33.84,35.35,35.36,35.36,35.36,35.36,35.36,35.36,35.36,35.36,35.36,35.36,35.36,33.86,33.86,33.86,33.86,33.86,33.86,33.86,33.86,33.86
"Indonesia, Palembang",21.47,21.47,21.47,21.47,14.53,14.53,14.53,22.08,22.08,22.08,22.08,22.08,22.08,21.05,21.05,21.05,21.05,21.05,21.05,21.05,21.05,21.05,21.05,21.05,21.05,21.05,20.42,20.42,20.42,20.42,27.62,27.62,27.62,27.62,27.62,27.62,27.62,27.62,27.62,33.61,33.61,27.06,27.06,27.06,27.06,33.06,33.06,32.45,34.11,31.59,37.58,37.58,37.58,37.58,45.52,45.52,45.52,45.58,37.66,37.66,37.65,37.65,31.61,28.16,28.16,28.16,28.16,28.16,28.16,28.06,28.06,28.16,28.16,26.66,26.66,26.66,20.03,20.03,20.03,20.03,20.03,20.03
"Indonesia, Palu",,,,,,,,,,,,,,,,,,,,,,,,,,,,,,,,,,,,,,,,,,,8.6,8.6,8.6,8.6,8.6,,,,,,,,,,,,,,,,,,,,,,,,,,,,,,,,,,,
"Indonesia, Panjang",38.44,31.67,31.67,31.76,25.6,25.6,26.04,19.82,28.84,28.2,27.11,27.11,20.13,15.75,37.13,37.13,34.62,35.84,35.84,35.84,42.84,43.01,43.12,48.07,46.26,36.67,35.49,35.49,29.88,40.86,48.06,47.81,47.81,49.08,49.08,39.34,39.34,39.34,38.87,52.63,44.83,39.62,32.08,25.18,25.5,31.43,31.43,31.47,33.15,44.02,43.06,43.51,31.23,51.75,51.83,51.68,52.47,61.17,52.87,52.87,43.24,42.95,19.92,17.12,43.39,39.74,49.64,39.73,45.25,46.49,48.91,50.84,56.69,56.7,49.43,38.56,38.59,38.4,38.41,37.14,37.64,38.68
"Indonesia, Pantoloan",7.17,7.17,7.17,7.17,7.17,7.17,7.17,6.84,6.84,6.84,6.84,6.84,6.84,6.84,6.84,6.84,6.84,6.84,6.84,8.29,8.29,8.29,8.29,8.29,8.29,8.29,8.29,8.29,8.86,8.86,8.86,8.86,8.86,8.86,8.86,8.86,8.86,9.42,9.42,,,11.06,11.06,11.06,11.06,11.06,11.06,23.95,23.95,21.78,21.78,21.78,21.78,21.78,21.78,21.78,21.78,21.78,21.78,21.78,21.78,21.78,21.78,21.78,21.78,21.78,21.78,21.78,21.78,21.78,21.78,21.78,21.78,21.78,21.78,21.78,21.78,21.78,21.78,21.78,21.78,21.78
"Indonesia, Pekanbaru, Sumatra",,,,,,,,7.12,7.12,7.12,7.77,16,16,16,16,16,16,16,16,18.42,18.37,18.37,18.37,18.37,14.89,14.89,14.89,14.89,14.89,14.89,15.27,15.27,15.27,15.27,15.27,15.27,15.27,15.27,15.27,15.27,15.27,15.27,15.27,15.27,15.27,15.27,15.27,15.65,8.53,8.53,8.53,8.53,8.53,8.53,8.53,8.53,8.53,8.53,8.53,8.53,8.53,8.53,8.53,8.53,8.53,8.53,8.53,8.53,8.53,8.53,8.53,8.53,8.53,8.53,8.53,8.53,8.53,8.53,8.53,8.53,8.53,8.53
"Indonesia, Pelabuhan Futong",,,,,,,,,,,,,,,,,,,,,,,,,,,,,,,,,,,,,,,,,,,,,,,,,,,,,,,,,,,,,,,,,23.09,23.11,23.48,23.11,,,,,,,,,,,,,,
"Indonesia, Perawang",,,,,,,,,,,,,,,,,,,,,,,,,,,,,,,,,,,,,7.69,7.69,7.69,7.69,7.69,7.69,7.69,7.69,7.69,7.69,7.69,7.69,7.69,7.69,7.69,7.69,7.69,7.69,7.69,7.69,7.69,7.69,7.69,7.69,7.69,8.62,8.62,8.62,8.62,8.62,8.62,8.62,8.62,8.62,8.62,8.62,8.62,8.62,8.62,8.62,8.62,8.62,8.62,8.62,8.62,8.62
"Indonesia, Pontianak",22.52,30.68,30.68,29.77,28.98,21.87,21.87,23.08,23.08,23.08,21.73,21.73,21.73,23.45,23.45,23.45,23.45,23.45,23.45,25.72,18.56,18.56,18.56,18.04,18.04,18.04,18.04,18.04,16.18,16.18,16.18,16.18,16.18,16.18,16.18,16.18,16.44,16.44,16.44,22.31,22.31,22.31,22.31,22.31,22.31,22.31,22.31,22.31,22.31,22.31,22.31,22.31,34.96,34.96,34.96,34.96,34.96,34.96,34.96,34.96,34.96,36.83,36.83,42.73,42.73,42.73,42.73,42.73,42.73,36.83,36.83,36.83,36.83,31.06,31.06,31.06,31.06,31.06,31.06,31.06,31.06,31.06
"Indonesia, Pulau Bunyu",,,,,,,,,,,,,,,,,,,,,,,,,,,,,,,,,,,,,,,,,,,,8.72,8.72,8.72,8.72,8.72,8.72,8.72,8.72,,,,,,,,,,,,,,,,,,,,,,,,,,,,,,,
"Indonesia, Samarinda",16.49,24.11,24.11,24.11,24.11,24.11,24.11,31.66,31.66,31.66,37.46,29.92,29.92,31.09,31.07,31.07,31.07,31.07,31.07,26.9,21.56,37.06,37.06,40.39,38.29,38.29,38.29,24.89,32.1,30.58,37.24,27.76,27.76,27.76,27.76,27.76,27.85,27.85,27.85,31.06,31.06,31.06,34.5,34.5,34.5,34.5,34.5,24.47,24.47,24.47,24.47,24.47,24.47,24.47,24.47,24.47,24.47,24.47,24.47,24.47,29.5,28.02,28.02,28.02,28.02,28.02,28.02,28.02,28.02,28.02,28.02,28.02,28.02,28.02,28.02,28.02,28.02,28.02,28.02,28.02,28.02,28.02
"Indonesia, Sampit",8.92,8.92,8.92,8.92,8.92,8.85,8.85,,,,,,,,,,,,,,,,,,,,,,,,,,,,,,,,,,,,,,,,,,,,,,,,,,,,,,,,,,,,,,,,,,,,,,,,,,,
"Indonesia, Semarang",115.14,105.25,106.54,108.26,106.86,107,112.87,118.92,116.37,105.73,106.31,112.52,111.34,111.33,108.42,105.98,96.21,95.56,95.12,102.69,117.28,107.86,103.07,117.98,135.51,106.52,104.76,99.14,89.24,89.32,86.71,87.19,87.19,94.81,89.07,97.91,104.43,105.12,111.31,106.05,104.79,109.14,101.87,91.18,101.83,106.53,112.34,115.93,110.23,112.28,99.75,106.72,99.67,94.86,100.26,101.25,101.45,101.88,95.36,107.95,112.83,113.92,114.41,113.95,108.78,110.42,112.42,113.32,113.93,113.99,109.88,110.18,112.18,118.26,131.88,121.11,139.23,141.91,145.64,163.82,166.82,166.97
"Indonesia, Sibolga",,,,,,,,,,,,,,,,,,,,,,,,,,,,,,,,,,,,,,,,,,,,,,,,,,,,,,,,,,,,,,8.54,8.54,8.54,8.54,8.54,8.54,8.54,8.54,8.54,8.54,8.54,8.54,8.54,8.54,8.54,8.54,8.54,8.54,8.54,8.54,8.54
"Indonesia, Sorong",,,,,10.34,10.34,10.34,14.67,14.67,14.67,17.12,17.12,17.12,17.12,17.12,17.12,17.12,17.12,17.12,,,,,,,,7.08,7.08,7.08,7.08,7.08,7.08,7.08,7.08,7.08,7.08,7.08,7.08,7.08,7.08,7.08,7.08,7.08,7.08,7.08,7.08,21.56,21.56,21.56,21.56,21.56,21.56,21.56,22.75,23.91,23.91,23.91,23.91,23.91,23.91,24.81,30.83,30.83,30.92,24.31,24.31,24.31,24.31,24.31,24.31,24.31,24.31,24.31,24.45,24.45,24.45,24.41,24.41,24.41,24.41,24.41,24.41
"Indonesia, Surabaya",251.18,305.85,305.7,296.11,293.04,293.24,294.98,328.26,332.95,339.21,317.35,321.78,336.23,332.04,321.32,316.95,326.92,332.61,329.71,329.07,334.01,307.54,296.35,272.66,248.71,256.04,260.13,267.03,294.67,289.81,299.72,291.45,291.42,297,289.74,290.35,295.3,304.25,311.41,303.51,297.73,282.21,310.99,295.72,292.3,304.13,320.25,340.06,330.3,348.43,343.08,338.92,317.96,306.03,306.6,310.28,307.42,297.18,302.57,300.66,296.84,317.46,313.28,306.47,317.02,323.8,327.19,331.8,353.17,351.38,343.19,359.29,359.2,367.24,360.47,354.13,360.79,361.1,383.45,392.36,399.17,400.41
"Indonesia, Tanjung Pinang",,,,,,,,,,,,,,,,,,,,,,,,,,,7.08,7.08,7.08,7.08,7.08,7.08,7.08,7.08,7.08,7.08,7.08,7.08,7.08,7.08,7.08,7.08,7.08,7.08,7.08,7.08,7.08,7.08,7.08,7.08,7.08,7.08,7.08,7.08,7.08,7.08,7.08,7.08,7.08,7.08,7.08,7.08,7.08,7.08,,,,,,,,,,,,,,,,,,
"Indonesia, Tarakan",,,,,,,,,,,,,,,,,,,,7,7,7,7,7,7,7,7,7,8.3,8.3,8.3,8.3,8.3,8.3,8.3,8.3,8.3,8.3,8.3,8.63,8.63,8.63,8.63,8.63,8.63,8.63,8.63,8.63,8.63,8.63,8.63,8.63,8.63,8.63,8.63,8.63,8.63,8.63,8.63,8.63,8.63,8.63,8.63,8.63,8.63,8.63,8.63,8.63,8.63,8.63,8.63,8.63,8.63,8.63,8.63,8.63,8.63,8.63,8.63,8.63,8.63,8.63
"Indonesia, Teluk Bayur",,,,8.74,8.74,8.74,8.74,,,,,,,,,,,,,,,,,,,,,,,,,,,,,,,,,,,,,8.72,8.72,8.72,8.72,8.72,8.72,8.72,8.72,,,,,,,,,,,,,,,,,,,,,,,,,,,,,,,
"Indonesia, Ternate",,10.79,10.79,10.79,10.79,10.79,10.79,10.79,10.79,10.79,10.79,10.79,10.79,14.88,14.88,14.88,14.88,14.88,14.88,14.88,14.88,14.88,14.88,,6.45,6.45,6.45,6.45,6.45,6.45,6.45,6.45,6.45,6.45,6.45,6.45,6.45,6.45,6.45,6.45,6.45,6.45,6.45,6.45,6.45,6.45,6.45,6.45,6.45,6.45,6.45,6.45,6.45,6.45,6.45,6.45,6.45,6.45,6.45,6.45,6.45,9.34,9.34,9.34,9.34,9.34,9.34,9.34,9.34,9.34,9.34,9.34,9.34,9.34,9.34,9.34,9.34,9.34,9.34,9.34,9.34,9.34
"Indonesia, Timika",,,,,,,,,,,,,,,,,,,,,,,,,,,,,,,,,,,,,,,,,,,,,,,,7.26,7.26,7.26,7.26,7.26,7.26,7.26,7.26,7.26,7.26,7.26,7.26,7.26,7.26,7.26,7.26,7.26,7.26,7.26,7.26,7.26,7.26,7.26,7.26,7.26,7.26,7.26,7.26,7.26,7.26,7.26,7.26,7.26,7.26,7.26
"Indonesia, Tolitoli",,,,,,,,,,,,,,,,,,,,,,,,,,,,,,,,,,,,,,9.42,9.42,7.16,7.16,7.16,7.16,7.16,7.16,7.16,7.16,7.16,7.16,7.16,7.16,7.16,7.16,7.16,7.16,7.16,7.16,7.16,7.16,7.16,7.16,7.16,7.16,7.16,7.16,7.16,7.16,7.16,7.16,7.16,7.16,7.16,7.16,7.16,7.16,7.16,7.16,7.16,7.16,7.16,7.16,7.16
"Indonesia, Tual",,,,,,,,,,,,,,,,,,,,,,,,,,,,,,,,,,,,,,,,,,,,9.22,9.22,9.22,9.22,9.22,9.22,9.22,9.22,9.22,9.22,9.22,9.22,9.22,9.22,9.22,9.22,9.22,9.22,,,,,,,,,,,,,,,,,,,,,
"Iran (Islamic Republic of), Abadan",,,,,,,,,,,,,,,,,,,,,,,,,,,8.35,8.35,8.35,8.35,8.35,8.35,8.35,8.35,8.35,8.35,8.35,8.35,8.35,8.35,8.35,8.35,8.35,8.35,8.35,8.35,8.35,8.35,8.35,8.35,8.35,8.35,8.35,8.35,8.35,8.35,8.35,8.35,8.35,8.35,8.35,,,,,,,,,,,,,,,,,,,,,
"Iran (Islamic Republic of), Asaluyeh",,,,,,,,,,,,,,25.76,31.25,31.33,46.59,46.48,46.48,53.13,53.5,47.87,55.06,55.06,47.66,38.3,38.32,39.14,,,,36.68,37.31,37.31,36.68,42.87,42.87,42.87,42.87,36.68,36.68,36.68,50.06,41.46,16.66,16.66,27.05,15.03,15.03,15.03,15.03,,,,,,7.18,7.18,7.18,7.18,7.18,7.18,7.18,7.18,7.18,7.18,7.18,7.18,7.18,7.18,7.18,7.18,7.18,7.18,7.18,7.18,7.18,7.18,7.18,7.18,7.18,
"Iran (Islamic Republic of), Bandar Abbas",214.21,222.94,255.22,267.5,257.27,254.35,241.16,243.5,234.09,225.83,238.67,259.57,269.5,258.28,243.99,267.47,280.57,292.4,295.46,296.48,299.1,283.26,253.26,255.85,214.04,206.61,208.6,187.52,197.37,186.76,140.47,136.29,137.24,134.28,127.83,151.61,145.21,145.28,164.72,216.28,276.11,250.59,261.24,265.14,247.57,248.74,236.25,226.13,226.32,231.97,166.21,99.18,99.18,100.71,111.96,109.27,96.98,96.98,137.59,117.89,117.89,122.45,122.45,120.27,134.73,132.19,127.11,127.11,127.11,127.11,127.74,127.74,127.11,119.67,120.97,120.97,120.97,120.97,125.99,125.99,125.99,110.7
"Iran (Islamic Republic of), Bandar Assaluyeh",,,,,,,,,,,,,,,,,,,,,,,,,,,,,38,38.71,38.71,,37.31,37.31,36.68,36.68,36.68,36.68,36.68,43.94,43.94,52.32,14.77,14.77,14.77,14.77,21.34,26.6,26.6,26.6,23.35,14.23,14.23,14.23,14.23,14.23,14.23,14.23,14.23,14.23,14.23,14.23,14.23,14.23,12.33,12.33,12.33,12.33,12.33,12.33,12.33,12.33,12.33,12.41,12.41,12.41,12.41,12.41,12.41,12.41,12.41,12.41
"Iran (Islamic Republic of), Bandar Imam Khomeini",48.28,48.28,40.7,49.18,43.37,43.37,42.76,41.06,35.78,35.78,41.64,51.27,36.97,59.01,72.24,72.32,29.59,29.77,17.96,59.25,59.03,61.11,68.3,72.16,58.71,55.67,55.69,56.51,16.98,16.98,24.27,24.27,24.27,16.98,16.98,16.98,16.98,16.98,16.98,27.08,27.08,27.08,35.16,73.78,73.78,73.78,41.95,25.3,25.3,25.3,25.3,14.23,14.23,14.23,14.23,14.23,14.23,14.23,14.23,14.23,14.23,14.23,14.23,14.23,14.29,14.29,14.29,14.29,14.29,14.29,14.29,14.29,14.29,14.29,14.29,14.29,14.29,14.29,14.29,14.29,14.29,14.29
"Iran (Islamic Republic of), Bushehr",7.55,7.55,14.49,14.49,14.49,14.49,14.49,15.37,15.58,15.58,15.58,22.69,22.69,20.13,20.13,20.13,14.79,14.79,14.79,28.11,28.75,28.75,34.97,27.51,28.15,17.54,16.9,23.63,26.51,26.51,38,38,38,19.85,20.68,20.68,20.68,20.68,20.68,27.26,27.26,27.26,24.68,32.98,46.23,39.93,26.77,30.47,30.47,30.47,29.09,14.23,14.23,14.23,14.23,14.23,14.23,14.23,14.23,14.23,14.23,14.23,14.23,14.23,15.54,15.54,15.54,15.54,15.54,15.54,15.54,15.54,15.54,15.55,15.55,15.55,15.55,15.55,15.55,15.55,15.55,15.55
"Iran (Islamic Republic of), Chah bahar",,,,,,,,,,,,,,14.09,14.09,14.09,12.45,12.45,12.45,12.45,12.45,12.45,,,,11.75,11.75,11.75,,,,,,,,,,,,,,,10.52,10.52,10.52,10.52,22.27,18.93,18.93,18.93,,,,,,,,,,,,,,,10.81,10.81,10.81,10.81,10.81,10.81,10.81,10.81,10.81,10.89,10.89,10.89,10.89,10.89,42.74,42.74,42.74,42.74
"Iran (Islamic Republic of), Khorramshahr",28.36,28.36,31.36,24.13,24.08,24.08,24.08,35.71,36.52,38.67,47.76,44.26,44.26,37.16,26.36,26.45,7.97,9.55,9.55,9.55,14.96,12.21,12.21,12.21,,,8.35,8.35,19.15,19.15,19.15,19.15,19.15,19.15,19.15,19.15,19.15,19.15,19.15,29.99,35.29,35.29,33.97,33.97,33.97,33.97,33.97,29.02,29.02,29.02,22,22,17.03,17.03,17.03,17.03,8.35,8.35,8.35,8.35,8.35,,,,7.52,7.52,7.52,7.52,7.52,7.52,7.52,7.52,7.52,7.54,7.54,7.54,7.54,7.54,7.54,7.54,7.54,7.54
"Iraq, Abu al Fulus",,,,,,,,11.24,11.24,11.24,10.73,12.54,12.54,12.54,12.54,12.54,12.54,12.54,12.54,10.86,10.86,9.41,9.41,9.41,9.41,9.41,9.41,9.41,9.41,9.41,9.94,9.94,9.92,9.92,9.92,9.92,9.92,9.92,9.92,9.92,9.92,9.92,9.92,9.92,9.92,9.92,9.92,9.92,9.92,10.55,10.55,10.55,10.55,10.55,9.46,9.46,9.46,9.46,9.46,9.46,9.46,9.46,9.46,9.46,9.46,9.46,9.46,9.46,9.46,9.46,9.46,9.46,9.46,9.48,9.48,9.48,9.48,9.48,9.48,9.48,9.48,
"Iraq, Basrah",,,,,,,,,,,,,,,,,,,,,,,,,,,8.35,8.35,8.35,8.35,8.35,8.35,8.35,8.35,8.35,8.35,8.35,8.35,8.35,8.35,14.93,14.93,14.93,14.93,14.93,14.93,14.93,22.98,22.98,22.98,22,22,17.03,17.03,17.03,17.03,8.35,8.35,8.35,8.35,8.35,,,,,,,,,,,,,,,,,,,,,9.48
"Iraq, Khor al Zubair",,,,,,,,,,,,,,,,,,,,,,,,,,,,,,,,,,,,,,,,,,,,,17.1,17.88,13.01,,,,,,,,,,,,,,,,,,,,,,,,,,,,,,,,,,,
"Iraq, Umm Qasr",16.88,16.88,18.38,14.41,7.28,23.95,23.95,40.06,40.06,36.31,43.37,37.75,37.63,37.63,53.24,51.1,51.11,51.11,57.53,54.38,54.51,53.84,57.35,57.34,36.73,43.28,42.65,49.06,55.5,48.63,54.86,63.67,68.08,60.63,58.6,59.87,58.58,52.9,61.94,60.37,60.37,70.8,71.79,74.3,103.81,112.78,128.42,121.5,121.17,132.15,162.15,145.55,135.44,136.33,130.92,130.86,153.48,163.49,162.54,172.09,165.57,169.38,157.8,148.62,142.26,136.92,146.3,149.39,149.64,156,170.81,168.23,166.33,171.14,178.88,188.4,208.56,209.81,177.86,192.34,194.77,97.03
"Ireland, Cork",58.05,54.04,54,54,56.96,70.54,49.79,42.25,39.57,39.57,49.51,43.49,40.06,40.99,45.19,41.75,53.16,48.39,41.04,43.67,34.32,30.21,36.72,36.72,60.52,62.11,69.82,62.37,48.23,48.27,49.54,55.68,55.67,55.68,58.35,58.37,55.83,54.52,55.88,53.97,47.34,47.98,56.79,56.03,47.73,53.56,53.56,53.56,53.55,56.41,62.36,64.21,63.74,63.76,62.63,62.63,51.71,47.62,57.17,72.48,69.58,68.95,75.63,75.71,76.34,76.35,74.25,72.96,69.59,74.34,87.25,81.24,83.67,82.95,74.85,76.12,76.1,60.41,67.13,67.2,67.32,78.96
"Ireland, Drogheda",10.67,10.67,10.67,,7.83,7.83,7.83,9.6,7.83,,,,,,,,,,,,,,,,,,,,,,,,,,,,,,,,,,,,,,,,,,,,,,,,,,,,,,,,,,,,,,,,,,,,,,,,,
"Ireland, Dublin",157.84,152.14,159.34,159.64,169.06,158.27,175.92,172.94,166.47,157.85,143.34,142.22,130.23,136.67,143.16,139.72,155.92,152.34,138.56,130.19,123.97,118.04,116.13,112.5,110.54,115.04,115.13,112.62,99.92,112.92,111.85,105.33,108.2,108.21,114.03,120.08,120.08,113.91,127.31,128.69,125.5,138.04,131.04,119.49,109.34,113.46,115.8,114.34,112.24,122.64,110.84,113.45,118.16,114.11,105.73,100.95,97.35,92.17,148.41,99.12,103.14,114.84,106.73,112.89,112.87,112.92,109.67,108.65,107.92,113.63,115.33,114.22,116.69,127.9,133.25,141.9,141.88,137.45,144.46,148.76,135.62,132.05
"Ireland, Foynes",7.41,7.58,7.65,7.65,,,,8.31,7.67,7.67,,,,,,,,,,,,,,,,,,,,,,,,,,,,,,,,,,,,,,,,,,,,,,,,,,,,,,,,,,,,,,,,,,,,,,,,
"Ireland, Waterford",34.28,30.36,30.33,32.49,32.49,32.49,30.58,31.09,31.09,24.62,24.62,24.66,22.83,22.83,22.83,22.83,11.3,11.3,11.3,11.3,15.38,15.42,14.84,14.84,14.84,14.84,10.19,10.19,15.07,15.07,14.44,14.44,14.44,14.44,14.44,14.44,14.44,14.44,14.44,14.44,14.44,14.44,14.44,14.44,14.44,14.44,14.44,14.44,14.44,14.44,14.44,14.44,14.44,14.44,30.36,30.36,31.49,28.95,31.47,30.63,30.36,21.93,18.55,18.55,18.55,18.55,14.44,14.44,14.44,14.44,14.44,14.44,14.44,12.28,12.28,12.28,12.28,12.28,12.28,12.28,12.28,12.28
"Israel, Ashdod",191.91,199.08,204.72,204.56,215.25,213.43,194.84,186.81,186.11,183.99,184.73,189.97,202.81,217.52,221.53,218.15,225.02,234.21,231.48,236.53,240.16,236.26,229.7,216.89,237.11,237.89,245.65,255.52,253.91,261.97,247.14,233.29,229.33,230.35,236.28,233.6,240.14,236.71,228.12,223.46,234.42,241.24,235.1,241.35,241.71,258.65,234.46,229.27,237.53,237.18,220.98,227.46,239.73,235.5,217.45,221.31,210.09,215.25,214.77,215.76,225.73,228.79,224.84,232.82,239,244.89,253.44,257.03,256.81,283.04,318.51,284.03,214.06,211.32,185.7,183.42,190.65,196.77,211.48,276.9,284.48,289.65
"Israel, Eilat",14.69,14.69,14.69,14.69,6.3,11.8,11.8,,,,,10.66,10.66,10.66,13.16,,,,,,,,,,,,,,,,,,,,,,,,,,,,,,,,,,,,,,,,,,,,,,,,,,,,,,,,,,,,,,,,,,,
"Israel, Haifa",215.45,212.14,210.7,214.04,218.54,223.38,218.56,210.76,209.01,210.36,208.26,203.92,202.88,198.57,209.91,206.45,203.78,208.65,203.53,208.52,209.57,201.83,176.36,165.47,174.03,175.81,195.75,228.27,228.75,236.03,226.4,218.36,211.03,207.84,212.22,218.83,217,219.42,224.49,246.15,250.61,240.47,231.14,246.91,247.51,257.4,251.43,251.55,257.37,248.16,244.38,243.55,237.03,240.85,242.34,247.01,248.11,266.7,256.81,259.01,261.13,260.68,246.3,234.93,233.38,246.15,249.62,262.09,252.27,281.71,281.81,288.12,207.9,205.26,183.14,184.54,203.87,217.35,203.32,207.78,225.42,209.74
"Italy, Ancona",37.89,51.57,51.64,62.4,58.73,52.11,52.68,56.35,56.35,55.35,57.32,73.92,66.56,56.05,49.61,56.47,62.13,62.05,60.95,60.11,55.41,55.41,55.67,67.23,68.97,72.02,74.27,76.11,79.35,79.28,70.22,74.62,74.65,78.81,81.62,88.12,83.81,83.85,86.34,84.55,97.06,90.67,87.23,83.81,83.04,81.28,78.04,76.92,76.85,83.92,87.13,86.16,78.82,77.18,73.38,74.05,73.94,76.53,68.34,65.41,66.35,66.36,65.72,65.66,70.02,69.92,73.93,70.4,70.81,71.78,80.26,81.34,82.36,79.22,77.98,78.06,71.27,77.77,77.29,81.63,80.07,76.54
"Italy, Augusta",,,,,,,,,,,,,,,,,,,,,,,,,,,,,,,,,,,,,,,,,,,,,,,,,,,,,,,,,,,,,,,,,,,,,,,,,,21.29,21.52,21.52,21.59,26.48,26.7,12.03,12.03,10.67
"Italy, Bari",,,,,,,,,,,,,,,,,,,,,12.92,12.92,10.6,10.6,10.6,11.95,11.95,,,12.92,11.47,11.47,11.55,11.55,11.55,11.55,10.91,17.6,28.33,28.33,23.24,23.23,33.43,36.66,23.87,9.2,9.2,9.84,9.84,9.84,9.84,18.07,25.37,25.37,33.36,32.73,29.21,29.18,21.93,21.93,21.91,21.91,21.27,21.25,21.88,19.98,21.4,21.63,30.8,19.55,19.55,23.01,18.91,19.09,19.09,19.09,19.09,19.09,19.09,21.94,21.94,21.94
"Italy, Brindisi",8.5,8.5,8.5,8.5,8.5,8.5,8.5,8.5,8.5,8.5,8.5,8.5,8.5,8.5,8.5,8.5,8.5,8.5,8.5,8.5,8.5,8.5,8.5,8.5,8.5,8.5,8.5,8.5,8.5,8.5,8.5,8.5,8.5,8.5,8.5,8.5,8.5,8.5,8.5,8.5,8.5,8.5,8.5,8.5,26.36,25.35,8.5,8.5,8.5,,,,,,,,,,,,,,,,,,,,,,,,,,,,,,,,,
"Italy, Cagliari",172.03,153.3,110.73,101.68,106.99,87.26,80.59,64.16,55.34,19.7,19.7,173.86,182.69,172.22,191.39,190.72,191.68,169.28,160.36,164.66,162.24,162.3,150.04,149.29,150.98,133.86,131.98,137.58,135.36,141.23,141.35,134.74,135.03,134.06,137.06,133.61,134.16,131.21,140.49,141,143.78,144.6,157.39,158.51,147.59,129.58,100.33,85.86,83.99,87.65,88.82,90.85,90.25,51.66,,23.01,21.86,21.86,23.01,12.54,11.9,11.9,11.55,11.55,11.9,11.9,11.9,11.9,22.05,43.04,36.05,36.41,27.1,26.08,26.09,26.09,26.09,26.09,34.47,34.47,32.53,35.69
"Italy, Catania",34.29,35.57,38.12,37.48,27.65,27.68,26.41,26.41,17.09,16.56,16.56,15.57,22.12,18.49,19.53,19.53,13.75,13.11,13.11,12.99,12.85,12.85,24.62,21.98,29.14,12.87,12.23,12.23,28.49,22.55,19.86,21.42,37.74,37.74,37.74,45.5,49.02,45.54,45.87,58.39,58.32,59.03,47.78,43.4,49.2,43.4,49.8,48.79,63.86,50.66,44.5,53.64,64.03,64.02,50.47,28.1,28.11,28.11,33.26,33.07,33.06,38.59,28.37,28.37,28.17,28.29,28.37,28.57,36.16,35.7,35.33,34.46,35.97,19.37,19.37,19.37,19.37,11.12,11.12,11.12,11.12,11.12
"Italy, Civitavecchia",17.01,10.06,20.64,27.5,9.84,9.84,8.5,15.64,20.88,18.41,19.98,19.7,19.6,25.77,25.79,16.57,27.92,27.74,29.39,20.74,48.72,49.65,49.83,21.26,28.41,9.13,9.13,9.13,9.13,9.13,9.13,10.42,25.15,25.15,23.87,24.4,31.78,24,51.07,51.03,51.03,60.57,61.21,79.46,87.71,97.11,91.25,92.05,100.45,93.6,86.18,91.69,86.58,86.58,77.12,77.03,73.91,82.72,75.09,75.15,75.23,81.09,85.89,78.14,81.12,78.24,79.45,80.02,86.23,94.25,95.12,94.85,93.05,85.9,85.73,85.73,85.83,82.13,82.28,97.79,96.93,83.39
"Italy, Genoa",421.87,440.04,454.14,446.56,416.73,410.17,409.06,393.41,388.12,376.52,391.53,416.87,378.07,373.47,364.37,357.08,367.66,375.96,382,388.66,393.5,389.44,406,414.23,414.05,382.5,373.72,391.51,369.1,369.17,383.97,384.48,374.86,383.99,383.48,374.71,422.93,425.36,436.32,426.43,441.66,463.39,467.72,454.64,455.34,442.01,439.47,453.23,452.47,421.79,449.12,444.8,444.26,444.95,432.67,439.45,424.84,400.61,404.3,400.94,377.09,361.17,382.57,379.34,371.38,367.77,370.05,390.72,379.09,396.48,441.54,445.34,425.25,418.25,411.65,415.87,427.6,430.86,427.07,439.94,432.07,424.07
"Italy, Gioia Tauro",288.73,297.21,300.86,305.41,338.22,341.05,383.46,371.46,347.77,353.92,368.65,314.21,342.93,332.11,276,263.31,256.01,249.29,256.2,274.75,265.18,250.78,214.11,202.99,210.62,224.31,213.11,217.63,243.06,250.11,250.74,250.29,260.76,262.91,267.05,265.04,282.42,269.02,267.65,247.53,241.81,234.67,236.78,255.72,256.64,273.98,255.09,259.28,256.31,253.35,255.88,265.31,265.88,264.99,264.2,282.19,284.18,303.39,315.33,311.55,286.19,290.64,289.98,296.39,295.35,312.97,312.26,305.09,319.78,328.77,334.13,330.57,313.85,314.86,315.94,317.81,317.87,320,328.06,318.53,325.59,325.89
"Italy, La Spezia",187.8,201.3,205.57,208.66,188.87,195.71,207.07,214.27,212.16,205.34,192.21,196.44,192.01,186.42,193.08,203.69,214.57,217.37,220.97,228.99,253.44,253.92,214.73,206.72,221.76,222.67,211.9,243.64,249.75,239.05,236.92,233.92,231.18,235.82,228.83,225.09,233,238.88,244.44,231.64,246.07,250.64,255.97,264.96,259.5,274.41,288.15,279.6,283.87,281.26,271.52,280.77,278.53,262.43,250.99,265.59,257.98,227.96,236.58,216.23,209.9,200.6,206.78,204.78,198.65,204.35,209.58,211.73,219.16,230.65,277.07,241.61,248.11,260.15,262.3,255.2,272.17,277.25,267.71,275.15,302.62,305.91
"Italy, Leghorn",268.97,285.75,293.7,299.34,283.07,266.03,257.24,276.01,270.78,282.2,271.28,272.16,276.72,269.88,231.05,235.34,232.97,218.49,232.86,237.84,244.39,249.78,267.24,262.55,234.8,225.22,217.55,234.41,208.75,202.82,213.85,220.39,223.28,230.51,206.27,223.28,249.95,252.18,260.77,257.01,258.69,241.55,233.78,237.85,238.52,222.88,218.11,202.81,203.62,198.84,221.35,217.23,202.44,185.71,191.88,194.09,187.15,187.36,189.57,187.04,187.4,187.69,198.06,192.75,170.52,168.11,165.4,167.69,173.29,196.32,192.41,214.49,169.31,165.28,166.44,156.05,147.17,147.16,152.85,159.38,160.25,158.92
"Italy, Marina di Carrara",18.56,18.56,18.26,18.62,18.62,18.32,18.32,,,,,,18.32,18.32,18.32,18.32,18.32,18.32,18.41,18.02,18.02,27.24,27.24,27.24,16.78,16.78,16.78,16.78,,,,,,,,,,,,,,,,,,,,,,10.44,10.44,16.06,16.06,16.06,8.16,8.16,32.68,32.68,40.19,32.68,25.79,25.79,23.18,23.18,23.18,19.48,19.48,19.48,19.48,33.84,33.84,33.84,27.29,26.54,26.54,26.54,26.54,26.54,26.54,26.54,26.54,26.54
"Italy, Milazzo",,,,,,,,,,,,,,,,,,,,,,,,,,,,,,,,,,,,,,,,,,,,,,,,,,,,,,,,,,,,,,,,,,,,,,,,,,,,,,,7.04,7.04,7.04,22.05
"Italy, Monfalcone",19.39,19.39,18.72,18.72,18.72,18.72,18.09,18.09,18.09,18.09,18.09,18.09,19.36,36.03,36.03,36.03,36.03,36.03,36.03,36.03,36.67,43.29,43.29,43.29,34.32,38.39,38.39,38.39,17.38,17.38,19.09,19.09,14.01,14.01,14.01,14.01,14.01,14.01,14.01,14.01,14.01,14.01,14.01,14.01,14.01,14.01,14.01,14.01,14.01,10.83,10.83,10.83,10.83,10.83,10.83,12.1,12.1,12.1,,,,,,,,,,,,,,,,,,,,,,,,
"Italy, Naples",163.32,188.93,203.64,221.95,208.94,207.07,193.72,182.23,165.81,190.61,206.68,189.3,201.54,191.44,177.15,183.36,198.94,204.79,214.16,236.43,231.88,225.62,209.01,188,190.84,192.52,178.36,182.99,164.12,167.01,161.38,153.99,151.47,159.42,122.03,131.09,141.71,137.26,135.9,138.58,142.97,154.08,154.52,146.63,143.82,134.47,140.7,127.5,135.39,136.74,128.04,138.41,155.72,156.16,154.78,161.82,153.01,159.68,155.05,144.41,141.44,147.15,148.07,148.18,148.06,134.12,134.99,138.51,132.93,158.11,203.89,170.38,140.69,128.18,131.14,130.91,134.47,136.24,136.3,142.89,140.53,145.55
"Italy, Olbia",,,,,,,,,,,,,,,,,,,,,,,,,,,,,,,,13.49,13.49,13.49,13.49,13.49,13.49,13.49,13.49,13.49,13.49,13.49,13.49,13.49,13.49,13.49,13.49,13.49,13.49,13.49,13.49,13.49,13.49,13.49,13.49,13.49,13.49,13.49,13.49,13.49,13.49,13.49,13.49,13.49,,,,,,15.85,15.85,15.85,9.94,9.94,9.94,9.94,9.94,9.94,9.94,9.94,9.94,9.94
"Italy, Palermo",37.99,34.84,41.15,41.1,32.69,28.72,34.57,33.98,34.74,35.16,35.16,21.55,28.74,29.97,30.65,36.65,23,23.01,23.01,24.11,22.34,22.34,24.62,21.98,21.98,12.87,12.23,12.23,12.24,20.45,10.88,9.89,13.73,11.75,13.61,16.82,15.27,11.74,11.74,11.74,11.97,10.89,10.88,10.88,10.88,10.88,11.52,10.49,10.49,10.49,10.49,9.93,11.9,11.9,24.64,12.54,11.39,11.39,38.2,38.2,11.9,11.9,38.61,38.61,38.96,38.96,36.38,36.38,22.28,28.92,21.93,22.28,22.28,21.27,21.27,21.27,21.27,21.27,23.23,23.23,21.49,21.49
"Italy, Porto Marghera",,,,,,,,,,,,,10.43,10.43,10.43,10.43,10.43,10.43,10.43,,,,,,,16.53,16.53,16.53,16.53,16.53,16.53,16.53,16.53,16.53,16.53,16.53,16.53,16.53,16.53,16.53,16.53,16.53,16.53,,,,,,,,14.73,14.73,14.73,,,,,,,,,15.81,15.81,15.82,15.82,15.82,15.82,15.82,15.81,15.81,15.81,15.81,15.81,15.82,15.82,15.82,15.82,15.82,15.82,15.82,15.82,15.82
"Italy, Porto Torres",,,,,,,,,,,,,,,,,,,,,,,,,,,,,,,,,,,,,,,,,,,,,12.57,12.57,12.57,12.57,12.57,12.57,12.57,12.57,12.57,12.57,12.57,,,,,,,,,,,,,,,,,,,,,,,,,,,
"Italy, Pozzallo",9.24,9.24,9.24,9.24,9.24,9.24,9.24,9.24,9.24,9.24,9.24,9.88,9.88,9.88,9.88,9.88,9.88,9.88,9.88,9.24,10.37,10.37,9.76,9.76,9.76,9.76,9.76,9.41,10.05,10.05,10.05,9.41,9.41,9.41,9.41,9.41,9.41,,,,,,,12.16,12.16,12.16,12.05,12.05,12.05,11.39,11.39,12.02,10.57,10.57,,,,,,,,,11.39,11.39,12.02,11.39,12.18,12.41,12.41,10.96,10.96,10.96,10.96,11.12,11.12,11.12,11.12,11.12,11.12,11.12,11.12,11.12
"Italy, Pozzuoli",,,,,,,,,,,,,,,,,,,,,,,,,,,,,,,,,,,,,,,,,,,,,,,,,,,,,,,12.02,12.02,12.02,12.02,12.02,12.02,12.02,12.02,,,,,,,,,,,,,,,,,,,,
"Italy, Ravenna",71.19,78.42,78.82,83.13,86.25,85.9,85.95,84.3,91.84,91.67,86.4,80.41,76.57,86.49,84.09,83.89,96.83,92.87,93.74,102.03,107.62,107.59,101.72,98.81,103.12,115.47,116.51,116.58,105.19,101.71,104.09,99.78,96.5,100.65,101.24,109.29,115.81,114.04,113.46,113.49,107.53,101.15,99.54,101.94,92.16,86.97,88.87,88.22,87.71,96.52,93.52,95.87,88.03,87.33,72.93,81.88,81.78,81.79,73.59,70.71,71.11,71.12,71.05,71.05,76.77,91.01,94.25,83.65,86.57,86.56,84.11,86.1,80.18,77.08,83.23,83.23,97.64,98.43,97.69,92.44,89.96,90.13
"Italy, Salerno",156.91,155.51,162.04,148.53,143.48,149.62,139.89,151.32,150.67,141.54,139.94,131.03,115.26,118.6,129.12,113.31,128.47,119.15,119.67,133.46,152.44,153.72,146.13,146.32,130.35,111.34,112.57,121.39,136.16,134.28,169.24,164.91,189,181.68,182.35,187.74,194.73,190.59,190.8,175.71,198.93,183.54,187.25,181.55,175.69,204.16,190.73,189.47,198.22,197.1,210.66,214.39,158.54,151.28,147.69,133.39,120.76,122.84,121.65,107.55,107.5,113.25,122.94,123.05,129.1,129.35,136.99,145.64,206.76,186.21,204.57,238.9,191.54,197.03,184.89,184.81,206.98,206.48,212.82,222.35,211.63,201.38
"Italy, Savona",,,,56.32,56.82,56.82,59.92,59.33,59.35,74.52,69.51,69.5,76.17,82.17,79.71,79.71,84.31,76.84,77.51,91.36,91.54,100.79,98.68,90.66,63.5,59.05,59.05,52.51,45.85,45.85,45.85,38.1,20.42,20.42,20.42,20.42,9.88,,,,,,,14.18,24.57,24.57,24.57,24.57,24.57,24.57,24.57,24.57,24.57,24.57,24.57,14.18,14.18,14.18,14.18,14.18,14.18,14.18,14.18,14.18,14.18,,,,13.45,13.45,13.45,13.4,13.4,21.87,22.5,22.5,22.5,26.2,26.2,26.2,26.2,26.2
"Italy, Taranto",110.86,115.99,131.18,130.1,136.66,110.49,115.6,124.86,110.98,98.36,104.06,104.68,109.64,116.12,99.82,90.89,94.77,96.51,96.02,103.32,110.4,106.17,100.29,74.01,81.66,81.31,69.74,68.61,66.13,75.16,75.41,70.25,69.9,59.54,70.04,18.88,18.88,,,,,,,,,,,,,,,,,,,,,,15.21,15.21,25.02,17.57,17.11,15.68,15.65,15.63,15.63,16.79,17.2,28.8,29.76,43.81,31.55,31.54,19.63,20.03,26.8,27.42,27.38,26.71,26.78,27.93
"Italy, Termini Imerese",,,,,,,,,,,,10.32,10.32,,,,,,,,,,,,,,,,,,,,,,,,,,,,,,,,,,,,,,,,,,,,,,,,,,,,,,,,,,,,,,,,,,,,,
"Italy, Trapani",13.42,13.42,13.42,13.42,13.42,13.44,13.44,13.44,9.69,9.69,16.24,17.65,10.06,13.59,13.61,13.61,16.79,16.79,16.79,16.79,16.79,16.79,15.49,15.49,15.49,32.11,18.47,18.31,35.83,29.9,30.66,20.88,19.05,19.05,20.77,22.71,22.71,20.1,20.42,19.77,19.32,19.32,18.68,8.49,8.49,8.49,9.34,9.34,,,12.75,14.77,14.68,14.07,12.77,18.12,12,12,11.31,11.31,18.4,18.4,19.43,19.43,21.79,22,22.21,22.18,27.68,27.58,27.56,23.71,22.38,24.51,25.24,25.24,25.31,22.81,22.74,22.74,15.18,15.18
"Italy, Trieste",74.51,68.78,70.18,71.54,70.5,74.05,72.27,72.38,78.04,84.62,77.89,92.16,89.22,94.53,90.72,84.67,93.25,85.47,106.57,115.03,117.65,117.19,111.95,124.86,123.33,136.19,136.7,130,118.52,118.56,116.55,116.36,116.53,110.81,117.15,117.77,134.61,129.4,131.59,132.97,131.32,130.26,124.89,133.53,140.02,141.82,142.05,131.76,132.09,139.54,138.77,130.02,130.9,142.2,150.75,141.63,138.99,136.22,138.87,133.77,133.86,133.9,137.52,137.93,153.2,150.89,156.32,155.07,147.02,150.7,156.35,156.54,158.36,154.56,156.04,158.56,132,153.23,153.75,139.08,168.58,147.12
"Italy, Vado Ligure",,,,,,,,,,,,,,,,,,,,,,,,,,,,,,,16,,29.42,31.34,28.86,33.85,42.13,51.37,51.37,50.74,36.49,36.49,35.88,35,31.02,31.02,31.02,60.88,48.91,43.86,47.19,47.19,47.19,47.16,39.41,39.37,50.16,74.45,79.83,65.08,65.1,65.02,87.72,105.08,105.05,105.06,107.26,109.83,114.91,110.92,119.47,111.66,70.86,81.06,86.45,86.45,158.12,141.34,141.31,133.86,117.8,120.98
"Italy, Venice",124,117.59,117.94,124.64,121.53,115.83,115.18,119.51,140.85,109.42,111.59,112.25,116.39,135.97,133.38,134.45,134.78,134.78,159.61,146.63,137.29,137.29,137.48,147.97,135.02,143.54,148.48,147.92,145.19,139.78,133.8,134.96,131.7,135.86,136.48,144.45,173.74,176.14,167.65,174.03,179.83,170.58,175.28,174.13,154.47,182.36,178.76,171.98,171.73,163.48,165.71,148.84,135.46,128.14,129.48,134.2,128.48,103.85,104.45,101.89,107.91,107.93,113.72,113.72,109.99,103.8,100.39,96.63,99.87,105.87,106.66,108.38,113.01,106.79,112.27,106.31,113.88,110.9,117.51,124.38,115.42,111.82
"Jamaica, Kingston (JM)",299.74,317.93,290.91,266.22,250.5,245.22,228.44,220.62,206.16,206.58,201.24,219.32,220.98,233.43,220.34,219.24,217.28,232.32,228.69,228.97,217.81,230.39,236.34,222.17,222.41,233.96,227.81,254.64,252.94,237.1,242.16,244.27,244.12,247.72,242.36,239.23,253.51,256.22,235.82,239.46,233.45,240.86,245.5,253.41,244.78,239.29,233.2,243.02,222.86,231.95,232.41,237.53,237.4,245.74,231.87,230.25,246.43,254.6,252.2,265.67,276.36,281.74,275.89,262.81,255.98,267.92,267.59,273.23,281.85,293.2,294.03,288.83,295.52,300.78,309.87,304.81,296.34,277.8,278.36,280.17,292.79,295.56
"Jamaica, Montego Bay",13.03,13.03,13.03,13.03,13.03,13.03,13.03,13.03,,,,14.1,14.1,20.65,20.02,20.02,20.02,20.02,19.37,19.37,14.18,13.43,13.43,12.8,12.8,34.08,34.08,34.08,40.36,40.36,42.95,42.95,42.95,43.04,42.83,42.83,28.95,34.25,34.35,47.86,41.94,41.9,46,45.15,53.42,53.2,43.9,43.9,43.9,49.14,42.29,42.29,42.29,44.72,45.37,38.81,38.93,39.04,39.04,34.58,34.58,34.58,34.58,11.13,13.69,14.28,13.31,11.43,10.78,20.28,16.66,16.66,18.22,16.71,20.35,25.13,16.25,16.25,16.25,16.25,12.86,24.39
"Japan, Aburatsu",11.55,11.55,11.55,10.28,10.28,10.28,10.28,10.28,10.28,8.49,8.49,8.49,8.49,8.49,8.49,8.49,10.92,10.92,10.28,10.28,10.28,10.28,10.28,10.28,10.28,10.28,10.28,10.28,10.28,10.28,10.28,10.28,10.28,10.28,10.28,10.28,10.28,10.28,10.28,10.28,10.28,16.32,16.32,16.32,16.32,16.32,16.32,14.83,14.83,14.83,14.83,14.83,14.83,14.83,14.83,14.83,14.83,14.83,14.83,14.83,14.83,14.83,14.83,14.83,14.83,14.83,14.83,14.83,14.83,14.83,14.83,14.83,14.83,14.83,14.83,14.83,14.83,14.83,14.83,14.83,14.83,14.83
"Japan, Akita",35.65,35.75,35.75,41.26,27.85,34.92,23.77,23.77,23.14,16.13,16.13,16.13,16.13,15.87,15.87,15.87,28.17,42.9,42.9,37.51,37.51,43.49,37.45,37.45,37.45,37.49,37.49,45.1,38.56,38.56,38.63,38.63,26.57,26.57,26.57,25.47,25.47,25.47,36.17,36.17,36.17,35.94,35.94,31.39,31.39,31.39,31.39,23.85,23.85,23.85,24.02,23.85,23.76,23.76,25.03,33.2,33.2,36.27,43.68,43.85,43.85,47.68,48.32,47.97,47.96,40.72,31.59,31.59,31.59,35.19,35.19,46.29,52.49,52.33,52.32,52.33,52.36,51.69,51.44,51.44,48.78,48.78
"Japan, Awajikoryunotsubasa",,,,,,,,,,,,,,,,,,,,,,,,,,,,,,,,,,,,,,,,,,,,,17.19,,,,,,,,,,,,,,,,,,,,,,,,,,,,,,,,,,,,,
"Japan, Chiba",58.65,65.18,63.96,63.44,53.27,39.55,46.21,45.61,39.68,37.97,44.17,26.85,26.85,26.85,27.48,41.54,45.63,50.4,50.36,50.36,41.7,42.31,42.31,42.34,44.91,44.91,42.33,35.67,35.67,28.35,28.35,28.35,35.83,36.46,42.05,52.58,52.58,52.48,52.48,52.07,57.6,65.52,65.53,57.4,51.08,56.8,56.88,56.91,56.79,59.41,55.61,55.51,55.53,61.69,51.87,51.87,51.9,52.53,52.44,53.59,53.71,53.74,54.14,53.51,53.51,53.51,53.49,53.56,52.66,52.7,52.7,54.7,54.7,45.17,45.17,45.17,45.14,45.14,45.14,44.5,44.53,51.62
"Japan, Fukuyama",38.76,52.33,52.33,54.69,64.34,59.34,59.34,59.34,59.42,57.95,55.43,51.52,51.52,51.52,51.52,52.42,53.29,54.67,48.27,43.76,40.48,40.48,40.48,40.48,40.48,31.82,31.82,31.82,31.82,31.82,40.63,40.63,40.63,52.84,52.84,52.84,52.84,53.97,68.23,68.87,68.87,66.41,66.41,66.62,66.62,66.62,66.57,66.62,66.66,65.22,64.95,61.39,61.39,61.39,61.39,61.39,61.39,63.31,63.31,63.31,62.68,73.13,77.05,82.12,82.04,71.45,71.47,74.75,74.35,74.35,74.35,74.35,75,75.06,75.06,75.06,75.06,72.66,66.34,65.25,65.25,65.42
"Japan, Hachinoe",62.98,64.12,64.09,59.73,52.75,52.75,58.11,51.31,50.67,20.72,20.72,30.55,30.55,31.19,31.19,31.82,29.33,33.55,33.53,29.41,29.41,13.7,13.28,13.28,13.28,27.89,19.36,8.69,,,,,,,,,,,,,,28.72,28.72,28.72,28.73,28.73,28.73,28.68,29.32,23.87,7.95,23.91,23.91,23.91,40.6,46.92,46.92,37.59,37.59,37.44,37.44,47.9,44.32,37.5,44.84,44.2,44.19,47.5,47.5,48.14,48.14,41.37,41.37,41.43,41.43,41.53,41.53,42.62,36.32,36.32,36.32,36.32
"Japan, Hakata",242.84,254.02,294.43,276.94,247.23,238.85,237.82,230.37,243.7,249.49,256.68,273.14,243.39,247.04,261.16,257.27,243.75,244.31,245.72,255.36,281.62,296.56,290.59,279.38,273,266.05,278.34,282.97,279.92,279.38,296.77,250.72,246.35,231.68,240.05,260.27,255.5,248.28,245.74,231.6,239.86,233.83,241.49,227.28,212.76,217.92,216.41,214.28,215.4,211.17,215.87,229.95,226.83,228.11,239.78,234.55,242,226.54,226.94,223.49,221.41,230.76,240.06,232.16,226.43,227.46,231.63,238.34,247.49,264.81,266.2,269.45,273.08,287.06,274.4,274.41,267.36,266.4,266.11,270.16,267.98,278.94
"Japan, Hakodate",13.05,13.05,13.05,13.05,13.05,13.05,13.75,13.75,13.75,10.92,10.92,16.78,16.78,16.78,16.78,16.78,14.32,20.09,20.09,11.63,11.63,14.73,14.73,14.73,14.73,14.73,14.73,14.73,14.73,14.73,14.73,14.73,14.73,14.73,16,16,16,16,16,16,16,16,16,16,16,16,16,16,16.64,16.78,,,,,18.73,18.73,18.73,,,,,,,,,,,,,,,,,,,,,,7.34,7.34,7.34,7.34
"Japan, Hamada",,,,8.67,9.76,9.76,7.85,7.85,11.03,11.67,11.67,11.67,11.67,11.67,11.67,11.67,10.92,10.92,9.64,9.64,9.64,15.47,15.47,15.47,15.47,10.28,10.28,10.28,10.28,10.28,10.28,10.28,10.28,10.28,10.28,10.28,10.28,10.28,10.28,10.28,10.28,10.28,10.28,10.28,10.28,10.28,10.28,13.68,13.68,13.68,13.68,13.68,13.68,13.68,13.68,,,,,,,11.75,11.75,11.75,11.75,11.75,11.75,11.75,11.75,19.15,19.15,19.15,19.15,19.15,19.15,19.15,19.15,19.15,19.15,19.05,19.05,19.05
"Japan, Hibikishinko",,,,,,,,,,,,,,,,,,,,,,,,,,,,,,,,,,,,,,,,,,,,,,,,,,,,,,,,,,,20.46,20.45,20.46,24.6,25.23,11.19,30.53,32.38,32.4,40.33,37.38,37.38,35.06,35.29,34.65,38.57,38.57,38.57,38.57,38.57,38.57,38.57,38.57,50.82
"Japan, Hiroshima",108.7,127.47,126.93,123.9,113.08,114.49,114.49,114.64,114.7,113.37,109.69,110.33,107.05,108.32,91.5,112.9,120.27,123.12,117.95,119.89,110.05,100.22,100.18,100.81,97.61,87.69,89.6,73.11,71.84,72.01,79.51,80.15,80.14,79.5,79.5,93.11,93.11,92.97,101.43,102.06,100.79,93.93,93.93,102.34,102.34,102.34,102.92,110.28,110.31,113.54,112.64,109.08,104.57,104.57,108.66,101.35,96.8,92.08,92.08,92.08,91.62,95.07,95.7,107.71,104.26,103.52,103.54,110.84,107.39,107.34,110.76,110.99,111.65,111.72,120.41,120.41,120.41,120.55,120.67,111.59,111.55,111.69
"Japan, Hitachi",38.29,38.29,38.29,32.39,32.39,32.39,31.76,31.76,31.76,27.66,27.66,23.93,23.93,13.69,13.69,13.69,15.05,,,14.73,14.73,,,,,,,14.73,14.73,33.31,33.34,32.48,33.32,33.36,33.21,25.19,31.87,24.65,24.65,24.65,14.73,8,8,8,8,8,8,8,8,8,19.27,19.27,19.27,19.27,19.27,31.09,31.09,24.28,24.28,24.28,24.28,8,8,8,8,8,8,9.27,9.27,9.27,9.27,9.27,9.27,9.27,9.27,9.27,9.27,9.27,9.27,9.27,9.27,9.27
"Japan, Hitachinaka",,,,,,,,,,,,,,,,,,,,,,,,,,,,,,,,,,,,,,,,,,,,,,,,,,,,,,,,,,,,,,41.49,39.82,29.51,30.14,39.65,39.64,51.38,51.38,51.38,51.38,47.52,55.7,55.67,56.33,56.41,56.41,59.41,52.46,52.47,50.55,50.56
"Japan, Hososhima",49.09,47.81,47.81,47.18,51.03,51.67,46.54,46.54,48.32,49.53,49.53,47.8,47.8,47.8,41.32,41.32,44.83,44.83,44.19,51.37,51.37,50.75,50.75,50.75,51.87,51.87,51.66,51.66,50.99,50.99,50.99,50.99,50.5,49.86,49.86,50.5,50.5,59.01,59.16,59.16,49.21,63.72,63.72,57.37,57.37,57.53,57.53,57.77,57.8,57.8,57.27,57.27,64.37,64.35,64.35,64.35,60.71,63.26,60.62,60.62,69.31,69.25,66.43,58.46,58.46,57.73,57.74,45.58,59.87,59.87,60.51,60.51,60.51,60.73,53.95,53.95,53.95,55.23,55.23,53.95,53.95,53.95
"Japan, Imabari",32.99,32.99,32.99,36.5,34.74,34.74,34.06,34.06,43.12,35.26,35.26,30.13,30.13,30.77,30.77,30.77,28.29,32.14,32.77,29.65,29.65,29.65,29.65,29.65,29.65,18.04,18.04,18.04,18.04,18.04,18.04,18.04,18.04,18.04,18.04,26.89,26.89,26.89,20.4,20.4,20.4,26.96,26.96,31.51,31.51,31.51,31.51,40.38,40.38,35.14,35.14,35.14,35.14,35.14,35.14,26.27,26.27,26.9,26.9,26.9,26.9,39.21,40.48,41.17,41.17,41.17,41.17,40.53,36.68,36.68,36.69,36.69,37.33,37.32,37.32,37.32,37.32,33.41,33.54,38.23,38.23,38.87
"Japan, Imari",10.09,21.25,21.25,21.25,26.33,26.33,26.33,26.33,26.33,16.26,16.26,15.96,15.96,16.64,16.64,29.44,29.44,24.96,24.98,25.03,25.03,25.03,25.03,25.03,25.03,12.17,12.17,12.17,12.19,12.19,24.99,24.99,24.99,24.99,24.99,24.99,24.99,24.99,36.14,36.14,36.14,29.65,29.65,43.24,43.26,43.26,43.26,50.69,50.72,51.36,51.36,51.36,51.36,51.01,54.84,52.28,47.1,39.68,39.68,39.68,39.68,49.15,57.41,55.5,55.5,55.77,55.78,49.7,49.71,49.71,49.71,49.71,49.7,49.76,49.76,49.76,49.76,44.57,32.44,32.43,32.43,32.25
"Japan, Ishikariwan Shinko",83.38,90.47,88.51,72.12,64.5,68.57,74.58,66.61,68.59,62.09,62.09,51.7,46.86,11.52,10.89,10.89,10.89,10.89,10.89,10.89,10.89,10.89,10.89,10.89,10.89,10.89,10.89,11.31,11.31,18.13,18.13,17.57,17.57,17.57,17.57,17.57,17.57,24.35,20.44,20.44,20.44,20.8,20.8,20.8,20.8,20.8,20.8,20.8,20.8,20.8,15.29,27.23,27.23,23.03,30.41,31.05,31.05,35.91,35.91,35.91,35.91,39.13,39.8,28.04,28.04,28.04,33.99,34.01,34.01,35.31,35.31,32.12,32.12,32.11,32.11,32.11,32.13,31.47,31.47,31.47,31.07,31.07
"Japan, Iwakuni",49.36,61.36,67.71,67.13,70.29,70.29,58.6,58.07,66.21,60.78,60.78,43.96,45.82,46.45,46.45,46.45,36.83,45.93,53.06,53.07,45.92,38.15,38.04,38.04,38.04,38.15,38.15,38.15,38.15,38.15,29.05,29.05,29.05,29.05,28.42,43.95,43.95,43.95,52.77,52.77,53.39,49.84,44.03,42.76,42.76,42.76,42.76,51.35,51.35,51.29,51.29,51.29,51.29,51.29,51.29,42.71,41.43,41.43,41.15,41.15,41.15,36.86,47.18,36.22,36.22,35.87,36.93,45.59,47.73,47.73,46.66,46.66,46.68,46.69,46.69,46.69,46.69,44.53,44.53,40.44,40.44,45.82
"Japan, Iyomishima",18.59,18.59,18.59,20.54,21.33,21.33,7.85,7.85,23.84,11.67,11.67,18.19,18.19,18.19,18.19,18.19,23.76,23.76,28.95,29.15,29.15,23.96,23.96,16.09,16.09,8.57,8.57,8.57,8.57,8.57,8.57,8.57,8.57,8.57,8.57,19.77,19.77,28.66,28.66,28.66,28.66,28.03,28.03,28.66,28.66,28.66,28.66,28.66,28.66,28.61,28.61,28.61,28.61,28.61,36.46,36.46,36.46,38.93,38.93,38.93,38.93,31.21,31.21,36.18,36.07,36.07,36.07,28.22,40.34,40.34,40.35,40.35,40.35,40.35,40.35,40.35,40.35,40.35,40.35,46.36,46.36,46.36
"Japan, Kagoshima",,,,,8.44,8.44,8.44,8.44,8.44,,,,,,,,,,,,,,,,,,,,,,,,,,,,,,,,,,,,,,,,,,,,,,,,,,,,,,,,,,,,,,,,,,,,,,,,,
"Japan, Kamaisha",,,,,,,,,,,,,,,,,,,,,,,,,,,,,,,,,,,,,,,,,,,,,,,,,16.64,16.78,,,,,19.36,19.36,19.36,,,,,,,,,,,,,,,,,,,,,,,,,
"Japan, Kanazawa",28.55,26.08,31.86,38.41,42.56,47.13,43.2,43.2,43.9,43.13,43.08,43.38,36.85,42.04,42.06,36.63,37.5,40.65,40.69,37.24,37.24,37.24,37.24,37.24,37.24,41.44,41.44,41.44,47.9,47.9,43.14,43.14,41.38,41.38,41.38,41.38,41.38,41.46,41.46,41.46,41.39,36.56,36.56,32.01,32.01,32.01,32.01,32.01,32.01,32.01,43.34,49.32,49.32,49.31,38.03,45.57,45.57,54.9,55.71,52.25,52.25,53,58.41,58.06,58.06,57.45,70.55,73.79,70.38,76.43,76.43,74.5,74.5,68.46,68.5,68.5,71.11,70.43,64.15,64.13,64.13,64.13
"Japan, Kanmon",,,,,,,,,,,,,,,,,,,,,,,,,,,,,,,,,,,,,,,,,,,,,22.9,22.9,,,22.9,,,,,,,,,,,,,,,,,,,,,,,,,,,,,,,,,
"Japan, Kashima",24.81,24.81,12.96,12.96,,,,,,,,,,,,,,,,,,,,,,,,,,,,,,,,,,,,,,,,,,,,,,,,,,,16.56,17.2,17.2,17.82,17.82,17.82,17.82,18.55,18.55,,,,,9.27,9.27,26.11,26.11,26.12,26.12,26.17,26.17,26.28,26.28,9.27,20.09,20.09,20.09,20.09
"Japan, Kawasaki",73.33,76.22,75.21,69.05,66.95,68.91,62.08,42.98,50.41,50.4,50.4,50.47,50.47,51.57,41.31,35.69,35.69,35.04,35.04,35.04,33.28,40.72,40.73,40.73,40.73,41.89,50.82,35.96,28.02,28.64,28.65,28.65,28.77,56.08,55.92,61.31,60.66,62.89,62.89,62.89,71.36,77.14,77.14,77.14,73.97,67.11,66.75,73.94,73.99,89.23,95.14,95.14,93.44,86.88,97.67,92.87,92.24,92.42,92.48,95.37,95.36,95.4,70.36,98.01,98.67,106.88,107.87,103.54,103.36,103.36,102.18,102.24,102.91,102.9,94.09,94.11,90.48,97.05,105.99,105.99,94.29,65.79
"Japan, Kitakyushu/Hibiki",,,,,,,,,,,,,,,,,,,,,,,,,11.75,20.72,20.69,20.69,33.87,33.87,33.84,33.84,28.72,22.27,22.27,28.33,21.92,22.55,27.57,17.78,17.78,26.37,26.37,26.37,26.37,26.37,26.37,26.83,26.83,26.83,26.83,38.91,39.04,41.69,47.31,47.28,49.25,48.04,34.84,34.84,34.84,34.84,34.84,46.7,28.74,28.74,32.79,51.25,32.79,32.79,32.79,41.28,41.28,41.31,41.31,41.31,41.31,41.31,40.87,34.19,34.19,34.19
"Japan, Kobe",687.17,711.04,730.05,754.2,748.09,727.43,720.68,724.15,726.25,718.02,721.14,709.52,723.79,729.75,714.54,713.67,707.93,694.55,704.03,670.86,668.69,694.58,677.66,687.6,673.25,663.71,660.65,661.29,661.54,634.27,633.82,636.15,627.14,635.8,638.42,652.36,638.53,651.3,649.85,639.15,643.71,622.04,576.6,542.63,537.68,537.2,541.5,536.15,532.1,528.1,524.73,526.24,522.12,523.35,517.76,523.16,522.48,517.99,522.15,530.55,528.8,531.57,543.2,529.94,529.89,549.2,539.25,559.45,567.25,569.26,558.42,567.15,577.76,571.71,559.77,561.61,550.47,557.75,561.86,555.55,546.59,542.13
"Japan, Kochi",11.54,11.54,11.54,9.55,9.55,9.55,9.55,9.55,9.55,,,,,,,10.09,17.76,18.39,19.22,18.51,18.51,18.51,18.51,18.49,18.49,18.5,18.5,18.5,18.5,18.5,,,,,,8.26,8.26,8.26,8.26,8.26,8.26,,,,,,,,,,,,14.2,14.2,14.84,14.84,14.84,14.84,14.84,14.84,14.84,23.42,23.42,22.24,22.24,22.24,22.24,22.24,22.24,22.24,29.01,29.01,29.01,29.76,22.23,22.23,22.23,22.23,22.23,11.45,11.45,11.45
"Japan, Kokura",20.87,20.87,21.47,,,,,,,,,,,,,,,,,,,,,,,,,,,,,,,,,,,,,,,,,,,,,,,,,,,,,,,,,,,,,,,,,,,,,,,,,,,,,,,
"Japan, Kumamoto",10.77,10.77,10.77,10.77,13.46,13.46,13.46,13.46,13.46,13.46,13.46,14.1,14.1,14.1,14.1,14.1,14.1,14.1,14.1,10.28,10.28,10.28,10.28,10.28,10.28,10.28,10.28,10.28,10.28,10.28,10.28,10.28,10.28,10.28,10.28,10.28,10.28,10.28,10.28,10.28,10.28,10.28,10.28,16.74,16.74,16.74,16.74,16.74,16.74,16.74,16.74,16.74,16.74,16.74,16.74,16.74,16.74,13.46,13.46,13.46,13.46,13.46,13.46,10.92,10.92,10.92,10.92,11.55,11.55,11.55,11.55,11.55,11.55,11.55,11.55,11.55,11.55,11.55,11.55,10.28,10.28,
"Japan, Kure",11.21,11.21,11.21,11.21,11.21,11.21,11.21,11.21,11.21,11.21,11.21,11.21,11.21,11.21,11.21,11.21,,,,,,,,,,,,,,,,,,,,,,,,,,,,,,,,,,,,,,,,,,,,,,,,,,,,,,,,,,,,,,,,,,
"Japan, Kushiro",8.37,8.37,8.37,8.37,10.5,10.5,7.85,7.85,7.21,8.37,8.37,8.37,8.37,8.37,8.37,8.37,9.64,9.64,9.64,16,16,24.78,24.78,24.78,10.28,10.28,10.28,10.28,10.28,10.28,10.28,10.28,10.28,10.28,10.28,10.28,10.28,10.28,10.28,10.28,10.28,27.46,27.46,27.46,27.46,27.46,27.46,22.23,22.87,25.5,19.36,19.36,19.36,19.36,25.51,25.51,25.51,,,,,18.55,18.55,,,,,,,,,16.83,16.83,16.83,16.83,16.83,17.2,16.18,16.18,16.18,16.18,16.18
"Japan, Maizuru",18.26,18.27,18.27,11.15,19.31,19.31,19.31,19.31,27.52,27.71,27.69,27.73,20.57,20.68,20.06,20.06,20.06,11.9,11.9,11.9,11.9,11.9,11.9,11.9,11.9,17.27,17.27,17.27,17.27,17.27,17.63,17.63,17.63,17.63,17.63,17.63,17.63,,,,,13.61,13.61,13.61,13.61,13.61,13.61,13.61,13.61,13.61,13.61,13.61,13.61,13.61,13.61,27.64,27.64,24.56,24.56,24.56,24.56,32.51,32.51,32.51,21.43,32.16,33.42,36.7,36.7,37.35,37.35,37.36,37.36,37.42,37.42,37.52,37.52,31.31,19.16,19.1,19.1,19.1
"Japan, Matsuyama",78.27,77.88,77.88,54.36,64.05,52.6,51.92,51.92,67.82,67.82,67.82,62.23,58.95,65.87,58.95,65.99,57.74,61.59,62.23,60.37,67,67,67,67,67,61.12,65.19,65.19,64.57,64.57,64.57,63.96,63.95,63.95,61.11,62.35,62.35,62.78,55.66,55.66,54.04,52.13,52.13,50.86,50.86,50.86,51.49,58.16,58.16,58.11,57.47,57.47,52.24,52.24,52.24,45.56,45.56,53.94,53.94,53.94,54.22,65.06,60.51,63.02,63.02,62.33,62.33,62.33,60.06,60.06,60.06,60.06,60.7,60.96,61.03,61.03,61.03,57.11,52.43,58.3,58.3,44.8
"Japan, Miike",,,,,8.44,8.44,8.44,8.44,8.44,8.44,8.44,8.44,8.44,8.44,8.44,8.44,8.44,,,,,,,,,,,,,,,,,,,,,,9.55,9.55,9.55,9.55,9.55,9.55,9.55,9.55,9.55,9.55,9.55,9.55,9.55,9.55,9.55,9.55,9.55,9.55,9.55,9.55,9.55,9.55,9.55,9.55,9.55,9.55,9.55,9.55,9.55,9.55,9.55,9.55,9.55,9.55,9.55,9.55,9.55,9.55,9.55,9.55,,,,
"Japan, Mishima, Kawanoe",,,,,,,,,,,,,,,,,,,,,,,,,16.09,16.09,16.09,15.45,,15.9,15.9,15.9,15.9,15.9,15.86,15.86,15.86,15.86,15.86,15.86,15.86,28.17,28.17,34.22,34.22,34.22,34.22,43.44,43.44,35.67,35.67,35.67,35.67,35.67,35.67,26.45,26.45,26.45,26.45,26.45,26.45,31.3,31.3,25.94,25.94,14.33,14.33,14.33,,,,,,,,,,,,,,
"Japan, Mitajiri",,9.8,9.8,9.8,9.8,,,,,,,,,,,,,,,,,,,,,,,,,,,,,,,,,,,,,13.04,13.04,13.04,13.04,13.04,13.04,13.04,13.04,13.04,13.04,13.04,13.04,13.04,13.04,13.04,13.04,13.04,13.04,13.04,13.04,13.04,13.04,13.04,13.04,13.04,13.04,12.44,12.44,12.44,12.44,12.44,12.44,12.44,12.44,12.44,12.44,12.44,12.44,12.44,12.44,12.44
"Japan, Miyazaki",,,,,,,,,,,,,,,,,10.46,10.46,10.46,,,,,,,,,,,,,,,,,,,,,,,,,,,,,,,,,,,,,,,,,,,,,,,,,,,,,,,,,,,,,,,
"Japan, Mizushima",80.99,84.34,90.37,92.9,94.53,97.15,97.09,97.11,90.64,83.47,80.25,83.42,83.42,83.3,83.3,83.99,85.49,87.78,81.37,75.49,75.54,75.76,75.8,83.6,83.6,77.88,77.91,77.9,77.9,75.04,74.14,81.56,81.52,81.52,81.52,88.16,88.17,89.95,94.19,94.19,94.19,88.91,88.91,92.78,92.78,92.78,93.21,93.34,93.37,93.49,96.11,96.11,96.11,96.11,96.39,96.39,102.5,97.78,98.42,98.42,97.78,107.07,101.66,101.07,101.64,101.9,101.91,95.4,101.03,101.03,94.98,94.98,95.64,95.7,95.77,95.77,95.77,96.66,90.33,89.46,89.46,85.53
"Japan, Moji",236.16,249.53,246.4,235.77,235.95,242.48,242.66,241.8,250.65,249.96,249.61,252.06,253.82,254.65,218.7,219.21,234.37,242.22,245.7,242.26,261.33,242.75,222.71,217.85,209.35,202.46,229.87,229.91,231.15,204.69,204.52,198.61,202.33,186.42,195.19,203.46,210.58,214.24,227.26,222.47,223.05,237.66,230.21,227.65,221.43,221.43,220.4,222.69,223.16,224.75,232.49,238.71,241.13,243.15,244.87,248.77,246.82,222.67,212.29,214.7,216.28,220.73,229.75,225.49,213.58,207.21,208.17,215.49,220.05,232.26,229.84,217.55,221.16,240.62,250.8,250.75,250.81,250.25,240.98,251.28,248.31,259.65
"Japan, Muroran",22.16,,,,,,,,,,,,,,,,,9,9,8.99,8.99,8.99,8.99,8.99,8.99,8.99,8.99,8.99,8.99,8.99,8.99,8.99,8.99,8.99,8.99,8.99,8.99,16.88,20.1,20.1,20.1,15.55,15.55,15.55,15.55,15.55,15.55,15.55,15.55,26.81,19.36,19.36,19.36,19.36,18.73,18.73,18.73,18.1,18.1,18.1,18.1,19.96,16.82,19.55,20.82,20.82,20.82,20.82,20.82,20.82,20.82,16.83,16.83,16.83,16.83,16.83,17.2,,,,,
"Japan, Nagasaki",10.77,10.77,10.77,10.77,13.46,13.46,13.46,13.46,13.46,13.46,13.46,14.1,14.1,14.1,14.1,14.1,14.1,14.1,14.1,10.28,10.28,10.28,10.28,10.28,10.28,10.28,10.28,10.28,10.28,10.28,10.28,10.28,10.28,10.28,10.28,10.28,10.28,10.28,10.28,10.28,10.28,10.28,10.28,16.74,16.74,16.74,16.74,16.74,16.74,16.74,16.74,16.74,16.74,16.74,16.74,16.74,16.74,13.46,13.46,13.46,13.46,13.46,13.46,10.92,10.92,10.92,10.92,11.55,11.55,11.55,11.55,11.55,11.55,11.55,11.55,11.55,11.55,11.55,11.55,10.28,10.28,10.92
"Japan, Nagoya",661.51,684.06,691.72,686.98,703.35,689.37,683.79,659.67,625.37,639.47,628.49,643.55,621.51,633.48,617.91,624.97,606.14,627.22,632.17,621.27,621.18,615.61,607.34,604.71,585.19,584.1,586.75,588.12,599.82,584.81,584.63,584.71,577.85,548.86,563.77,580.52,575.74,569.57,569.5,554.58,559.67,548.8,521.73,509.34,498.42,481.88,481.54,485.22,477.57,486.44,491.2,498.4,500.64,488.51,484.28,480.42,480.51,474.57,481.13,476.55,481.44,500.61,513.95,510.41,494.6,504.21,508.19,508.24,510.82,530.89,533.52,523.38,527.67,542.6,521.25,525.31,525.63,527.68,522.85,521.96,517.5,548.47
"Japan, Naha",31.31,31.32,30.87,31.95,31.95,20.25,20.25,34.81,34.81,34.81,34.81,45.25,38.59,38.59,44.32,44.32,55.65,54.98,54.98,41.39,33.67,33.67,33.7,33.7,33.7,33.7,44,44,42.72,43.64,43.64,43.64,43.64,43.88,43.88,44.52,44.52,44.52,42.56,69.6,68.96,71.52,71.52,71.52,81.59,81.6,81.59,81.59,83.51,83.51,90.15,90.03,79.35,79.35,70.61,70.69,70.69,70.69,70.8,70.88,71.02,71.02,72.29,72.29,72.29,71.29,71.29,71.29,70.95,70.95,71.59,71.59,70.95,70.99,70.71,67.24,63.35,63.35,63.35,63.35,63.35,64.63
"Japan, Nakanoseki",32.8,49.94,49.94,41.41,52.81,52.17,47.04,47.04,47.04,31.42,23.67,24.31,21.03,21.03,21.03,21.03,21.03,21.03,21.03,21.03,21.03,21.03,21.03,21.03,21.03,13.87,13.87,13.87,,,,,,,,13.08,13.08,13.08,13.23,13.23,,13.23,13.23,13.23,13.23,13.23,13.7,13.7,13.7,13.7,,,,,,,,,,,,,,10.52,10.52,10.52,10.52,10.52,10.52,10.52,10.52,10.52,10.52,10.52,10.52,10.52,10.52,10.52,10.52,10.52,10.52,10.52
"Japan, Naoetsu",26.02,26.03,31.82,31.82,31.18,31.18,36.96,47.05,38.05,38.05,38.05,38.05,30.25,23.77,24.59,24.59,24.59,32.85,32.99,34.96,32.92,33,33,33,33,33,33,37.97,33.9,33.9,33.97,31.39,36.3,36.3,36.3,29.49,29.49,36.95,36.95,36.95,36.95,29.22,29.22,27.95,27.95,27.95,27.95,20.71,20.71,20.71,20.71,20.71,28.35,28.35,29.62,29.62,29.62,26.51,25.24,25.27,25.27,27.18,27.18,33.33,33.33,24.6,17.23,17.23,17.23,23.9,23.9,23.9,23.75,23.74,23.74,23.74,23.74,23.74,23.74,23.74,23.74,23.74
"Japan, Niigata",97.24,90.61,90.31,91.13,80.15,83.79,78.2,93.24,91.92,83.71,83.67,85.83,85.83,80.14,80.66,75.17,74.26,100.57,100.76,94.02,83.73,88.24,81.55,81.55,82.22,79.79,71.25,71.15,73.86,73.86,72.78,72.78,62.63,62.63,63.26,63.13,63.13,63.21,69.52,69.52,69.45,71.3,71.3,74.58,74.59,74.59,74.59,73.81,74.67,64.52,57.13,60.54,53.81,53.79,63.15,67.46,67.46,63.44,63.61,60.16,60.16,66.89,64.54,66.84,66.23,55.6,55.6,55.57,55.62,67.03,67.03,71.99,71.96,71.95,71.98,71.99,72.01,72.01,71.76,71.74,74.33,74.33
"Japan, Niihama",10.77,10.77,10.77,10.77,10.77,10.77,10.77,10.77,10.77,10.77,10.77,10.77,10.77,10.77,10.77,10.77,10.77,10.77,10.77,10.77,10.77,10.77,10.77,10.77,10.77,10.77,10.77,10.77,10.77,10.77,10.77,10.77,10.77,10.77,10.77,10.77,10.77,10.77,10.77,10.77,10.77,,,,,,,,,,,,,,,,,,,,,,,,,,,,,,,,,,,,,,,,,
"Japan, Ofunato",,,,,,10.9,10.9,10.9,10.9,10.27,10.27,10.27,15.37,12.53,12.53,10.54,16.68,16.68,16.68,16.68,,,,,,,,,,,,,,,,,,,,,,,,,,,,,,,,,,,,,,,,,,,,,,,,,,,,,,,,,,,,,,
"Japan, Oita",45.7,44.43,44.43,58.13,57.49,58.13,43.99,43.99,53.98,56.62,46.35,46.35,46.36,53.99,59.32,59.32,57.68,57.68,57.04,52.21,44.93,44.14,44.14,44.14,45.42,45.42,45.22,45.22,45.22,45.22,46.1,46.1,45.94,45.3,45.3,45.3,45.3,44.72,44.72,44.72,44.72,48.17,48.17,41.12,41.12,41.28,41.91,47.73,47.73,47.73,47.2,47.2,47.2,47.1,55.75,49.74,53.83,53.83,55.11,55.11,54.86,67.6,61.2,64,70.13,69.14,69.14,70.2,77.4,77.4,71.35,59.2,59.2,59.51,59.51,59.51,59.57,58.3,58.3,57.66,57.66,58.62
"Japan, Omaezaki",11.58,11.58,20.52,29.96,29.96,29.96,29.18,28.53,28.53,28.56,28.56,39.81,40.57,32.31,39.45,32.4,32.4,29.41,28.57,28.56,28.56,28.56,27.64,34.31,38.02,38.02,33.34,33.34,24.29,13.46,32.34,32.34,32.33,12.93,12.93,12.93,28.85,29.49,29.46,29.46,34.75,34.75,36.19,37.1,36.95,37.63,39.81,35.27,35.28,35.37,40.9,40.94,49.77,47.82,37.61,40.33,34.32,34.05,34.05,34.36,34.36,24.42,17.5,17.88,24.64,24.64,24.75,24.75,24.83,24.95,25.58,25.01,24.97,24.54,22.5,22.65,27.79,28.04,28.04,28.17,28.26,19.46
"Japan, Onahama",59.29,59.29,47.55,34.09,20.33,20.96,20.33,20.33,20.33,24.07,24.07,20.34,24.59,21.76,21.76,20.29,15.05,,,14.73,14.73,,,,,,,14.73,14.73,14.73,23.8,23.8,23.8,23.8,23.8,23.8,23.65,23.65,23.65,23.65,23.65,16.58,16.58,16.58,16.58,15.94,16.01,16.01,16.01,26,31.04,31.04,31.04,31.04,31.68,31.68,31.68,24.93,24.93,24.93,24.93,32.08,35.89,35.89,35.89,35.89,28.69,28.41,28.41,28.41,28.41,18.46,18.46,18.46,18.46,18.46,18.48,18.48,18.48,18.48,18.48,18.48
"Japan, Osaka",570.69,584.29,593.65,587.12,592.22,597.47,597.37,605.04,585.23,579.64,586.06,556.01,548.29,544.41,537,535.43,509.76,506.89,521.07,492.43,496.39,515.15,515.33,491.22,519.21,530.38,522.82,534.17,526.42,500.06,504.9,510.58,498.82,517.41,490.04,487.28,482.46,469.34,460.68,454.41,459.21,427.24,432.1,417.44,409.08,410.49,416.57,415.09,419.44,419.8,415.17,419.7,417.96,422.66,425.54,420.61,412.33,405.14,420.16,428.32,424.77,444.21,441.47,439.95,435.79,447.63,441.78,450.27,456.47,457.77,450.06,462.37,470.1,460.83,427.39,424.26,424.42,425.08,426.05,412.04,401.64,397.54
"Japan, Otake",,,,,,,,,,,,,,,,,,,,,,,,,,,,,,,,,,,,11.99,11.99,11.99,11.99,11.99,11.99,17.8,17.8,18.43,18.43,18.43,18.43,18.43,18.43,17.98,17.98,17.98,17.98,17.98,17.98,17.98,17.98,17.98,17.98,17.98,17.98,18.18,18.18,7.85,7.85,7.85,7.85,7.85,7.85,7.85,7.85,7.85,7.85,7.85,7.85,7.85,7.85,7.85,7.85,7.85,7.85,7.85
"Japan, Otaru",12.23,12.23,12.23,12.23,12.23,12.23,12.23,12.23,16.89,17.61,16.56,17.79,17.79,17.88,12.61,12.61,12.61,12.61,12.57,12.57,12.57,12.57,12.57,12.57,12.57,12.57,12.57,12.57,12.57,12.57,,,,,,,,18.35,18.35,18.35,18.28,13.61,13.61,13.61,13.61,13.61,13.61,13.61,13.61,13.61,13.61,13.61,13.61,13.61,13.61,13.61,13.61,13.61,13.61,13.61,13.61,13.61,13.61,13.61,13.32,13.35,13.98,13.98,13.98,13.98,13.98,13.98,13.98,13.98,13.98,13.98,13.98,13.98,13.98,13.98,13.98,13.98
"Japan, Sakai",,,,,,,,,,,,,,,,,,,,,,,,,,,,,,,,,,,,,,,,,,,,,,,,,,,,,,,,,,,,17.19,17.19,17.19,17.19,17.19,17.19,17.18,20.66,20.66,11.32,11.32,11.32,11.32,,,,,,18.17,18.18,18.17,18.17,18.17
"Japan, Sakaiminato",31.04,31.04,31.04,24.63,32.78,32.78,32.78,32.78,38.92,37.63,37.58,37.88,37.88,37.98,38,32.56,33.43,37.2,37.24,37.24,37.24,37.24,37.24,37.24,37.24,37.24,37.24,37.24,37.24,37.24,32.98,32.98,31.21,31.21,31.21,31.21,31.21,31.21,31.21,31.21,31.21,28.24,28.24,23.69,23.69,23.69,23.69,23.69,23.69,23.69,24.15,24.15,24.15,24.15,24.15,17.02,17.02,44.56,44.56,44.56,44.56,47.82,44.27,44.27,44.27,52.01,52.63,60.22,54.18,54.19,54.19,52.3,52.3,52.31,52.31,52.39,52.39,48.46,38.58,38.57,38.57,37.93
"Japan, Sakata",,,,,,,,,,,,,,,,,,,,,,,,,,,7.5,7.5,7.5,,,,,,,,,,,,,16,16,23.77,23.77,23.77,23.77,23.77,24.41,30.69,24.55,24.55,24.55,24.55,24.55,30.91,30.91,36.52,36.52,36.52,36.52,39.63,32.27,37.18,37.1,33.69,37.73,37.73,37.73,38.37,38.37,30.34,30.34,30.38,30.38,30.48,30.48,25.55,18.73,18.73,18.73,18.73
"Japan, Senboku",25.99,29.44,28.81,16.6,16.6,16.6,16.6,16.6,12.13,12.13,12.13,11.07,17.14,11.07,,,,,17.73,17.73,17.73,25.08,25.08,25.08,25.08,19.1,19.1,19.1,19.1,19.1,19.1,19.1,19.1,11.74,11.74,12.46,12.46,12.46,11.74,11.74,18.41,18.41,18.41,18.41,19.05,19.05,19.05,19.05,19.05,19.05,19.05,19.59,19.41,19.41,19.41,19.41,19.41,11.74,11.74,11.74,11.74,11.74,11.74,11.74,11.74,11.74,11.74,11.74,11.74,11.74,11.74,11.74,11.74,11.74,23,23.28,23.28,23.28,23.28,23.29,23.29,23.29
"Japan, Sendai",87.46,87.46,87.39,81.48,73.22,73.89,73.89,76.51,76.5,72.44,72.44,65.52,71.9,71.43,80.48,80.88,87.29,86.58,86.62,91.86,91.59,72.65,62.18,22.61,59.45,51.42,51.41,61.08,61.08,63.86,69.43,69.43,69.43,70.08,68.98,70.08,70.07,70.07,69.43,69.43,76.41,81.8,81.8,82.39,90.88,88.61,88.64,88.6,88.6,88,99.4,95.47,104.33,79.35,89.41,94.93,94.93,98.52,98.52,90.43,79.38,84.94,73.56,73.22,79.36,87.44,75.02,70.74,80.12,80.73,83.78,76.39,76.39,76.38,76.38,76.46,76.46,79.46,71.81,76.36,74.45,94.67
"Japan, Shibushi",52.65,52.65,52.74,44.41,50.17,50.81,50.81,50.81,50.2,45.76,46.53,46.53,46.53,46.53,50.49,59,59.7,60.33,59.82,56.18,56.18,56.04,56.04,56.78,57.54,46.19,45.98,45.98,34.91,34.91,31.49,31.49,31.33,30.69,30.69,30.69,30.69,30.69,30.69,30.69,40.49,49.81,49.81,54.99,54.99,55.15,55.78,62.02,62.05,62.05,60.89,60.89,68.9,68.89,77.28,62.25,66.34,68.89,66.88,66.88,66.42,66.36,74.13,69.56,58.97,58.24,58.25,55.04,62.04,62.04,62.04,62.04,62.04,62.25,62.25,62.25,62.31,60.79,60.79,60.79,60.79,60.15
"Japan, Shimizu",168,195.39,180.94,185.8,184.93,189.29,196.18,189.85,215.06,206.43,227.61,226.98,239.14,228,231,230.98,235.92,223.76,227.85,233.94,231.8,230.25,216.79,213.25,214.42,205.21,214.51,220.76,207.8,215.43,217.05,210.37,209.74,196.88,198.58,204.99,208.97,219.47,222.6,215.51,241.1,239.05,229.06,227.51,221.42,219.99,220.14,218.08,225.28,211.71,226.19,226.31,226.56,218.7,238.87,245.72,232.56,227.12,221.59,221.46,221.5,223.35,229.17,222.41,222.18,221.65,232.42,236.88,228.77,228.73,235.71,229.25,229.39,228.94,227.23,227.21,226.95,215.94,211.87,212.66,202.25,170.62
"Japan, Shimonoseki",9.17,9.17,9.17,9.64,,,,,12.68,12.68,12.68,14.43,14.43,23.88,23.88,23.88,24.79,15.15,15.15,15.15,15.15,15.15,15.15,15.15,15.15,15.15,15.15,15.15,14.86,14.86,14.86,14.86,14.86,14.86,14.86,19.52,19.52,19.52,19.52,19.52,19.52,19.52,19.52,9.92,9.92,9.92,9.92,9.92,9.92,9.92,9.92,9.92,9.92,9.92,9.92,9.92,,,,,,,,,,,,,10.09,10.09,10.09,10.09,10.09,9.96,11.13,11.13,11.13,11.13,10,12.4,12.4,12.4
"Japan, Shinko",,,,,,,,,,,,,,,,,,,,,,,,,,,,,,,,,,,,,,,,,,,,,,,,,,,15.29,15.29,15.29,,,,,,,,,,,,,,,,,,,,,,,,,,,,,
"Japan, Takamatsu",30.54,51.19,51.19,51.19,44.95,44.95,44.95,44.95,44.95,38.54,38.54,39.17,39.17,39.17,39.17,39.17,39.17,45.3,45.3,36.26,35.46,35.46,35.46,35.46,35.46,35.46,35.46,38.47,38.47,38.47,38.47,40.77,40.39,40.39,40.39,40.57,40.57,44.45,42.79,42.79,42.79,39.49,39.49,39.49,39.49,39.49,39.49,39.49,39.49,39.81,39.81,39.81,39.81,39.81,39.81,39.81,39.81,40.44,40.44,40.44,40.44,40.46,41.73,49.68,49.68,49.68,49.68,54.23,60.26,60.26,60.26,60.26,60.34,60.4,60.4,60.4,60.4,60.4,53.3,53.45,53.45,53.45
"Japan, Tobata",,15.69,15.59,32.89,35.45,41.99,42.01,34.85,33.12,33.12,33.12,33.12,33.12,33.12,15.13,15.13,23.51,23.51,23.51,23.51,23.51,23.51,23.51,23.51,23.5,23.5,23.5,23.5,23.47,23.47,23.47,23.47,23.47,23.47,23.47,23.47,11.03,11.03,11.03,25.88,26.52,26.52,26.58,17.22,,16.55,,,,,,,,,,,,,,,,,,,,,,,,,,,,,,,,,,,,
"Japan, Tokushima",20.41,17.7,17.7,17.7,19.09,13.46,13.46,13.46,13.46,13.46,13.46,14.1,14.1,14.1,14.1,14.1,21.77,28.26,28.26,18.79,18.79,18.79,18.79,19.32,19.32,19.34,19.34,19.34,19.34,19.34,10.92,10.92,10.92,10.92,10.92,10.92,10.92,10.92,10.92,10.92,10.92,10.92,10.92,10.28,10.28,10.28,10.28,10.28,10.28,10.28,10.28,10.28,21.98,21.98,24.97,25.61,25.61,29.42,29.42,29.42,29.42,35.5,33.77,20.96,20.96,21.05,21.05,22.87,22.87,22.87,22.87,22.87,22.87,22.87,22.87,22.87,22.87,20.15,20.15,24.33,24.33,24.33
"Japan, Tokuyama",53,60.07,60.07,42.94,59.17,63.42,63.43,69.4,66.85,75.88,74.76,85.05,75.51,72.62,68.64,62.07,66.52,66.52,59.45,59.56,51.64,63.22,63.85,61.29,61.29,63.72,63.72,63.72,63.72,65.28,55.94,55.94,44.36,43.53,43.53,44.66,44.66,44.02,51.39,51.39,51.39,67,67,75.41,66.73,66.73,68.08,66.73,69.95,76.16,75.76,75.76,83.85,83.85,82.61,82.61,66.77,77.09,77.09,77.09,77.09,90.53,88.78,88.35,89.46,89.46,87.92,78.89,88.12,88.14,87.83,87.83,92.98,93.05,89.47,89.44,89.45,79.8,71.73,77.57,77.59,81.88
"Japan, Tokyo",631.13,666.92,649.8,645.11,654.63,653.9,656.51,658.22,631.45,618.64,618,610,620.59,603.06,599.85,593.37,597.59,629.23,631.97,638.58,627.81,648.31,633.48,607.99,591.54,612.58,625.75,622.12,630.41,611.39,607.59,605.74,591.52,574.11,568.67,583.34,588.71,600.18,593.51,578.66,588.66,572.47,589.64,574.98,562.19,563.27,566.14,587.67,585.99,586.28,590.79,591.19,599.44,593.51,590.96,593.66,597.92,582.15,569.74,563.21,564.41,558.98,578.52,569.26,547.69,552.37,551.14,560.39,574.26,596.24,590.35,584.24,593.47,583.87,576.72,574.78,574.55,578.41,576.79,585.15,584.26,562.81
"Japan, Tomakomai",81.19,74.46,74.43,77.75,65.57,67.06,67.84,74.55,73.02,70.37,70.37,68.83,68.93,67.88,67.77,68.4,67.99,71.08,71.06,69.75,62.95,56.92,50.26,50.26,52.98,52.47,43.93,38.44,38.44,45.26,45.04,51.26,51.9,49.31,50.59,49.95,57.57,60.66,61.82,59.36,51.74,53.8,53.82,53.82,53.82,53.81,54.64,61.44,62.07,66.94,62.78,67.84,67.79,66.51,69.7,75.22,75.22,77.51,76.73,76.75,76.75,82.25,79.97,78.01,77.98,75.95,73.2,78.52,78.52,79.81,83.43,77.3,77.24,78.03,78.25,78.26,78.28,76.95,71.5,72.97,72.92,72.92
"Japan, Toyama Shinko",51.5,49.02,49.02,52.27,51.3,55.87,57.48,70.94,65.49,71.19,71.14,71.57,71.57,69.8,70.31,63.56,74.89,113.94,113.52,108.39,96.35,101.71,95.68,95.68,95.13,99.77,106.17,109.65,112.36,105.96,101.48,98.9,86.96,86.96,87.6,73.18,71.91,71.99,71.99,71.99,73.83,60.79,60.79,61.43,61.43,61.43,61.43,47.69,47.69,47.69,47.69,50.77,50.83,50.81,50.81,39.85,39.85,46.88,47.69,41.65,41.65,41.01,52.91,52.58,51.96,61.38,66.97,64.53,65.23,66.93,66.93,65.1,56.84,56.82,56.86,64.48,61.89,61.89,61.6,61.6,61.6,61.6
"Japan, Toyohashi",34.97,29.78,19.42,19.42,35.92,35.89,45.02,45.02,46.95,37.08,39.04,26.65,26.65,26.65,26.65,33.84,27.22,21.48,21.58,21.48,33.4,33.4,33.4,33.4,33.4,33.4,33.4,34.05,34.05,34.05,26.22,26.22,26.22,26.22,26.22,33.38,33.38,33.45,33.45,33.45,36.49,38.54,38.59,33.39,32.06,32.16,32.74,32.74,32.73,32.73,32.73,32.73,24,24,13.61,13.61,13.61,26.55,26.55,26.56,26.56,19.7,19.7,19.7,19.7,19.7,19.7,19.7,19.7,19.7,19.7,19.7,19.7,19.7,19.7,26.52,26.52,26.52,27.01,27.01,27.01,26.82
"Japan, Tsuruga",23.68,23.69,29.47,25.58,25.09,25.09,31.5,31.5,26.42,26.42,26.42,26.42,17.62,15.84,15.84,15.84,16.71,16.71,17.99,18.11,18.11,18.11,18.11,18.11,18.11,18.11,18.11,18.11,18.85,18.85,18.85,18.85,18.85,18.85,18.85,18.85,18.85,18.85,18.85,18.85,18.85,18.89,18.89,18.89,18.89,18.89,18.89,18.89,18.89,18.89,18.89,18.89,18.89,18.89,18.89,18.89,18.89,21.44,21.44,21.85,21.85,11.75,21.43,21.43,21.43,21.43,29.61,32.89,32.89,33.52,33.52,33.52,33.52,33.52,33.52,33.52,33.52,33.52,27.32,27.28,27.28,27.28
"Japan, Ube",19.95,21.26,20.81,18.26,11.12,10.19,10.19,10.19,10.19,10.19,10.19,10.19,10.19,10.19,,,,,,11.25,11.25,10.1,10.1,10.1,11.75,11.75,11.54,11.54,11.54,11.54,11.54,11.54,10.19,10.19,10.19,18.06,18.06,18.06,18.06,18.06,18.06,18.06,18.06,18.06,18.06,19.32,19.32,19.32,19.32,19.32,10.3,10.3,10.3,10.3,10.3,10.3,10.3,10.3,21.43,21.43,21.43,12.53,12.53,,,,,9.11,9.11,9.11,9.11,9.11,9.11,9.11,9.11,9.11,9.11,9.11,9.11,9.11,9.11,9.11
"Japan, Wakayama",17.8,24.24,24.24,29.95,23.51,23.51,16.98,16.98,16.98,16.85,16.85,16.85,18.76,21.22,21.3,21.3,19.91,11.11,11.11,11.13,11.14,11.14,11.14,11.14,11.14,18.92,18.92,18.92,21.5,14.36,14.36,14.36,14.36,11.78,11.78,11.78,11.78,11.78,11.78,11.78,11.78,11.78,11.78,11.78,12.96,12.96,12.96,12.96,12.96,12.96,12.96,12.96,12.96,12.96,12.96,12.96,12.96,12.96,12.96,12.96,12.96,12.96,12.96,,,,,,,,,,,,,,,,,,,
"Japan, Yatsushiro",10.77,10.77,10.77,10.77,22.85,22.85,22.85,22.85,22.85,22.73,22.73,23.06,23.06,23.75,23.75,23.78,23.78,28.27,28.25,26.47,26.47,26.47,26.47,26.47,26.47,25.76,25.76,25.76,25.78,25.78,25.78,25.78,25.78,25.78,25.78,25.78,25.78,25.78,25.12,25.12,25.12,18.04,18.04,18.68,18.68,18.68,18.68,18.68,18.68,18.68,18.68,18.68,18.68,18.68,18.68,18.68,18.68,21.22,21.22,21.22,21.22,21.22,33.25,31.34,31.34,30.65,30.65,31.29,31.58,31.58,31.58,31.58,31.58,31.88,31.88,31.88,31.88,31.24,24.12,23.48,23.48,24.12
"Japan, Yawata",11.28,11.28,11.28,11.28,11.28,11.28,11.28,11.28,11.28,11.28,11.28,11.28,11.28,11.28,11.28,11.28,11.28,11.28,11.28,11.28,11.28,11.28,11.28,11.28,11.28,11.28,11.28,11.28,11.28,11.28,11.28,11.28,11.28,11.28,11.28,11.28,11.28,11.28,11.28,11.28,11.28,11.28,,,,,,,,,,,,,,,,,,,,,,,,,,,,,,,,,,,,,,,,
"Japan, Yokkaichi",122.72,105.26,127.28,123.13,133.78,140.17,134.35,138.32,134.3,128.33,126.25,129.76,129.97,130.9,132.14,125.61,124.84,121.1,126.72,117.19,116.65,117.02,117.34,117.99,117.99,132.46,143.65,151.29,147.84,153.67,153.33,144.85,139.39,139.92,147.55,157.82,165.32,170.25,162.43,155.52,150.8,142.69,145.49,134.39,127.87,128.98,130.69,122.8,126.91,120.25,121.78,122.22,123.21,123.08,131.32,125.65,125.33,125.3,119.92,121.39,121.38,133.57,133.46,133.55,125.88,129.26,126.05,123.15,126.67,131.67,138.52,133.8,134.04,134.23,135.96,135.5,138.17,138.86,142.22,141.96,142.97,128.75
"Japan, Yokohama",771.34,827.16,828.18,835.25,856.62,824.3,825.69,830.5,807.08,803.93,796.7,811.03,794.01,781.39,774.23,783.54,774.83,798.57,821.07,809.58,794.18,782.26,773.86,756.42,712.07,703.7,716.45,734.06,722.16,709.77,700.89,708.24,669.64,661.62,695.45,718.3,711.68,709.35,708.05,691.12,697.35,703.19,672.41,653.43,679.15,638.51,647.88,666.81,655.52,656.84,654.21,684.53,694.95,693.28,685.78,710.2,684.42,700.85,713.6,704.2,705.2,675.61,670.57,675.84,666.99,668.36,661.74,697.17,691.6,701.79,728.72,714.63,728.78,719.33,711.39,711.01,712.46,734.79,742.42,728.35,719.26,698.98
"Jersey, St Helier",10.7,10.7,10.7,10.7,10.7,10.7,10.7,10.7,10.7,10.7,10.7,10.7,10.7,10.7,10.91,10.91,10.91,10.91,10.91,16.4,16.4,16.4,16.4,16.4,16.4,16.4,12.49,12.49,20.23,12.8,12.8,,,,9.34,,,,,,,,,,,,,,,,,,,,,,,,,,,,,11.12,11.12,11.12,11.12,25.19,11.12,11.12,11.12,11.12,11.12,11.12,,,,,,,,
"Jordan, Aqaba",163.2,155.6,149.98,153.43,160.22,170.23,166.6,160.42,152.92,139.96,131.38,147.78,150.32,174.16,183.57,175.27,138.49,162.44,159.5,155.45,158.26,158.97,155.59,148.76,138.82,139.54,134.13,136.48,128.96,130.3,122.86,122.99,116.9,128.27,130.95,131.77,131.09,136.98,143.32,147.13,148.46,143.61,156.23,132.15,144.5,133.85,144.06,148.29,160.27,171.95,154.08,160.73,152.44,146.19,147.72,146.34,146.81,145.81,152.8,151.78,153.1,152.68,148.02,146.35,146.99,145.7,148.55,146.15,150.37,159.86,152.8,153.43,111.86,144.25,130.1,186.21,186.44,177.53,164.47,161.5,173.18,177.43
"Kenya, Lamu",,,,,,,,,,,,,,,,,,,,,,,,,,,,,,,,,,,,,,,,,,,,,,,,,,,,,,,,,,,,,,,,,,,,,,,,,,,,,,,34.82,44.06,54.88,54.45
"Kenya, Mombasa",122.84,131.41,133.88,137.09,136.55,139.05,144.94,152.85,142.45,129.65,133.7,137.86,145.74,135.33,134.66,134.91,131.31,140.56,154.9,142.81,160.86,159.97,153.39,159.91,143.08,150.83,145.05,134.86,126.38,140.82,139.87,136.98,135.42,130.22,139.16,140.72,119.51,118.06,119.44,130.5,125.45,124.88,128.97,130.2,137.1,138.44,132.92,138.86,148.22,169.25,151.01,145.27,164.95,145.06,145.05,147.37,140.11,132.14,133.97,130.29,133.91,141.76,141.06,131.78,132.35,123.65,133.19,139.28,146.54,150.61,140.24,159.77,153.58,151.47,164.26,160.24,179.16,175.7,190.7,191.21,180.84,183.64
"Kiribati, Betio",,,,,,,,,,,14.17,14.17,14.17,21.17,8.29,8.29,8.29,23.39,16.33,16.33,16.33,18.04,18.04,18.04,18.04,18.04,18.04,31.3,31.3,31.3,31.3,33.5,23.38,20,20,27.19,27.19,27.19,23.78,22.58,26.59,31.3,26.84,26.84,23.52,23.52,23.52,23.69,23.69,24.33,24.33,9.43,9.43,9.43,9.43,24.76,24.76,24.76,27.19,23.94,23.94,23.94,23.94,25.64,25.63,25.63,25.63,25.63,25.63,26.48,26.48,26.48,26.48,26.01,26.01,25.97,25.97,25.97,25.97,25.97,25.17,25.17
"Kuwait, Shuaiba",88.27,89.12,89.77,89.79,85.7,91.81,87.79,93.98,98.63,94.15,100.37,103.46,88.17,63.13,56.83,56.83,50.14,63.09,40.5,35.83,35.83,43.53,51.45,45.17,58.34,51.81,44.16,53.24,46,41.51,59.89,59.68,60.05,69.09,69.94,64.51,60.04,64.64,61.86,52.21,49.2,63.6,53.63,47.27,47.1,47.72,53.35,62.94,57.31,46.42,62.9,69.04,69.03,69.03,69.46,68.87,73.93,73.93,73.98,77.3,68.17,61.79,61.69,60.82,52.66,58.2,58.2,60.81,60.06,67.98,67.76,63.09,57.22,64.31,64.23,64.23,71.98,65.63,72.52,67.9,61.85,55.84
"Kuwait, Shuwaikh",66,53.19,57.07,57.13,48.76,48.12,52.04,58.16,58.16,76.05,88.66,78.87,88.79,96.91,109.6,106.93,102.93,92.54,98,85.54,86.79,96.22,89.69,85.99,102.4,91.53,96.29,98.09,98.09,92.95,96.19,80.46,80.74,89.15,83.41,84.32,79.85,79.39,79.39,70.39,56.49,63.84,64.93,49.06,46.33,46.01,44.32,70.24,63.81,63.81,66.87,73.39,64.33,64.33,59.56,55.94,49.85,49.85,49.85,61.8,61.88,63.08,51.53,51.53,54.21,59.62,66.13,65.4,62.36,82.33,80.71,75.1,68.74,73.17,73.71,73.71,72.11,65.47,55.66,62.57,65.75,35.23
"Latvia, Liepaja",9,20.87,20.78,18.78,20.45,21.42,21.6,9,,,,,,,,,,,,,,,,,,,,,,,,,,,,,,,,,,,,,,,,,,,,,,,,,,,,,,,,9.29,9.29,8.82,8.82,8.82,16.88,16.88,16.88,16.88,16.88,16.88,8.82,8.82,8.82,8.82,8.82,8.82,8.82,8.82
"Latvia, Riga",85.08,75.29,78.54,60.71,65.48,59.72,62.06,64.04,55.06,51.11,51.11,46.09,62.45,72.5,75.99,72.45,88.41,77.51,77.98,66.42,69.25,62.65,66.96,65.89,82.1,82.11,90.85,74.13,67.29,70.27,77.58,90.76,78.41,83.13,84.74,82.26,83.97,74.24,71.21,66.83,76.95,80.1,76.35,74.9,65.94,63.87,68.15,65.1,73.31,75.19,73.82,72.04,82.01,79.99,79.35,80.79,79.47,73.35,83.6,72.59,75.69,65.92,69.89,71.43,71.36,81.41,83.57,74.64,81.6,91.68,86.77,89.07,100.16,98.91,99.07,92.98,112.45,119.22,114.95,98.52,110.17,109.84
"Latvia, Ventspils",,9.06,9.06,9.62,9.08,9.08,9.08,10.83,10.83,10.83,16.3,29.59,19.35,19.35,10.23,10.23,10.23,10.23,10.23,10.23,10.23,10.23,10.23,10.23,10.23,10.23,10.23,,,,,,,,,,,,,,,,,,,,,,,,,,,,,,,,,,,,,,,,,,,,,,,,,,,,,,,
"Lebanon, Beirut",173.92,160.11,163.5,170.68,167.2,168.93,177.97,183.59,191.23,171.2,181.75,181.88,171.89,191.39,210.5,205.17,187.04,184.93,187.47,188.67,206.39,211.46,226.08,222.71,196.22,201.82,208.58,208.72,198.96,211.05,217.31,211.08,209.37,204.24,222.01,222.76,225.64,218.55,207.36,232.58,241.9,232.59,230.95,231.3,216.28,235.57,231.64,238.25,241.87,252.59,247.12,254.91,253.03,230.85,221.07,236.51,239.72,208.5,206.62,199.4,212.15,194.23,198.67,194.07,197.15,188.14,188.08,194.89,204.57,206.64,215.87,241.52,248.61,187.71,178.52,173.2,178.35,185.13,172.09,201.28,215.01,210.82
"Lebanon, Tripoli (LB)",,,,,,,,,,,,,,,14.8,14.8,,,,,,,,,,,,,,,,,,,,,,,,,,9.93,,,,,,19.18,26.65,9.89,42.94,74.34,72.83,74.1,72.84,72.81,72.39,72.38,76.83,74.29,99.79,99.9,98.54,99.06,99.71,98.45,99.09,99.12,98.99,99.07,89.39,85.61,103.06,84.39,67.44,74.59,74.49,89.39,90.42,91.82,91.36,91.67
"Liberia, Monrovia",21.39,25.22,28.09,31.56,29,35.27,35.27,52.36,44.83,45.31,40.51,32.48,33.34,39.13,34.63,34.63,35.32,37.44,27.28,27.28,29.97,27.97,24.74,25.69,28.66,43.93,43.32,46.96,43.64,44.96,47.09,51.34,50.8,61.41,59.26,44.76,52.62,52.68,51.05,50.91,47.7,37.36,37.55,41.14,38.62,38.69,48.56,45.02,37.87,45.37,43.51,41.98,41.98,42.03,42.48,42.36,43.88,42.1,42.05,36.94,26.88,34.18,32.04,32.74,34.69,29.98,30.58,28.65,29.98,35.77,34.88,36.15,48.04,38.66,36.91,36.36,43.61,43.61,44.77,37.82,38.08,36.81
"Libya, Benghazi",65.81,66.4,73,81.18,85.89,85.23,81.4,88.3,80.95,84.22,78.24,86.49,75.76,88.35,75.45,75.45,70.1,91.36,97.18,83.24,91.85,58.33,53.62,45.77,61.69,70.12,70.89,73.45,100.59,106.4,106.93,107.91,116.67,119.18,122.96,118.03,86.44,62.98,63.05,59.95,53.46,45.39,44.74,36.29,28.57,18.08,18.08,18.08,28.6,29.16,21.72,21.09,31.05,31.74,48.47,46.33,55.91,55.91,53.36,54.84,54.82,51.62,40.18,45.05,45.13,52.12,57.16,57.11,52.19,54.01,54.19,45.57,56.65,49.43,73.54,78.98,73.29,72.74,67.07,59.97,72.45,67.87
"Libya, Khoms",30.11,30.69,31.12,36.52,34.07,34.07,23.37,23.37,30.11,36.84,36.84,31.21,31.85,35.3,35.3,35.3,34.7,35.35,36.5,46.67,46.09,31.63,24.59,24.59,24.52,18.17,20.35,12.9,33.17,32.68,33.31,33.31,44.39,51.84,52.19,55.37,52.62,51.28,37.63,41.29,44.98,35.85,35.47,27.55,33.24,48.78,54.51,51.39,54.29,46.75,48.14,33.94,35.46,50.28,44.29,43.1,39.93,39.74,39.44,38.85,42.53,38.33,44.28,50.05,43.89,42.05,47.04,45.91,45.38,38.37,38.37,32.73,34.88,43.67,44.26,43.56,44.56,44.91,45.14,45.14,45.14,45.07
"Libya, Marsa el Brega",21.19,21.19,21.19,21.19,19.92,19.92,19.92,19.96,19.96,19.95,22.01,22.01,16.33,16.33,12.55,12.55,12.55,12.55,12.55,12.58,12.58,12.58,12.58,12.58,12.58,12.58,12.58,,,,,,,,,,,,,,,,,,,,,,,,,,,,,,,,,11.4,11.4,11.4,11.4,11.4,11.4,11.4,11.4,11.4,,,,,,,,,,,,,,
"Libya, Misurata",66.94,67.52,74.32,81.27,89.8,89.24,85.35,91.93,95.43,88.02,80.65,84.26,79.68,91.39,81.21,81.21,88.56,95.02,95.33,91.06,91.98,66.69,49.32,33.48,40.64,54.28,55.7,75.76,124.52,103.83,109.53,118.94,128.16,129.5,131.01,125.45,116.85,122.67,113.77,114.04,117.28,93.1,89.67,91.9,95.09,109.13,110.96,124.15,121.41,109.63,117.28,120.04,124.15,124.25,116.82,123.94,108.37,112.47,103.63,94.74,94.02,100.41,99,110.02,102.47,104.49,108.16,107.37,122.56,119.28,139.75,121.67,117.2,113.48,118.79,129.29,119.84,123.56,136.41,134.31,135.81,115.37
"Libya, Ras Lanuf",19.21,19.21,19.21,19.21,18.84,18.76,18.76,18.76,18.76,18.76,22.01,22.01,16.33,16.33,12.55,12.55,12.55,12.55,12.55,12.58,12.58,12.58,12.58,12.58,12.58,12.58,12.58,,,,,,,,,,,,,,,,,,,,,,,,,,,,,,,,,,,,,,,,,,,,,,,,,,,,,,,
"Libya, Tobruk",,,,8.44,8.44,8.44,,,,,,,,,14.8,14.8,,,,,,,,,,,,,,,,,10.8,10.27,17.91,,7.82,24.16,24.16,24.01,23.33,23.33,23.33,30.53,29.72,29.72,23.64,15.16,15.16,15.16,15.8,15.8,8.52,8.52,8.52,8.52,,,,,,,,,10.91,,,,,,,,,,,,,,,,,
"Libya, Tripoli (LY)",51.74,51.74,51.74,66.7,74.58,74.55,84.63,91.53,92.15,93.29,79.25,78.32,73.29,82.95,79.49,74.3,69.13,75.71,83.29,85.35,88.34,65.42,56.04,47.56,47.5,60.75,54.29,59.96,61.21,45.68,45.05,49.46,41.73,38.88,46.01,20.97,37.32,37.33,37.35,35.61,30.85,30.41,36.26,30.25,36.58,37.85,30.73,36.74,31.04,33.24,39.01,38.8,34.24,44.9,25.16,30.97,49.22,49.21,56.06,56.57,55.79,53.38,52.98,53.05,46.35,52.7,51.66,51.49,41.92,34.8,45.09,44.43,51.31,55.1,66.49,58.64,46.69,41.76,34.97,39.87,39.87,40.51
"Lithuania, Klaipeda",75.14,108.49,102.61,102.03,95.47,96.81,97.94,93.08,95.28,82.6,81.32,80.72,92.06,83.65,102.04,103.95,102.33,101.27,106.5,98.89,100.41,99.4,99.35,94.2,108.1,110.68,101.2,90.83,103.29,97.6,103.38,101.37,101.62,113.53,113.73,109.63,107.71,106.22,116.66,101.67,109.9,114.88,109.06,82.04,79.43,84.66,97.61,107.51,114.01,142.8,156.19,149.31,154.82,143.84,157.26,137.23,133.72,119.53,117.61,105.74,107.38,101.86,134.95,141.26,134.91,145.74,155.7,165.26,157.31,158.87,175.18,141.81,160.84,165.5,170.69,188.94,166.52,170.76,189.77,192.19,180.19,211.05
"Madagascar, Antsiranana",24.8,24.16,17.98,10.41,10.41,10.41,10.41,17.86,17.86,17.86,17.86,17.86,16.84,17.18,17.18,17.37,19.84,25.54,28.01,25.41,25.41,25.52,25.51,25.51,25.07,25.07,25.07,25.84,25.84,16.57,17.84,17.84,17.84,17.84,17.84,19.44,19.44,19.44,19.44,18.64,16.74,16.74,17.99,17.83,28.79,25.9,18.65,18.65,18.65,19.7,26.39,26.39,19.7,19.7,20.48,20.48,28.54,28.54,20.21,20.21,22.43,22.43,17.81,20.12,19.48,19.48,19.47,19.47,19.47,19.48,19.48,17.12,17.12,20.8,16.75,16.75,17.03,17.03,17.03,17.03,17.67,17.67
"Madagascar, Ehoala",,,,,,,,,,,,,,,13.23,20.58,10.48,10.48,16.17,14.11,14.11,14.11,14.11,14.11,14.11,13.89,13.89,13.89,13.89,13.89,19.81,19.81,19.81,19.81,19.81,19.58,19.58,19.58,19.58,20.37,13.89,19.7,18.94,10.21,10.21,10.21,10.21,14.91,14.91,14.91,14.91,14.87,14.87,14.87,14.87,14.87,14.87,14.87,14.87,14.87,14.87,14.87,14.87,14.87,14.87,14.87,15.71,15.71,15.07,15.07,15.5,15.5,15.5,15.51,15.51,15.51,15.51,15.51,15.51,15.51,15.51,15.51
"Madagascar, Mahajanga",24.8,24.16,17.98,10.41,10.41,10.41,10.41,10.41,10.41,25.81,27.08,27.38,27,27.91,11.39,11.68,10.33,10.33,16.17,21.13,21.13,25.68,25.68,25.68,25.68,25.68,25.68,25.68,25.68,26.2,26.2,26.2,26.2,26.2,26.2,25.86,31.89,31.89,31.89,32.23,32.57,32.57,33.84,25.47,28.79,25.9,24.65,40.84,30.34,31.38,32.08,32.71,31.84,32.28,33.06,33.06,34.86,34.86,26.53,26.53,28.75,28.75,24.76,27.07,26.44,26.44,26.42,26.42,26.42,26.44,26.44,24.08,24.08,27.76,23.71,23.71,23.99,23.99,23.99,23.99,24.62,24.62
"Madagascar, Nosy Be",18.47,17.84,10.41,10.41,10.41,10.41,10.41,10.41,10.41,10.41,10.41,10.41,11.03,11.39,11.39,11.68,10.33,17.34,21.88,20.46,20.46,19.93,19.93,19.93,19.93,19.93,19.93,19.93,29.47,30,30.09,30.41,30.41,30.41,30.41,30.39,30.39,30.39,30.39,30.42,30.42,30.04,30.02,23.61,22.84,11.12,9.84,9.84,9.84,9.5,9.54,,10.93,11.37,11.37,11.37,24.01,24.01,24.01,12,12.01,12.01,11.12,11.12,10.48,10.48,10.18,10.18,10.18,10.48,10.48,10.48,10.48,10.49,10.49,10.49,10.49,10.49,10.49,10.49,11.13,11.13
"Madagascar, Toamasina",65,57.26,57.67,60.76,60.77,44.5,45.68,53.83,53.21,50.84,50.84,50.88,44.66,44.64,64.99,70.42,64.14,57.3,66.69,60.92,61.25,63.17,62.11,62.11,67.55,93.16,85.5,85.25,84.36,86.39,83.41,85.85,85.86,69.54,70.9,75.24,68.22,67.97,68.37,74.53,72.21,61.53,61.5,52.16,54.38,48.63,48.61,49.17,46.05,46.25,53.26,50.26,40.45,40.45,40.31,41.64,41.64,41.64,42.28,42.06,41.39,44.48,40.02,39.99,39.76,39.87,43.01,43.07,39.99,40.2,40.16,40.2,40.25,43.46,50.02,46.57,46.51,47.28,47.12,47.04,51.79,49.26
"Madagascar, Toliary",,,,,,,,,,,,,,8.89,8.89,11.38,10.48,10.48,16.17,14.11,14.11,14.11,14.11,14.11,14.11,13.89,13.89,13.89,13.89,13.89,19.81,19.81,19.81,19.81,19.81,19.58,19.58,19.58,19.58,20.37,13.89,19.7,18.94,10.21,10.21,10.21,10.21,8.55,8.55,8.55,8.55,14.87,14.87,14.87,14.87,14.87,14.87,14.87,14.87,14.87,14.87,14.87,14.87,14.87,14.87,14.87,15.71,15.71,15.07,15.07,15.5,15.5,15.5,15.51,15.51,15.51,15.51,15.51,15.51,15.51,15.51,15.51
"Madagascar, Vohemar",,,,,,,,,,,,,,,,,,,,,,,,,,,,,,,,,,,,,,,,,,,,,11.45,11.12,,8.9,8.9,9.54,8.64,9.21,,,,,,,,,,,11.12,11.12,,,,,,,,,,,,,,,,,,
"Malaysia, Bintulu",51.25,66.61,66,67.55,67.58,67.56,67.56,72.76,72.76,72.76,70.3,71.72,82.22,82.86,66.98,74.42,79.81,80.5,79.78,73.43,70.12,73.07,66.22,70.61,70.61,76.61,76.76,77.06,71.2,70.59,74.51,73.3,74.3,78.59,81.56,78.46,80.78,72.46,83.43,87.28,93.12,80.55,81.24,84.1,83.09,74.6,74.38,74.38,68.09,67.99,62.08,65.68,72.27,64.76,72.73,78.84,78.92,74.71,64.92,65.14,53.2,54.78,56.67,56.83,48.56,48.59,48.58,57.07,56.27,59.53,66.36,66.03,56.75,55.73,57.25,56.99,55.72,55.72,56.1,57.4,57.41,57.32
"Malaysia, Johore Bahru",8.46,8.46,8.46,8.46,8.46,8.46,8.46,8.46,8.46,8.46,8.46,8.46,8.46,8.46,8.46,8.46,8.46,8.46,8.46,8.46,8.46,8.46,8.46,8.46,8.46,8.46,8.46,8.46,8.46,8.46,8.46,8.46,8.46,8.46,8.46,8.46,8.46,8.46,8.46,8.46,8.46,8.46,8.46,8.46,,,,,,,,,,,,,,,,,,,,,,,,,,,,,,,,,,,,,,
"Malaysia, Kota Kinabalu",60.28,60.34,55.15,55.14,55.14,61.75,61.75,61.1,56.05,56.05,56.04,55.02,70.97,60.64,73.62,81.8,81.77,83.71,89.81,87.63,73.24,78.89,78.52,94.83,94.83,99.73,85.79,93.44,85.58,94.4,94.56,93.35,97.96,97.96,95.18,96.3,92.09,62.37,62.15,66.74,68.69,68.69,66.08,82.02,80.73,72.16,64.82,64.46,57.68,56.77,56.77,65.73,72.61,83.38,82.66,82.65,82.64,80.73,69.23,74.52,72.65,65.87,67.77,55.95,56.03,56.07,56.06,60.38,59.62,60.08,71.33,71.08,61.03,60.04,60.93,60.67,59.4,59.47,59.47,71.05,75.76,75.29
"Malaysia, Kuantan",87.8,84.4,75.65,69.85,76.91,70.19,66.97,71.51,81.37,61.65,61.03,61.03,81.28,70.72,66.39,69.43,71.78,78.47,71.06,67.75,66.56,66.48,56.79,58.56,59.23,57.72,57.75,53.04,42.99,43.07,54.82,57.35,53.27,40.58,49.92,49.92,57.38,57.41,64.53,75.55,60.47,56.58,51.69,42.99,56.37,56.74,56.72,56.34,56.71,57.53,56.41,56.41,54.72,61.17,56.06,54.48,50.17,57.63,62.1,62.51,62.51,58.63,68.02,59.44,54.66,49.08,57.59,57.98,63.21,65.92,58.51,61.9,61.86,72.46,68.96,75.81,75.44,76.9,76.07,70.59,70.66,65.56
"Malaysia, Kuching",57.84,61.18,63.86,64.77,64.77,60.94,60.94,61.73,47.81,47.81,51.15,47.74,63.19,64.97,63.75,73.17,70.23,72.55,65.92,57.39,54.01,60.11,58.76,73.1,73.1,57.47,46.84,55.01,56.98,56.03,62.75,62.75,62.75,52.91,52.91,43.7,52.28,43.85,40.74,41.57,42.64,43.54,43.54,55.05,53.37,53.45,46.58,35.71,28.42,28.58,20.96,43.83,44.44,44.41,37.58,37.56,42.75,42.61,42.61,42.72,42.7,34.23,35.3,35.33,19.72,19.72,19.72,19.72,38.1,39.76,49.76,49.76,49.76,49.33,49.29,49.2,48.06,48,48.1,54.67,54.66,54.7
"Malaysia, Labuan",23.97,23.97,23.97,23.97,23.97,23.97,23.97,23.97,23.97,23.97,24.07,24.07,27.84,33.83,32.76,32.76,32.76,30.77,30.77,30.27,33.06,30.48,30.48,29.9,29.9,40.9,35.67,36.28,36.28,36.28,36.28,36.28,36.34,36.34,36.34,36.34,36.34,30.53,30.53,39.21,39.22,39.22,39.9,39.32,37.97,28.71,28.71,28.71,22.05,22.05,22.05,22.05,22.05,22.05,22.05,22.05,22.05,22.05,22.05,27.35,27.35,27.35,27.35,18.85,18.85,18.85,18.85,20.75,20.75,20.75,20.75,20.75,25.28,25.38,25.38,25.38,25.38,25.38,25.36,24.26,24.26,24.26
"Malaysia, Malacca",,,,,,,,,,,,,,,,,,,,,,,,,,,,,,,,,,,,,,,,,,,,,,,,,,,,,,,8.66,8.66,8.66,8.66,,,,,,,,,,,,,,,,,,,,,,,,
"Malaysia, Miri",,,,,,,,17.88,17.88,17.88,17.88,17.88,27.87,27.87,14.42,14.42,20.38,20.38,20.38,20.46,20.46,20.38,20.38,14.42,14.42,14.42,14.42,14.42,14.42,14.42,14.42,14.42,14.42,14.42,14.42,14.42,14.51,,,,,,,,,,,,,,,,,,,,,,,,,,,,,,,,,,,,,,,,,,,,,
"Malaysia, Pasir Gudang",219.5,222.9,238.21,237.62,231.71,243.46,215.21,231.61,228.85,220.82,208.86,210.64,213.9,207.24,225.99,218.4,224.77,220.25,229.93,214.17,226.04,230.96,214.89,210.54,197.02,212.87,212.42,209.44,192.62,185,178.44,189.19,189.23,173.02,172.28,167.06,174.1,187.97,173.03,174.88,174.36,204.89,207,203.39,203.28,195.81,185.44,184.63,173.16,174.58,171.88,176.83,182.05,193.03,197.76,209.29,209.64,206.04,186.59,208.27,224.58,205.33,196.4,195.96,203.41,189.97,189.87,189.25,178.27,189.06,207.12,194.94,181.16,156.44,153.92,162.91,163.55,173.08,168.5,156.67,157.32,158.87
"Malaysia, Penang",131.85,125.02,150,173.27,183.78,176.33,177.12,174.48,159.75,170.21,169.28,174.35,179.61,181.5,171.51,179.52,195.85,205.23,202.23,214.18,216.78,215.53,199.32,187.56,196.9,194.29,184.11,189.8,185.72,186.81,172.76,182.54,175.39,168.18,146.86,161.19,169.24,183.51,168.01,168.31,176.23,178.21,173.25,179.27,173.19,179.29,145.14,163.59,160.39,173.78,168.69,150.3,151.68,158.96,168.47,172.92,175.5,161.01,161.68,152.57,139.57,153.15,146.79,154.95,154.75,156.31,160.14,165.94,176.48,157.12,186.3,199.62,185.45,177.12,160.8,154.98,155.45,155.1,150.64,146.5,150.31,144.32
"Malaysia, Port Klang",824.32,835.16,846.9,854.8,881.65,894.34,911.72,942.28,949.54,958.13,959.82,954.87,902.86,897.89,903.94,916.59,896.92,942.52,1000.49,1026.63,1040.55,1079.8,1084.37,1070.12,1022.15,1016.27,1029.54,1018.75,989.48,1008.48,996.8,980.3,971.59,973.67,974.29,967.06,966.97,984.02,1015.33,1032.81,1039.84,1066.75,1059.05,1033.35,1003.31,951.68,938.33,954.44,972.78,1005.07,984.66,977.25,941.69,959.51,968.93,973.05,974.82,977.07,977.24,1008.9,1024.82,1022.85,962.85,981.92,986.51,1001.39,1002.82,1017.04,1023.22,1042.19,1064.71,1094.1,1036.71,1031,1057.74,1076.96,1092.27,1111.14,1129.88,1132.89,1104.06,1075.8
"Malaysia, Sandakan",16.26,16.26,16.26,16.26,16.26,16.26,16.26,16.26,16.23,16.23,21.19,21.19,25.27,24.97,29.73,29.73,30.6,29.7,29.7,31.34,31.67,35.64,35.64,35.63,35.63,39,39,39.91,37.02,37.02,37.02,37.02,37.09,37.09,37.09,37.09,37.09,31.22,31.22,22.41,29.23,29.23,28.58,28.58,28.6,22.42,22.42,22.42,22.42,22.42,22.42,34.21,15.14,31,31.64,31.79,31.79,15.14,15.14,15.14,15.14,7.77,7.77,7.77,7.77,7.77,7.77,7.77,7.77,7.77,7.77,7.77,7.77,30.5,7.77,7.77,7.77,7.77,7.77,7.77,7.77,7.77
"Malaysia, Sibu",27.62,27.62,22.31,22.31,22.35,22.35,22.35,28.58,28.58,28.58,33.88,33.88,33.88,33.81,28.02,28.02,21.32,21.32,21.32,14.25,14.25,20.19,20.19,19.93,19.93,19.93,19.93,19.93,13.52,13.52,22.48,22.48,22.48,13.52,13.52,13.52,23.07,23.07,31.03,17.4,17.4,17.4,17.4,17.4,17.4,17.4,6.83,6.83,6.83,6.83,6.83,6.83,6.83,6.83,6.83,6.83,6.83,6.83,6.83,6.83,6.83,6.83,6.83,6.83,6.83,6.83,6.83,6.83,6.83,13.96,13.96,13.96,13.96,8.67,8.67,8.67,8.67,8.67,8.67,8.67,8.67,8.67
"Malaysia, Tanjung Manis",,,,,,,,,,,,,,,,,,,,,,,,19.65,19.65,19.65,14.39,14.39,14.39,13.37,20.73,20.73,20.73,19.1,19.1,9.89,9.89,9.89,9.58,15.56,15.56,15.56,25.69,26.81,16.03,16.11,16.11,16.11,16.11,15,15,15,15,,,,,,,,,,,,,,,,,,,,,,,,,,,,,
"Malaysia, Tanjung Pelepas",341.99,340.07,348.86,371.47,355.1,377.8,377.98,404.15,408.94,402.59,424.9,403.32,399.45,443.33,417.46,415.05,403.31,410.49,449.68,462.51,465.15,535.8,550.54,544.09,534.36,538.19,553.09,550.44,557.44,580.26,577.37,560.5,539.7,549.94,549.9,574.41,579.47,574.68,568.82,567.41,545.19,538.95,539.74,516.19,518.01,533.05,524.5,533.39,545.02,536.4,536.52,529.12,526.86,551.72,549.48,544.53,563.64,536.45,559.71,559.09,550.47,547.51,563.82,570.76,589.72,588.73,599.44,593.86,568.82,588.29,580.99,553.75,561.02,578.49,577.76,562.52,608.82,569.27,565.37,576.19,581.86,565.33
"Malaysia, Tawau",16.26,16.26,16.26,16.26,16.26,16.26,16.26,16.26,16.23,16.23,21.19,21.19,32.3,24.97,29.73,29.73,30.6,29.7,29.7,31.34,31.67,35.64,35.64,35.63,35.63,39,39,39.91,37.02,37.02,37.02,37.02,37.09,37.09,37.09,37.09,37.09,31.22,31.22,22.41,29.23,29.23,28.58,28.58,39.13,32.95,32.95,22.42,22.42,22.42,22.42,15.14,34.21,31,15.14,15.14,15.14,29.88,30.52,35.9,34.89,16.62,16.62,34,34.52,34.48,32.34,32.46,34.37,36.87,37.51,38.4,38.28,17.96,36.76,36.76,36.99,36.99,36.99,16.56,16.56,16.56
"Maldives, Addu",,,,,,,,,,,,,,,,,,,,,,,,,,,,,,,,,,,,,,,,,,,,,,,,,,,,,,,,,,,,,,,,,,,,,,,,6.87,6.87,,,,,,,,,
"Maldives, Koodoo",,,,,,,,,,,,,,,,,,,,,,,,,,,,,,,,,,,,,,,,,,,,,,,,,,,,,,,,,,,,,,,,,,,,,,,,6.87,6.87,,,,,,,,,
"Maldives, Male",42.29,26.61,26.61,26.61,26.61,37.46,37.46,37.47,37.47,33.5,33.5,33.5,33.52,46.44,46.56,46.56,44.13,44.65,44.65,39.09,42.01,46.62,45.14,51.18,29.01,29.01,51.25,51.06,47.85,43.48,38.04,36.08,39.02,37.63,36.99,14.45,16.8,16.8,16.8,38.67,38.67,36.1,35.47,36.1,36.11,16.81,16.81,35.77,35.87,35.71,35.71,35.47,38.53,37.9,35.47,35.43,38.69,35.83,41.85,39.27,38.14,41.24,42.05,40.57,46.59,49.82,49.83,49.76,49.64,40.32,40.43,41.66,36.57,32.96,35.35,39.16,39,39,39.05,33.66,33.66,33.66
"Malta, Marsaxlokk",186.02,219.67,238.43,223.04,221.05,252.49,262.52,253.16,256.72,267.87,297.76,315.54,299.25,303.85,273.91,285.79,314.36,279.05,283.49,284.4,274.53,270.53,279.77,264.3,251.23,244.27,229.63,262.4,280.64,270.41,288.03,277.41,295.27,311.79,316.67,310.9,338.44,349.27,352.86,351.91,348.56,369.13,384.27,340.73,325.3,342.18,331.02,352.2,338.99,349.48,343.2,348.32,334.91,304.48,269.58,270.23,265.39,241.81,258.82,264.49,279.35,265.02,275.88,304.23,301.2,251.39,255.48,256.63,273.12,269.82,299.25,315.05,279.1,250.03,252.21,237.73,234.63,239.39,255.53,264.42,236.71,264.07
"Malta, Valletta",50.76,50.76,41.94,55.31,48.85,29.16,12.45,12.45,12.45,20.8,9.25,9.25,9.25,18.41,37.32,37.32,28.29,30.72,34.88,34.88,34.86,41.46,40.21,40.27,48.19,33.14,38.94,25.95,18,19.44,19.44,18.63,37.42,21.14,21.14,21.14,21.14,21.14,21.14,21.14,21.14,21.14,21.14,21.14,21.14,21.14,21.14,21.14,21.14,21.14,21.14,21.14,21.14,28.4,21.14,,,,,,,,14.06,14.06,14.06,14.06,11.47,11.47,11.47,11.47,11.47,11.47,11.47,11.47,11.47,11.47,11.47,11.47,11.47,11.47,11.7,11.7
"Marshall Islands, Kwajalein",,,10.92,10.92,10.92,10.92,10.92,,,,,,,,,,,,,,,,,,9.99,9.99,9.99,9.99,12.76,12.76,12.76,12.76,12.76,12.76,15.34,15.34,15.34,15.34,15.34,15.34,15.34,15.34,15.34,15.34,16.06,16.06,16.06,16.06,12.19,12.19,12.19,13.75,19.68,19.68,19.68,19.68,19.68,19.68,19.68,19.68,19.68,19.68,19.68,13.75,13.75,13.75,13.75,13.75,13.75,13.75,13.75,13.75,13.75,13.75,13.75,13.75,13.75,13.75,13.75,13.75,13.75,13.75
"Marshall Islands, Majuro",17.41,23.22,32.68,32.68,32.68,32.68,32.68,23.86,23.86,23.86,29.01,26.41,26.41,26.41,17.41,17.41,17.41,16.33,16.33,16.33,16.33,18.04,18.04,18.04,25.65,25.65,25.65,38.91,39.78,39.78,39.78,39.19,30.35,26.97,29.54,36.73,36.73,36.73,36.73,35.53,38.91,38.91,39.16,39.16,35.84,44.82,44.82,45,42.4,43.03,43.03,25.59,31.3,31.3,31.3,43.59,42.95,42.95,47.98,42.95,42.95,42.95,42.95,38.94,38.94,38.94,38.94,38.94,38.94,38.97,38.97,38.97,38.97,39.11,39.11,39.11,39.11,39.11,39.11,39.11,43.65,43.65
"Martinique, Fort de France",75.33,75.33,75.33,74.17,73.52,71.6,77.14,68.31,68.4,60.15,60.19,60.25,60.25,67.19,69.23,68.55,67.87,67.88,67.73,67.72,67.75,67.75,60.99,61.62,64.76,62.46,60.34,64.07,56.63,57.28,56.25,56.25,66.9,72.59,71.95,59.98,59.98,64.85,55.21,55.2,48.62,61.9,61.23,61.23,62,62.43,63.05,71.96,72.07,63.69,63.37,61.67,60.78,68,79.9,73.02,73.56,83.89,82.64,83.5,84.17,84.2,83.53,83.68,83.07,83.07,82.47,83.23,81.19,80.99,74.79,75.06,75.44,71.85,71.8,73.16,73.16,73.15,73.15,72.56,75.22,75.22
"Mauritania, Nouadhibou",14.33,14.96,14.96,14.96,14.96,14.69,,,,10.41,,10.41,10.41,23.24,26.85,26.85,27.58,27.86,20.56,20.56,20.56,20.56,20.56,21.86,21.86,21.86,21.86,21.86,28.95,24.79,23.92,14.89,34.8,36.62,32.1,32.11,22.62,16.54,25.7,38.35,33.27,33.27,33.24,33.3,33.3,33.3,33.92,32.5,42.38,46.23,44.41,44.83,44.87,41.51,41.5,41.98,41.81,41.81,35.03,34.75,35.38,35.35,35.3,36.03,35.52,41.65,41.45,40.82,41.2,35.08,34.94,34.95,34.99,35.16,35.24,34.93,34.74,35.68,39.42,39.36,31.83,31.9
"Mauritania, Nouakchott",43.53,47.34,43.62,44.66,45.05,45.69,29.22,30.61,30.61,33.83,37.05,37.55,37.55,43.16,46.94,49.73,50.62,51.27,57.27,53.88,53.8,51.25,48.79,51.71,47.21,47.66,43.29,43.79,51.98,38.17,46.02,46.36,54.26,49.47,52.93,53.63,52.55,52.72,60.53,59.7,49.21,61.36,61.34,54.23,58.72,54.17,57.66,72.98,75.1,72.29,64.09,64.3,70.37,64.62,65.12,65.12,56.98,50.76,48.68,48.6,58.19,62.13,57.96,54.52,56.43,56.34,56.26,55.64,55.83,54.64,59.68,60.9,60.94,52.7,52.18,51.87,62.21,71.99,70.04,80.83,78.92,78.92
"Mauritius, Port Louis",124.35,119.21,126.26,124.77,136.38,146.3,151.77,144.14,139.82,138.95,125.81,131.62,126.83,133.51,132.93,135.8,134.71,142.28,132.54,120.35,123.39,122.15,117.4,112.86,137.1,157.5,148.42,145.87,163.17,160.21,171.73,159.11,143.05,131.31,145,144.16,150.35,155.46,156.82,160.63,165.5,150.65,160.09,156.77,157.89,156.55,145.95,147.7,156.52,153.78,161.48,157.57,159.1,156.25,156.63,160.64,162.97,163.29,150.79,147.06,155.43,166.67,164.21,135.9,128.83,130.68,130.58,137.28,127.92,133.74,142.22,152.46,152.33,154.05,136.37,183.71,150.58,154.49,180.03,178.61,150.16,159.13
"Mauritius, Port Mathurin",,,,,,,,,,,,,,,,,,,,,,,,,,,,,,,,,,,,,,,,,,,,,,7.78,7.78,7.78,7.78,7.78,7.78,7.78,7.78,7.78,7.78,7.78,7.78,7.78,7.78,7.78,7.78,7.78,7.78,7.78,7.78,7.78,7.78,7.78,7.78,7.78,7.78,7.78,7.78,7.78,7.78,7.78,7.78,7.78,7.78,7.78,7.78,7.78
"Mayotte, Longoni",42.58,41.97,38.6,39.24,39.24,32.12,17.86,17.86,17.86,17.86,17.86,17.86,39.83,44.69,51.15,57.19,57.76,60.24,55.94,53.88,58.51,52.56,56.69,56.69,50.63,52.99,52.99,52.23,46.84,47.43,48.07,48.07,49.87,63.27,61.01,56.96,56.94,60.68,60.65,71.08,67.95,56.72,56.22,40.98,44.57,40.43,38.7,48.69,42.59,42.05,45.69,38.67,35.55,36.63,36.04,37.89,39.06,39.06,32.13,31.22,31.36,31.13,29.06,33.39,30.46,30.41,33.5,33.49,26,32.42,32.92,33.4,35.63,35.02,32.6,32.6,35.83,36.45,36.41,34.92,35.56,34.28
"Mexico, Altamira",139.19,139.97,150.92,156.67,152.97,161.89,161.24,154.9,161.24,164.82,153.7,166.19,156.4,168.12,167.48,138.58,137.14,134.31,144.66,157.14,178.07,170.31,165.08,172.34,164.98,159.99,160.66,165.12,161.16,167.46,164.35,163.1,165.98,171.77,179.33,174.18,181.58,178.26,172.61,173.91,177.49,175.89,176.63,178.6,178.76,192.1,180.53,179.63,179.13,169.92,168.03,164.06,164.7,164.26,165.77,173.96,167.24,165.73,172.99,176.74,181.06,173.91,171.77,171.49,170.28,167.58,177.31,178.2,192.06,188.34,188.19,189.49,194.98,189.79,181.11,181.04,177.74,172.81,173.76,173.45,175.82,176.79
"Mexico, Coatzacoalcos",,,,,,,,,,,,,,,,,,,,,10.66,10.66,10.66,,,,,,,,,,,,,9.86,9.86,9.86,9.86,9.86,9.86,9.86,9.86,9.09,9.09,9.09,9.09,9.09,9.09,9.72,9.72,9.72,,,,,9.2,9.2,9.2,9.2,9.2,9.09,9.72,9.72,9.72,9.72,9.72,9.72,9.72,9.72,9.72,9.72,9.72,9.66,9.66,9.66,9.66,9.66,9.66,9.66,9.66,9.66
"Mexico, Ensenada",80.27,100.78,86.65,74.28,72.57,72.67,73.99,75.69,81.49,81.46,76.48,58.78,59.36,64.36,74.01,78.87,78.95,89.1,82.91,82.6,64.69,64.69,60.66,60.66,61.76,67.08,67.23,56.31,63.01,62.99,66.61,67.44,67.37,67.57,67.47,66.2,66.93,71.11,74.37,77.06,78.85,76.39,77.5,82.16,83,85.84,85.94,87.11,76.45,90.84,75.05,76.08,83.39,100.94,100.64,101.55,114.83,82.42,85.22,88.55,86.16,92.36,105.56,98.78,98.21,87.54,87.15,92.5,92.09,89.45,89.34,89.37,94.04,104.13,110.78,117.3,123.17,126.24,116.59,119.09,127,134.81
"Mexico, Guaymas",,,,,,,,,,,,,,,,,,,,,,,,,,,,,,,,,,,,,,,,,,,,,,,,,,,,,15.84,15.84,15.84,15.84,9.65,9.65,9.65,9.65,21.74,21.74,21.74,21.74,9.65,9.65,9.65,9.65,9.65,9.65,9.65,9.65,9.65,9.65,9.65,9.65,9.65,9.65,9.65,9.65,9.65,9.65
"Mexico, La Paz",8.24,8.24,,,,,,,17.01,17.01,17.01,17.01,17.01,17.01,17.01,17.01,17.01,17.01,17.01,17.01,17.01,17.01,,,,,,,,,,,,,,,,,,,,,,,,,,,,,,,,,,,,,,,,,,,,,,,,,,,,,,,,,,,,
"Mexico, Lazaro Cardenas",50.5,58.95,52.91,53.21,52.25,68.41,69.1,67.99,73.5,73.19,97.01,123.71,128.36,113.56,102.61,105.32,109.37,121.39,127.28,127.43,134.78,140.8,130.09,132.47,129.33,119.74,137.79,137.8,121.26,136.95,142.28,134.33,126.92,143.15,135.7,140.41,139.4,128.76,150.16,167.82,168.23,168.42,174.22,170.35,176.48,164.71,160.55,160.82,161.65,169.65,170.31,177.68,175.12,174.91,174.78,183.56,176.84,177.06,166.83,167.93,168.47,168.05,173.2,192.55,201.17,194.8,217.22,220.62,204.74,202.05,216.6,223.33,230.55,217.32,266.46,253.88,271.17,271.55,262.29,265.18,264.83,266.38
"Mexico, Manzanillo (MX)",156.1,158.16,158.35,150.99,151.74,154.9,155.22,152.01,158.41,165.7,164.11,151.4,153.07,167,148.44,151.03,158.21,170.84,178.49,188.41,200.06,220.41,218.26,222.27,201.48,194.07,207.78,213.12,218.62,233.04,250.46,245.9,231.63,239.22,252.25,243.56,243.41,235.89,243.57,249.22,235.13,235.49,237.48,231.63,232.16,232.03,233.82,227.58,227.95,225.51,226.78,227.27,228.44,227.59,227.1,234.91,235.37,235.02,227.23,229.41,229.86,229.61,234.58,242.62,258.76,231.96,260.32,276.76,254.69,247.15,262.49,253.33,254.57,263.16,289.51,265.46,270.59,282.11,282.52,276.28,287.87,289.49
"Mexico, Mazatlan",8.42,8.42,19.41,19.41,19.41,20.15,20.15,16.41,31.93,37.76,37.76,26.63,27.53,37.42,45.29,32.28,32.28,33.88,33.88,33.85,17.01,28.62,13.1,13.1,13.1,12.47,22.94,22.3,22.3,22.3,22.31,22.31,22.31,22.31,22.98,22.99,22.99,22.99,22.99,22.99,23.64,23.64,24.28,23.64,24.28,24.28,24.28,24.28,24.28,24.28,24.28,24.28,31.44,31.44,31.44,31.44,30.53,30.53,30.53,30.53,30.54,30.54,29.21,29.21,29.21,29.21,29.59,29.59,29.59,29.59,30.25,30.25,29.87,29.88,9.65,9.65,9.65,9.65,9.65,9.65,9.65,9.65
"Mexico, Progreso",42.08,42.11,42.11,40.83,43.5,43.5,41.65,55.52,55.52,47.79,47.79,43.86,51.15,51.18,50.91,50.91,50.6,51.24,47.85,47.88,54.26,45.83,47.9,47.93,47.93,38.71,54.58,58.25,58.25,50.02,60.36,60.08,60.81,52.93,52.95,52.95,51.11,50.06,50.06,50.45,50.45,48.45,41.69,56.27,59,59.02,59.02,66.14,58.94,63.26,46.95,67.46,67.74,67.82,75.34,75.22,71.97,73.31,80.19,80.94,74.62,68.78,78.06,78.66,79.56,75.22,79.6,80.36,86.8,86.74,73.94,73.29,74.2,74.27,72.55,73.19,59.45,54.85,54.85,69.42,62.84,62.84
"Mexico, Puerto Chiapas",,,,,,,,,,,,,,,,,,,,,,13.1,13.1,13.1,13.1,,,,,,,,,,,,,,,,,,,,,15.48,15.48,15.48,15.48,15.48,16.29,16.29,16.29,16.29,16.29,16.29,16.29,16.29,16.29,21.29,21.29,21.29,21.29,21.29,21.29,16.29,16.29,16.29,16.29,16.29,16.29,16.29,16.29,16.31,16.31,16.31,16.31,16.31,16.31,16.31,16.31,16.31
"Mexico, Puerto Morelos",,,,,,,,,,,,,8.31,8.31,8.31,8.31,8.31,8.31,8.31,8.31,8.31,8.31,8.31,8.94,8.94,8.94,8.94,8.94,16.13,16.13,16.13,16.13,8.94,8.94,8.94,8.94,8.94,8.94,8.94,8.94,9.11,9.11,9.11,9.11,9.11,9.11,9.11,9.11,9.11,9.05,9.05,9.05,9.05,9.05,9.05,9.05,9.05,9.05,9.05,8.04,8.04,8.04,8.04,8.04,8.04,8.04,8.04,8.04,8.04,8.04,8.04,8.04,8.04,8.04,8.04,8.04,8.04,8.04,8.42,8.42,8.42,8.42
"Mexico, Salina Cruz",11,10.95,10.95,10.95,10.95,10.95,11.64,11.64,,,,,,,,,,,,,,,,15.34,,,,,,,,,,,,,,,,,,,,,,8.79,8.79,,,,,,,,,,,,,,,,,,,,,,,,,,,,,,,,,,,
"Mexico, Santa Rosalia",,,,,,,,,,,,,,,,,,,,,,,,,,,,,,,,,,,,,,,,,,,,,,,,,,,,,,,,,,,,,15.1,15.1,15.1,15.1,,,,,,,,,,,,,,,,,,
"Mexico, Tampico",36.07,36.07,36.71,36.71,36.65,36.65,44.34,43.98,47.8,41.31,39.11,39.11,38.49,39.51,28.69,29.89,29.89,29.89,23.33,22.06,20.48,20.48,20.48,11.78,11.78,11.78,11.78,20.11,20.11,20.11,20.11,21.58,21.58,21.58,21.58,21.58,21.58,21.58,21.58,21.58,21.58,21.58,21.58,20.94,20.94,20.94,20.94,20.94,20.94,20.94,20.94,20.94,32.45,32.45,32.45,32.45,27.6,27.6,33.94,33.94,27.6,18.87,18.87,18.87,18.87,18.87,18.87,18.87,18.87,18.87,18.87,18.87,18.87,18.88,18.88,18.88,18.88,18.88,18.88,18.88,18.88,18.88
"Mexico, Tuxpan",,,,,,,,,,,,,,,,,,,,,,,,,,,,,,,,,,,,,,,,,,,30.1,,,8.17,8.17,8.17,8.17,8.17,42.85,42.97,54.48,54.48,21.64,21.64,16.93,16.93,10.25,10.25,10.25,14.01,14.01,14.01,14.01,14.01,14.01,14.01,14.01,14.01,14.01,14.01,20.87,20.78,20.78,20.78,13.92,13.92,13.92,13.92,13.92,13.92
"Mexico, Veracruz",208.16,198.33,208.09,223.42,210.02,216.51,221.29,215.58,215.39,207.53,205.44,214.6,214.14,219.9,218.62,197.15,195.72,192.88,197.3,200.73,207.71,193.06,187.19,186.23,187.88,182.86,183.53,187.99,184.03,190.32,187.21,185.95,188.84,194.62,202.18,199.6,210.01,208.6,195.72,197.02,200.6,202.44,197.31,192.7,192.87,195.28,198.25,197.35,203.45,194.87,192.98,191.56,192.16,191.08,209.71,219.39,212.77,213.84,225.61,229.49,225.08,199.42,197.28,196.47,200.49,199.27,197.31,202.43,226.28,227.04,222.77,216.81,221.66,222.12,210.04,209.9,206.94,202.01,205.72,207.07,200,200.25
"Micronesia (Federated States of), Kosrae",11.77,11.77,19.7,19.7,17.97,17.97,17.97,10.04,10.04,10.04,10.04,10.04,10.41,,,,,,,,,10.58,10.58,10.58,17.79,17.79,17.79,17.79,12.76,12.76,12.76,12.76,12.76,12.76,15.34,15.34,15.34,15.34,15.34,15.34,15.34,15.34,15.34,15.34,16.06,16.06,16.06,16.06,12.19,24.54,24.54,25.59,25.59,25.59,25.59,25.59,24.95,24.95,24.95,24.95,24.95,24.95,24.95,24.95,24.95,24.95,24.95,24.95,24.95,24.95,24.95,24.95,24.95,24.99,24.99,24.99,24.99,24.99,24.99,24.99,24.99,24.99
"Micronesia (Federated States of), Pohnpei",11.77,11.77,19.7,19.7,17.97,17.97,17.97,10.04,10.04,10.04,10.04,10.04,10.41,,,,,,,,,10.58,10.58,10.58,17.79,17.79,17.79,17.79,12.76,12.76,12.76,12.76,12.76,12.76,15.34,15.34,15.34,15.34,15.34,15.34,15.34,15.34,15.34,15.34,16.06,16.06,16.06,16.06,12.19,12.19,12.19,13.75,13.75,13.75,13.75,13.75,24.95,24.95,24.95,24.95,24.95,24.95,24.95,24.95,24.95,24.95,24.95,24.95,24.95,24.95,24.95,24.95,24.95,24.99,24.99,24.99,24.99,24.99,24.99,24.99,24.99,24.99
"Micronesia (Federated States of), Truk",11.77,11.77,19.7,19.7,17.97,17.97,17.97,10.04,10.04,10.04,10.04,10.04,10.41,10.96,10.96,10.96,10.96,10.96,10.96,10.96,10.96,10.58,10.58,10.58,10.58,10.58,10.58,10.58,12.76,12.76,12.76,12.76,12.76,12.76,15.34,15.34,15.34,15.34,15.34,15.34,15.34,15.34,15.34,15.34,16.06,16.06,16.06,16.06,12.19,12.19,12.19,13.75,13.75,13.75,13.75,13.75,13.75,13.75,13.75,13.75,13.75,13.75,13.75,13.75,13.75,13.75,13.75,13.75,13.75,13.75,13.75,13.75,13.75,13.75,13.75,13.75,13.75,13.75,13.75,13.75,13.75,13.75
"Micronesia (Federated States of), Yap",11.77,11.77,19.79,19.79,19.09,19.09,19.09,21.63,21.63,21.77,25.43,25.43,19.02,22.92,22.92,22.9,23.55,10.96,10.96,10.96,10.96,,,,,,,,,,,,,,,,,,,,,,,,,,,,,,,,,,,,,11.72,11.72,11.72,11.72,11.72,11.72,11.09,11.09,11.09,11.09,11.08,11.08,11.08,11.08,11.08,11.08,11.07,11.07,11.07,11.07,11.07,11.07,11.07,11.07,11.07
"Montenegro, Bar",10.37,10.37,10.37,10.37,10.37,10.37,10.37,10.37,10.37,9.73,33.9,26.86,34.72,35.38,34.69,28.53,33.52,20.54,21.72,21.26,20.02,27.78,22.13,21.6,30.76,30.16,29.4,24.03,18.77,19.78,21.13,21.47,21.47,24.25,24.37,25.07,24.56,25.83,26.38,22.88,33.48,34.19,34.25,38.11,27.23,28.86,25.05,25.3,25.3,22.62,22.98,22.34,23.24,23.24,34.72,34.07,34.06,34.03,34.81,34.76,33.72,33.72,33.21,31.76,31.66,31.17,31.32,32.38,32.79,32.58,31.81,32.1,34.5,33.5,34.59,34.99,42.27,42.82,42.78,44.92,44.99,46.14
"Montserrat, Plymouth (MS)",,,,,,17.34,17.34,,,,,,,,,,,,,12.27,,,,,,,,,,,14.51,14.51,14.51,14.52,14.52,15.79,15.79,15.79,15.79,15.79,15.79,21.05,21.05,20.96,21.69,21.69,21.69,21.66,21.66,21.66,21.66,21.66,21.66,21.66,21.66,21.66,21.66,21.66,21.66,21.66,21.66,21.66,21.66,,,,,,,,,,,,,,,,,,,
"Morocco, Agadir",51.64,53.67,53.71,53.71,53.77,50.07,47.09,40.05,50.95,49.39,40.98,47.82,47.94,40.72,35.85,39.49,56.54,46.02,42.97,54.44,54.42,50.24,41.6,41.9,51.14,50.51,55,65.55,56.71,66.44,47.18,61.37,65.12,65.17,65.74,67.43,67.4,73.47,74.46,102.08,95.85,95.73,79.12,89.79,91.27,87.41,76.11,97.95,101.47,89.58,85.09,80.41,96.35,92.11,86.42,77.69,72.54,62.55,53.94,57.44,52.25,42.32,57.49,66.5,67.42,67.33,66.82,68.75,67.5,66.26,58.22,58.17,66.52,72.42,61.41,60.73,47.81,47.85,37.29,61.97,85.41,86.84
"Morocco, Casablanca",143.59,149.9,147.44,142.36,138.88,160.39,157.98,164.63,152.34,150.64,147.33,171.93,163.36,156.12,155.89,148.41,146.59,150.03,144.04,155.66,143.01,162,161.36,151.44,158.48,132.4,153.21,165.8,176.68,174.29,171.52,180.87,164.49,171.16,169.52,173.8,179.95,196.8,207.09,203.7,208.31,206.36,199.41,211.13,201.41,189.66,238.92,221.32,247.4,234.25,218.62,200.79,198.74,185.97,187.87,179.73,185.08,178.1,173.8,180.87,174.54,175.36,166.68,166.74,165.51,179.62,177.86,180.14,192.79,180.2,195.79,212.66,211.07,213.13,219.81,230.18,225.33,230.07,217.39,225.67,225.22,225.56
"Morocco, Dakhla",,,,,,,,,,,,,,,,,,,,,,,,,,,,,,,,,,,,,,,,,,,12.14,12.14,,,,,,,,,,,,13.33,,,,,,,,,,,,,,,,,,,,,,,,,,
"Morocco, Kenitra",,7.8,7.8,7.8,7.8,7.8,7.8,7.8,,,,,,,,,,,,,,,,,,,,,,,,,,,,,,,,,,,,,,,,,,,,,,,,,,,,,,,,,,,,,,,,,,,,,,,,,,
"Morocco, Laayoune",,,,,,,,,,,,,,,,,,,,,,,,,,,,,,,,,,,9.87,9.87,9.87,,,,,,,,,,,,,,,,,,,,,,,,,,,,,,,,,,,,,,,,,,,,,
"Morocco, Nador",18.83,7.8,7.8,7.8,7.8,7.8,7.8,7.8,7.81,7.81,7.81,7.81,7.81,7.81,7.81,7.81,7.81,7.81,7.81,7.81,,,,,,,,,,,,16.51,16.51,,,,,,,,,,,,,,,,,,,11.11,,,,,11.75,11.75,11.75,12.06,12.06,12.6,11.96,11.96,11.96,11.96,10.62,10.62,10.62,11.24,11.24,10.47,11.24,11.25,11.25,11.25,11.25,11.25,11.25,11.2,11.2,11.25
"Morocco, Tanger Med",,,,,,,,54.53,79.64,91.1,166.68,195.38,208.2,209.25,252.36,257.88,267.72,310.58,341.64,364.01,388.86,397.16,370.34,315.01,300.56,323.28,321.42,332.15,337.53,360.97,363.13,366,366.69,374.46,386.95,377.62,375.57,384.82,376.12,402.81,392.14,403.63,439.64,442.02,432.34,449.75,485.93,487.81,490.09,464.07,444.32,410.21,391.1,417.27,435.96,432.98,449.5,443.85,441.85,450.84,490.2,481.43,492.07,493.07,485.9,502.05,521.07,522.97,536.94,526.02,559.22,561,574.22,578.39,557.31,543.53,568.58,576.4,557.04,571.44,570.93,575.79
"Morocco, Tangier",50.35,50.63,54.07,54.07,54.07,50.37,52.07,47.94,43.56,40.26,41.99,37.6,37.6,30.99,30.99,22.15,22.15,22.15,22.15,22.15,22.15,22.15,22.15,20.88,20.88,20.88,20.88,13.77,,,,,,,,,,,,,,,,,,,,,,,,,,,,,,,,,,,,,,,,,,,,,,,,,,,,,,
"Mozambique, Beira",26.6,26.6,26.6,29.29,29.27,30.07,30.63,30.67,30.67,30.67,30.67,34.38,42.42,47.43,49.16,47.98,41.55,41.56,51.54,51.48,52.19,51.92,48.86,58.61,58.16,61.12,59.5,39.91,40.08,39.68,50,50.58,53.32,50.41,51.57,51.45,48.3,48.7,51.64,49.12,49.12,48.37,44.46,53.43,55.72,55.74,55.77,63.55,60.34,60.51,61.28,54.87,47.48,47.53,56.14,56.26,59.95,60.9,66.29,62.2,66.92,61.89,58.6,51.78,53.15,52.36,52.38,52.46,55.19,59.14,64.6,72.24,69.41,69.21,75.61,79.34,76.05,76.49,75.86,81.45,80.48,61.74
"Mozambique, Maputo",59.48,59.44,59.44,65.74,65.73,65.53,66.08,55.02,55.03,65.7,65.67,74.73,61.76,71.26,91.44,90.23,78.28,78.89,96.76,102.04,102.14,83.61,91.33,92.55,82.98,84.9,81.19,82.03,87.82,101.37,117.02,117.36,127.13,103.61,104.28,98.37,80.91,80.46,96.77,71.06,71.06,69.27,69.74,69.84,72.46,71.21,71.24,72.52,76.18,76.18,75.67,69.58,69.53,69.57,72.04,72.73,75.79,76.74,82.09,78.06,88.79,83.21,82.37,75.58,75.64,75.49,81.45,81.54,83.78,85.63,90.73,87.82,93.97,93.8,100.75,104.43,95.5,95.59,99.76,98.93,97.44,97.48
"Mozambique, Nacala",26.83,26.2,24.5,24.12,24.1,36.28,36.4,35.47,35.49,36.13,37.24,41.21,33.45,42.01,46.57,45.38,35.8,35.81,42.56,44.91,55.93,56.18,50.11,50.15,50.03,60.66,57.75,45.47,52.93,60.23,63.22,55.88,67.19,66.62,70.86,74.73,74.17,74.83,75.35,75.21,75.83,72.07,71.49,70.02,63.8,52.41,52.35,59.5,42.89,38.82,39.61,40.59,33.19,40.61,35.11,49.18,48.84,48.87,47.65,40.7,40.75,40.89,39.75,45.74,34.54,34.51,34.51,34.56,34.61,36.01,48.36,42.49,62.7,62.58,63.48,63.72,54.63,55.11,67.27,79.25,75.07,74.13
"Mozambique, Palma (MZ)",,,,,,,,,,,,,,,,,,,,,,,,,,,,,,,,,,,,,,,,,,,,,,,,,,,,,,,,,,,,9.31,9.31,9.31,9.31,9.31,,,,,,,,,,,,,,,,,,
"Mozambique, Pemba",,,,,,,,,,,,,12.91,11.39,11.39,11.68,10.33,28.51,19.45,26.88,27.51,27.51,8.55,8.55,26.43,27.7,27.7,27.7,39.24,41.74,42.35,45.88,50.56,37.62,37.62,37.68,37.68,37.68,37.74,37.74,37.02,31.59,31.53,18.94,8.78,8.78,8.78,8.78,18.03,18.03,18.03,9.72,9.72,9.72,9.72,9.72,,,,22.01,22.01,22.01,15.63,15.63,8.55,8.55,8.68,8.68,8.68,,,,,,,,,,,,,
"Mozambique, Quelimane",,,,,,,,,,,,,,9.23,9.23,8.4,,,10.7,8.55,8.55,8.55,8.55,8.55,8.55,9.83,9.83,9.83,9.83,9.83,9.83,9.83,17.09,17.46,17.46,17.46,17.46,17.46,17.46,17.46,17.46,17.59,9.83,8.92,8.92,8.92,8.92,8.92,8.92,8.92,8.92,8.92,8.92,8.92,8.92,8.92,8.55,8.55,8.55,8.55,8.55,8.55,,,,,,,,,,,,,,,,,,,,
"Myanmar, Rangoon",37.36,44.55,38.03,38.03,36.46,36.46,36.46,37.31,37.31,48.55,44.81,45.19,55.38,50.77,59.68,65.15,63.17,69.13,69.34,60.98,48.09,68.03,76.12,75.61,75.63,91.37,109.63,116.81,116.85,102.41,99.91,96.09,101.28,107.1,101.34,100.77,105.85,119.6,114.09,128.12,125.48,132.58,146.49,116.94,112.4,109.14,109.87,111.85,113.25,109.13,108,104.17,83.54,98.52,96.49,93.28,99.54,97.01,93.88,95.45,101.19,73.75,61.37,80.64,76.66,90.1,100.93,100.03,105.32,112.64,113.49,109.05,99.32,99.04,92.27,90.26,90.56,90.72,88.6,93.05,94.4,95.73
"Myanmar, Thilawa",,,,,,,,,,,,,,,,,,,,,,,,,,,,,,,,,,,,,,,,,,,,,,,,,,,31.2,29.29,29.21,13.36,34.72,40.84,40.83,38.26,26.77,37.39,44.51,35.14,36.3,43.54,37.78,37.71,37.54,36.81,31.39,39.63,40.26,40.64,40.64,40.07,39.38,36.33,23.22,23.22,23.22,20.04,20.04,20.04
"Namibia, Luderitz",15.34,15.34,15.34,,,,,11.97,11.97,11.97,11.6,11.6,11.6,11.6,11.6,11.6,11.6,11.6,11.6,12.96,13.6,14.98,14.97,14.98,11.2,11.2,32.52,32.57,32.57,12.18,11.92,11.92,11.92,11.92,11.92,11.92,11.92,11.92,11.92,11.92,11.92,11.92,11.92,13.18,13.18,13.18,13.19,13.19,13.19,13.19,13.19,13.19,13.19,13.19,13.19,13.19,13.19,13.19,13.19,13.19,13.19,13.33,13.33,11.05,11.05,11.05,11.05,11.05,11.05,11.05,,,,7,7,7,7,7,7,7,7,7
"Namibia, Walvis Bay",60.66,60.4,59.5,58.91,58.82,59.21,55.22,56.12,58.58,60.24,60.97,61.61,57.42,70.88,105.86,97.18,109.22,116.9,113.7,99.92,100.2,106.05,102.09,102.22,100.1,103.59,104.95,112.13,118.17,113.92,111.02,106.09,111.74,108.59,111.69,118.31,122.66,109.12,110.06,109.97,127.64,112,112.24,113.01,99.8,91.95,90.57,107.89,99.04,97.18,95.65,91.03,91.65,99.7,97.15,97.62,91.3,90.59,71.21,75.99,76.08,74.9,101.97,96.22,96.72,96.51,96.63,96.88,98.2,69.67,93.03,92.4,83.44,93.43,96.44,92.92,145.39,143.98,143.14,141.31,141.52,150.7
"Nauru, Nauru",,,,,,,,,,,,,,,,,,,8.47,8.47,8.47,8.47,8.47,8.47,8.47,8.47,,,,,8.9,7.89,7.89,15.08,15.08,15.3,15.3,15.3,15.3,15.3,15.3,9.98,8.58,8.58,8.58,8.58,8.58,7.93,7.93,8.56,8.56,8.56,8.56,8.56,8.56,8.56,8.56,8.56,8.56,,,,,,,,,,,,,,,,,,,,,,,
"Netherlands (Kingdom of the), Amsterdam",82.95,119.19,129.59,107.15,112.6,115.8,116.06,125.89,125.96,139.21,143.47,146.53,156.5,132.27,108.5,103.74,76.49,76.25,70.77,75.02,73.92,67.16,43.93,43.93,35.51,65.78,49.28,47.3,60.17,56.23,54.49,64.23,43.06,50.81,50.81,40.39,40.39,53.86,44.11,44.11,44.11,57.25,56.62,64.26,64.26,66.53,66.53,56.77,56.78,66.17,66.17,51.17,51.17,51.17,41.35,31.98,36.58,35.6,33.76,42.09,46.03,47,40.44,40.44,39.8,39.8,37.63,37.63,37.63,37.63,37.63,37.63,46.46,41.05,40.88,41.07,41.07,35.2,35.2,35.2,34.97,34.97
"Netherlands (Kingdom of the), Botlek",,,,,,,,,,,,,,,,,,,,,,,,,,,,,,,,,,,,,,,,,,,,,,,,,,12.1,12.1,12.08,12.08,12.08,12.08,12.08,19.87,19.87,19.87,19.92,19.94,19.94,19.94,19.94,19.94,19.94,19.94,19.94,21.77,13.93,13.93,13.94,13.94,13.94,13.94,13.94,13.94,12.1,12.1,12.1,12.1,12.1
"Netherlands (Kingdom of the), Eemshaven",,,,,,,,,,,,,,,,,,,13.99,13.99,,,,,,,,,,,,,,,,,,,,,,,,,,,,,,,,,,,,,,,,,,,,,,,,,,,,,,,,,,,,,,
"Netherlands (Kingdom of the), Ijmuiden",12.13,12.13,12.13,12.13,12.13,12.13,12.13,12.13,12.13,12.13,12.13,12.13,12.13,,,,,,,,,,,,,,,,,,,,,,,,,,,,,,,,,,,,,,,13.83,13.83,13.83,13.83,13.83,13.83,13.83,13.83,13.83,13.83,13.83,13.83,13.83,13.83,13.83,13.83,13.83,13.83,13.83,13.83,13.83,13.83,,,,,,,,,
"Netherlands (Kingdom of the), Moerdijk",44.71,37.63,36.99,35.1,35.28,37.22,36.6,36.58,28.33,27.4,27.38,38.03,45.44,42.68,42.68,42.68,42.56,44.47,47.65,45.21,45.37,44.76,47.59,47.59,47.59,47.59,46.75,46.75,33.52,35.43,44.82,44.82,45.02,45.68,46.3,46.52,58.93,58.35,58.35,63.88,56.69,56.12,55.48,62.7,63.34,63.34,63.34,65.19,58.93,54.34,54.18,54.18,54.18,54.18,54.18,54.18,54.18,53.55,53.55,64.72,69.41,65.34,66.02,70.73,64.9,64.9,59.55,59.37,63.92,70.71,79.95,67.13,78.64,66.83,56.23,56.91,56.91,63.75,69.16,70.54,70.54,70.54
"Netherlands (Kingdom of the), Nijmegen",,,,,,,,,,,,,,,,,,,,,,,,,,,,,,,,,,,,,,,,,,,,,,,,,,,,12.18,12.18,12.18,12.18,12.18,11.54,,,,,,,,,,,,,,,,,,,,,,,,,
"Netherlands (Kingdom of the), Rotterdam",1095.51,1133.07,1140.15,1142.7,1154.21,1169.51,1195.12,1212.01,1184.06,1169.56,1139.21,1134.73,1114.46,1107.22,1099.1,1107.91,1115.97,1143.24,1157.59,1140.49,1161.35,1180.02,1146.07,1162.54,1128.51,1095.97,1113.78,1088.32,1051.33,1028.1,1034.26,1036.96,1036.94,1049.14,1058.05,1033.37,1020.2,1029.58,1044.58,1047.74,1061.63,1007.09,1021.7,993.86,1003.18,1009.55,1020.69,1015.03,1041.59,1050.5,1002.54,1015.2,1021.68,1018.99,1088.05,1052.79,1025.41,950.84,976.6,981.85,998.4,1008.73,999.24,993.25,993.5,967.82,994.03,994.61,1003.16,1024.2,1008.25,1007.41,956.18,970.8,970.98,938.96,1008.43,960.12,952.13,950.44,951.95,950.83
"Netherlands (Kingdom of the), Terneuzen",18.59,10.85,10.85,10.85,10.85,10.85,10.85,10.85,10.85,10.85,10.85,10.85,10.85,10.85,10.85,10.85,10.85,10.85,10.85,10.85,10.85,10.85,10.85,10.85,10.85,,,,,,,,8.88,8.88,8.88,8.88,8.88,8.88,8.88,8.88,8.88,8.88,8.88,8.88,8.88,8.88,8.88,8.88,8.88,10.7,10.7,10.7,10.7,10.7,10.7,10.7,10.7,10.7,10.7,10.7,10.7,10.7,10.7,10.7,10.7,10.7,10.7,10.7,10.7,10.7,10.7,10.7,10.7,10.7,10.7,10.7,11.89,11.89,11.89,11.89,11.89,11.89
"Netherlands (Kingdom of the), Vlaardingen",,,,,,,,,,,,,,,,,,,,,,,,,,,,,,,,,,,,,,,,,,,,,16.29,16.29,16.29,16.29,16.29,16.29,16.29,17.44,17.44,17.44,,,,,,,,,,,,,,,,,,,,,,,,,,,,
"Netherlands (Kingdom of the), Vlissingen",103.74,103.74,103.74,103.73,96.61,96.61,91.19,91.19,91.19,91.72,79.01,79.01,79.01,83.76,51.9,51.9,54.24,54.87,54.87,43.14,43.14,9.15,9.15,9.15,9.15,19.33,29.07,29.08,42.85,51.02,51.02,51.14,51.14,51.04,51.04,51.04,51.04,42.87,42.87,53.84,71.43,63.48,63.48,71.67,71.67,73.51,73.55,74.19,92.51,109.74,110.81,119.16,152.7,154.83,146.15,161.62,145.17,122.03,109.16,127.71,145.54,118.54,117.62,110.61,111.89,101.62,102.89,98.11,98.74,99.57,97.23,104.76,97.97,68.97,59.36,67.36,67.29,59.29,59.29,70.58,77.65,77.65
"New Caledonia, Baie de Prony",,,,,,,,,,,14.17,14.17,14.17,14.17,,,,,,,,,,,,,9.92,9.92,,,,,,,,,,,,,,,13.09,13.09,13.09,13.09,13.09,13.09,13.09,13.13,,,,,,,,,,,,,,,,,,,,,,,,,17.85,,,,,,,
"New Caledonia, Noumea",88.39,89.28,100.49,103.07,115.25,113.3,127.52,122.34,117.27,109.8,106.9,107.45,102.66,106.77,106.97,107.01,98.77,97.41,100.25,100.86,101.62,102.57,104.4,101.26,103.81,103.34,103.33,109.57,108.5,108.29,113.1,114.39,108.9,109.58,104.27,101,96.79,96.28,96.28,98,100.6,100.62,99.26,101.97,100.06,108.84,108.86,93.1,91.95,84.43,81.5,75.69,77.47,78.14,87.28,86.64,85.82,88.31,95.28,89.17,89.17,94.12,93.89,91.74,88.18,90.16,90.16,93.35,92.92,95.23,96.8,97.38,97.43,100.9,101.53,100.22,100.95,101.08,99.74,99.64,96.79,97.42
"New Caledonia, Prony",,,,,,,,,,,,,,,,,,,,,,,,,,,,,,,,,,,,,,,,,,,,,,,,,,,,,,,,,,,,14.93,14.93,14.93,22.33,23.49,16.09,14.89,14.89,14.2,16.06,16.13,16.13,26.92,26.92,27.06,27.06,27.06,27.06,27.06,27.04,27.04,27.04,27.04
"New Zealand, Auckland",207.62,205.22,206.04,206.5,210.44,222.28,221.63,216.36,214.1,210.93,197.58,200.76,194.14,197.48,182.49,183.2,177.69,179.59,176.62,171.48,171.68,173.41,177.34,178.59,180.51,181.68,181.79,189.82,177.23,168.36,173.48,189.53,187.36,187.62,184.33,192.98,202.08,196.59,196.4,194.47,188.72,182.49,181.83,181.29,185.15,182.6,183.07,193.26,196.17,187.19,181.68,173.22,173.71,175.77,171.46,171.87,172.4,172.67,173.21,170.77,176.82,188.87,191.19,175.21,183.13,182.06,182.99,186.23,187.37,181.23,190.42,182.92,175.03,187.39,182.66,171.38,171.7,177.21,172.98,172.69,179.36,185.23
"New Zealand, Bluff Harbour",19.68,19.68,19.68,19.68,19.68,19.68,19.68,19.68,19.68,19.04,34.69,22.74,23.46,23.52,24.84,24.84,24.83,24.99,24.92,24.94,26.42,24.68,25.89,26.45,24.8,26.01,28.83,27.06,29.67,30.71,29.58,29.82,29.89,30.29,30.86,31.77,31.75,28.93,28.33,28.31,30.09,31.72,30.23,30.23,30.23,30.23,30.24,30.24,30.57,27.38,27.45,27.04,27.02,27.36,27.42,27.05,29.79,30.15,27.07,29.86,29.05,29.22,29.37,28.26,28.38,28.66,28.43,28.55,26.38,28.26,26.53,26.53,31.96,31.97,31.93,33.88,31.05,31.18,32.19,32.19,32.95,33.92
"New Zealand, Dunedin",8.78,8.78,8.78,8.78,8.78,8.78,8.78,8.78,8.78,8.78,8.78,8.78,10.46,10.46,10.46,10.46,10.46,,,,,,,,,,,,,,,,,,,,,,,,,,,,,,,,,,,,,,,,,,,,,,,,,,,,,,,,,,,,,,,,,
"New Zealand, Lyttelton",102.93,95.42,96.23,91.98,91.99,116.35,113.59,119.38,119.54,116.2,93.95,93.64,97.17,99.33,92.19,95.44,95.05,98.45,91.8,90.93,91.01,87.12,103.21,103.87,98.67,98.89,104.09,98.72,104.83,111.61,115.04,114.77,114.89,127.72,127.51,122.89,132.41,128.98,131.64,129.34,130.54,120.64,115.54,118.16,122.66,120.05,113.36,118.42,102.84,100.39,93.99,94.24,92.22,92.2,92.92,100.48,101.45,101.42,100.77,100.95,98.16,105.26,105.04,109.02,116.93,117.43,118.83,120.3,123.66,123.26,122.59,116.32,105.7,99.76,99.74,95.46,95.47,96.39,92.14,92.02,87.06,86.85
"New Zealand, Marsden Point",,,,18.15,18.79,18.79,18.79,18.79,18.79,35.38,34.11,34.9,14.36,14.36,15.63,15.63,15.63,15.63,21.03,31.7,31.7,31.7,26.17,24.89,24.89,23.26,23.26,23.26,22.59,23.86,23.87,23.87,23.87,23.87,23.87,23.87,23.87,23.24,23.24,31.69,31.69,31.69,28.37,28.37,23.94,25.4,25.08,33.82,33.82,47.6,48.61,48.82,48.78,48.47,48.5,48.83,49.1,53.06,58.36,59.45,43.13,43.13,43.13,43.13,43.15,43.15,49.1,50.22,40.35,35.05,36.32,36.02,32.22,33.4,33.4,32.36,32.36,52.89,52.23,52.23,32.34,52.84
"New Zealand, Napier",99.55,102.04,102.08,94.53,108.01,112.67,114.99,116.37,116.43,105.72,101.73,112.21,103.65,115.94,98.24,98.26,98.23,112,101.04,99.16,99.3,99.64,104.17,96.33,98.2,96.39,97.13,105.16,99.39,106.74,109.6,113.62,112.32,117.91,115.9,106.97,116.38,116.73,118.76,108.94,110.13,110.89,105.77,108.45,124.49,122,122.01,126.69,129.03,123.03,106.75,107.37,108.5,108.39,107.8,107.75,108.46,108.47,108.34,107.78,109.74,109.68,109.75,111.43,104.96,104.96,105.02,104.92,106.97,99.49,99.05,86.27,85.81,96.38,96.38,88.41,88.42,93.97,89.71,89.59,88.26,88.1
"New Zealand, Nelson",54.77,70.65,70.67,66.7,60.95,73.7,51.13,49.67,49.67,52.37,46.11,50.66,56.5,64.41,58.42,61.65,60.65,64.35,62.27,44.02,44.02,47.14,45.03,44.4,44.4,44.2,51.96,47.74,51.34,51.33,49.21,58.68,59.35,59.3,60.09,55.37,70.94,61.86,61.26,54.87,56.64,57.21,55.7,56,67.35,67.42,60.72,49.01,68.22,67.16,58.26,56.89,40.65,48.77,41.05,42.06,44.79,60.25,58.38,44.86,40.16,52.96,50.27,50.22,47.65,47.66,46.07,47.05,49.52,50.37,50.14,50.2,51.33,44.21,44.18,42.23,42.2,42.34,42.34,42.22,41.43,42.46
"New Zealand, New Plymouth",34.26,36.9,36.9,32.93,35.04,41.58,35.68,46.04,46.04,43.06,36.57,35.4,44.16,53.59,61.66,61.64,66.19,69.89,66.3,30.11,30.1,30.1,20.01,8.78,8.78,8.78,8.78,8.78,10.06,10.06,10.06,10.06,10.06,10.06,10.06,,,,,,,,,,,,,,,,,,,,,,,,,,,,,,,,,,,,,,,,,,,,,,,
"New Zealand, Onehunga",,,,,,,,,,,,,,,,,,,,8.78,8.78,8.78,8.78,8.78,8.78,8.78,8.78,8.78,10.06,10.06,10.06,10.06,10.06,10.06,10.06,,,,,,,,,,,,,,,,,,,,,,,,,,,,,,,,,,,,,,,,,,,,,,,
"New Zealand, Port Chalmers",78.73,71.89,77.68,77.77,76.23,73.72,74.35,74.3,74.45,76.34,84.54,78.54,69.97,73.25,60.09,56.17,56.16,56.23,56.26,56.26,56.37,58.14,59.95,60.66,55.48,56.8,64.55,62.61,64.09,65.13,66.49,66.09,66.27,66.67,67.21,65.21,76.32,76.5,77.08,77.09,74.69,72.81,72.86,72.85,72.21,72.9,72.87,72.86,72.97,72.32,74.16,75.44,78.49,78.58,78.02,77.89,78.66,59.37,58.53,58.72,56.61,56.84,56.72,58.14,58.29,58.57,58.33,58.46,58.9,77.21,77,68.12,71.91,68.3,68.25,61.62,61.57,57.98,57.98,57.87,67.89,67.75
"New Zealand, Tauranga",173.47,166.18,167.13,173.28,154.32,170.02,167.99,171.56,171.4,180,178.14,178.5,174.79,177.43,173.83,174.54,174.09,177.57,163.65,161.15,161.41,158.33,183.65,183.09,180.73,184.14,184.28,191.71,184.59,180.92,190.81,203.83,200.08,207.96,204.55,208.28,215.29,209.87,205.49,204.42,201.77,189.32,198.39,225.58,237.2,248.03,241.41,232.9,233.47,198.05,218.7,214.03,215.28,216.83,213.87,210.19,192.84,195.1,195.9,189.93,184.28,199.49,202.01,210.66,206.97,207.74,209.67,213.82,212.43,201.37,223.04,214.62,206.48,191.88,168.4,174.65,175.6,176.62,171.75,171.45,170.27,175.93
"New Zealand, Timaru",50.41,50.41,50.44,51.12,54.47,56.54,56.56,56.54,56.59,26.55,28.36,28.14,40.75,39.43,40.75,40.75,40.75,40.75,40.75,41.65,44.25,47.46,44.35,44.4,44.4,45.69,46.34,41.1,42.54,30.71,29.58,29.82,29.89,30.29,39.22,40.13,39.42,42.69,41.45,41.44,43.2,43.98,37.3,37.6,49.79,49.79,49.8,59.24,60.63,45.69,27.98,51.58,52.16,58.64,66.01,51.54,66.6,66.6,65.96,65.95,65.95,55.73,55.73,37.54,43.69,43.69,39.2,39.2,39.2,40.23,41.5,41.2,43.36,40.41,40.41,41.01,41.01,41.01,40.99,40.99,40.97,42.01
"New Zealand, Wellington",72.2,61.35,62.18,67.41,64.4,67.2,73.88,73.84,74,62.22,75.58,77.22,74.41,75.68,84,87.22,86.86,90.9,90.87,93.05,93.21,89.33,89.2,77.15,77.17,70.5,77.43,73.53,74.94,67.19,65.13,72.78,72.82,72.78,79.51,78.79,78.1,74.06,76.8,89.76,89.07,80.52,77.98,80.67,81.4,71.71,71.77,79.93,64.4,61.63,51.27,56.72,56.68,53.49,53.53,53.42,53.56,62.64,65.73,62.86,62.88,63.16,62.65,61.96,62.19,62.29,62.26,62.12,72.35,72.56,71.92,71.9,61.82,61.78,60.68,60.18,60.33,65.95,61.62,66.05,73.61,79.85
"Nicaragua, Corinto",26.21,44.49,45.07,45.13,45.36,45.42,51.53,51.53,51.61,51.9,52.05,46.57,49.06,45.85,49.16,49.16,46.01,42.62,43.64,44.53,50.17,23.84,27.68,27.61,27.61,31.12,31.75,40.14,49.97,49.86,49.96,40.3,40.31,46.25,46.92,46.94,47.31,38.04,38.03,46.52,46.88,47.54,47.54,48.17,48.17,48.17,58.68,58.68,52.73,52.73,39.32,39.32,39.32,39.32,39.32,42.08,42.34,42.34,45.56,44.92,44.92,44.92,47.95,48.48,54.46,54.49,52.3,52.3,52.36,51.63,43.83,56.47,59.11,50.1,49.46,49.69,54.93,63.41,65.05,65.09,65.14,65.14
"Nicaragua, El Bluff",,,,,,8.11,8.11,8.88,8.88,8.88,8.88,8.88,8.88,8.88,8.88,8.88,8.88,8.88,18.63,18.63,21.34,21.34,21.34,8.25,8.25,8.25,8.25,8.25,8.25,8.25,8.65,8.65,8.44,8.44,8.44,8.44,8.44,8.44,8.44,8.44,,,,,,,,,,,,,,,,,,,,,,,,,,,,,,,,,,,,,,,,,,
"Nicaragua, Puerto Cabezas",,,,,,8.11,8.11,8.88,8.88,8.88,8.88,8.88,8.88,8.88,8.88,8.88,8.88,8.88,8.88,8.86,,,,,,,,,,,,,,,,,,,,,,,,,,,,,,,,,,,,,,,,,,,,,,,,,,,,,,,,,,,,,,
"Nicaragua, Rama (Arlen Siu)",,,,,,8.11,8.11,8.88,8.88,8.88,8.88,8.88,8.88,8.88,8.88,8.88,8.88,8.88,8.88,8.86,8.23,8.23,8.23,8.25,8.25,8.25,8.25,8.25,8.25,8.25,8.65,8.65,8.44,8.44,8.44,8.44,8.44,8.44,8.44,8.44,8.67,8.67,8.67,8.67,8.67,8.67,8.67,8.67,8.67,8.67,8.67,8.67,8.67,8.67,8.67,8.67,8.67,8.67,8.67,20.88,20.88,21.33,8.45,8.45,8.45,8.45,8.45,8.45,8.45,8.45,8.45,8.45,8.45,8.45,8.45,8.45,8.45,8.45,8.45,8.45,8.45,7.81
"Nigeria, Apapa",81.32,85.63,88.24,96.74,95.74,93.74,77.27,74.17,74.57,82.77,97.69,101.91,104.27,74.19,76.4,72.37,80.35,90.26,99.39,99.12,107.65,107.61,104.93,109.42,121.28,123.11,116.93,122.15,121.92,129.91,126.57,132.3,141.55,113.1,142.93,118.49,107.42,121.38,117.7,123.83,113.85,115.02,115.46,121.11,107.21,105.57,87.5,105.16,105.12,115.46,111.66,100.74,100.08,97.65,87.52,88.04,93.34,78.23,80.92,70.45,78.21,77.7,77.89,72.42,72.85,75.92,81.77,78.68,78.42,96.76,108.96,118.55,124.75,113.39,116.05,109.93,115.75,125.99,115.97,120.87,123.4,136.8
"Nigeria, Calabar",9.35,9.35,9.4,9.4,9.4,9.4,,,,,,,,,,,,,,,,,,,,,,,,,,,,,8.16,8.16,8.16,8.16,8.16,8.16,8.16,10.07,10.07,10.07,10.07,10.07,10.07,10.07,10.07,10.07,10.07,10.07,10.07,10.07,10.07,8.5,8.5,8.5,8.5,8.5,8.5,,,,,,,,,,,,,,,,,,,6.81,6.81,6.81
"Nigeria, Lagos",91.39,91.1,94.78,93.97,121.27,115.12,127.85,126.01,135.88,117.29,111.82,93.51,92.96,103.17,103.58,98.45,105.13,115.33,109.28,103.45,110.47,102.4,100.16,99.8,75.89,70.75,75.45,69.01,52.9,56.33,62.1,62.11,79.15,84.85,68.78,106.56,105.2,110.35,98.62,109.92,121.34,116.56,106.41,95.63,94.07,95.65,79.41,70.82,70.82,70.83,70.83,79.68,79.68,79.68,87.54,84.3,84.3,98.87,101.49,97,99.01,85.4,85.4,60.7,60.7,60.73,60.73,60.72,77.65,87.29,80.64,80.86,81.1,87.13,89,89.41,90.43,95.12,95.5,107.4,102.69,93.22
"Nigeria, Lekki",,,,,,,,,,,,,,,,,,,,,,,,,,,,,,,,,,,,,,,,,,,,,,,,,,,,,,,,,10.86,10.6,10.6,10.6,10.11,10.11,10.11,10.11,10.11,10.26,,,10.82,46.29,58.52,61.29,94.65,93.4,92.81,92.92,85.47,103.44,120,113.66,110.38,108.63
"Nigeria, Onne",58.39,50.59,52.21,51.89,48.7,43.44,39.55,45.33,41.5,51.4,50.7,49.21,49.2,48.01,47.81,44.24,46.2,62.65,63.29,55.59,68.7,61.97,54.91,60.47,59.28,70.21,72.81,54.87,53.82,72.67,82.44,83.08,76.69,73.06,73.76,72.71,71.27,63.1,58.68,68.93,82.23,81.42,85.53,84.3,84.32,84.37,84.47,74.58,75.22,75.9,60.97,61.06,59.79,61.57,59.05,62.98,64.4,64.73,79.36,63.53,79.52,80.1,80.24,80.79,71.45,73.36,66.69,68.11,70.83,76.97,72.25,70.87,76.98,79.92,81.18,83.78,90.72,107.36,107.77,126.43,124.1,125.15
"Nigeria, Port Harcourt",13.51,17.86,17.86,17.85,17.85,18.12,18.12,18.13,18.13,18.13,18.09,18.09,18.09,18.2,18.2,17.98,17.98,17.98,17.98,18,18,18,18,18,18,18.4,18.4,18.4,32.46,24.09,24.07,24.07,24.07,18.39,18.37,18.37,18.37,18.37,18.36,18.36,30.94,39.44,39.44,39.94,39.4,41.25,28.38,18.02,24.66,19.77,19.77,19.77,19.77,19.77,19.77,25.65,20.68,24.75,28.4,24.12,23.92,23.92,23.92,25.07,25.08,25.12,24.55,24.53,21.54,21.54,21.62,21.62,21.62,21.63,21.63,21.63,13.21,13.21,13.21,13.21,13.21,13.21
"Nigeria, Tin Can Island",27.27,37.04,34.54,36.71,63.75,63.8,71.76,71.53,85.27,81.44,87.1,98.38,96.53,78.98,93.63,93.96,85.91,104.8,114.5,113,111.29,101.84,99.12,98.02,109.73,96.16,87.04,93.27,103.53,108.4,130.59,132.22,133.94,150.81,147.45,155.36,152.29,163,169.04,160.43,149.63,131.99,128.59,127.39,126.48,131.52,121.18,124.05,123.13,129.08,122.66,106.08,95.42,102.72,114.32,118.9,128.45,116.4,112.83,109.88,91.24,94.6,94.82,95.84,100.64,100.6,135.77,105.29,105.1,105.27,107.23,100.81,88.27,96.24,92.06,79.59,79.91,89.27,88.71,86.86,116.76,136.73
"Nigeria, Warri",12.91,,,,,,,,,,,,,,,,,,,,,,,,,,,,,,,,,,,,,,,,,10.07,10.07,10.07,10.07,10.07,10.07,10.07,10.07,10.07,10.07,10.07,10.07,10.07,10.07,,,,,,,,,,,,,,,,,,,,,,,,,,,
"Niue, Alofi",,,,,,,,,,,,,,,,,,,7.93,7.93,7.93,7.93,7.93,7.93,7.93,7.93,7.93,7.93,9.09,8.46,,,,,,,,,,,,,,,,,,,,,,,,,,,,,,11.32,11.32,11.32,11.32,11.32,11.32,11.32,11.32,11.32,11.32,11.32,11.32,11.32,11.32,11.32,11.32,11.32,11.32,11.32,11.32,11.32,11.32,11.32
"Norfolk Island, Norfolk I",6.1,5.46,5.46,5.46,5.46,5.46,5.46,5.46,5.46,5.46,5.46,5.46,5.46,5.46,5.46,5.46,5.46,5.46,5.46,5.46,5.46,5.46,5.46,5.46,5.46,5.46,5.46,14.61,14.61,14.61,14.61,14.61,14.61,14.61,14.61,17.57,17.57,17.57,17.57,8.42,8.42,8.42,8.42,8.42,9.76,9.76,9.76,12.52,12.52,12.52,12.52,6.48,6.48,6.48,6.48,6.48,6.48,6.48,6.48,6.48,6.48,6.48,6.48,6.48,6.48,6.48,6.48,6.48,6.48,6.48,6.48,6.48,6.48,6.48,6.48,6.48,6.48,6.48,6.48,6.48,6.48,6.48
"Northern Mariana Islands, Saipan Island",20.38,20.38,11.77,11.77,13.23,13.23,13.23,25.46,25.46,25.6,29.26,29.26,27.35,22.92,22.92,22.9,23.55,23.5,28.65,28.65,28.66,33.9,28.78,28.78,28.78,28.78,28.78,28.78,30.09,31.01,31.01,31.01,31.01,31.01,33.59,33.59,33.59,33.59,20.95,20.95,28.26,39.17,53.92,53.92,50.73,50.73,50.73,36.54,33.94,33.94,33.94,34.99,33.71,33.71,33.06,33.06,33.06,32.57,32.57,32.57,32.57,32.57,33.56,32.92,33.12,33.12,33.12,33.12,33.12,33.12,33.12,33.12,33.12,33.13,33.13,33.13,33.13,33.13,33.13,33.13,33.13,33.13
"Norway, Aalesund",36.63,36.63,36,39.69,39.69,39.69,34.34,34.34,33.69,37.01,36.68,36.68,36.68,36.68,36.68,36.68,36.68,36.05,36.05,30.33,30.33,30.33,30.33,30.33,15.58,15.58,15.58,27.3,21.4,28.73,32.09,47.37,47.44,46.16,44.13,44.13,44.77,44.19,44.26,44.26,46.22,46.22,45.51,46.14,39.57,39.57,46.86,41.53,41.42,47.83,47.87,85.32,84.08,84.08,86.37,86.37,85.73,72.27,78.66,72.97,72.97,72.97,72.97,72.97,73.01,72.87,78.88,85.71,88.5,88.5,89.09,89.09,89.09,79,72.31,71.54,71.54,75.28,59.16,59.16,59.04,59.04
"Norway, Ardalstangen",,,,,,,,,,,,,,,,,,,,,,,,,,,,,,,,,,,,,,,,,,,,,,,,,,,,,,,,,10.09,10.09,10.09,10.09,10.21,10.21,10.21,10.21,10.21,10.21,10.21,10.21,10.21,11.48,11.48,11.48,11.48,11.48,11.48,11.48,11.48,11.48,10.99,10.99,10.99,10.99
"Norway, Austevoll",13.69,13.69,,,,,10.48,10.48,10.48,10.48,,,,,,,18.23,18.23,18.23,11.75,11.75,11.75,11.75,11.75,11.75,11.75,11.75,11.75,11.75,,,,,,,,,11.11,11.11,11.11,,,,,,,,8.57,8.57,8.57,8.57,,,,,,,,,,,,,,,,,,,,,,,,,,,,,,,
"Norway, Averoy",,,,,,,,,,,,,,,,,,,,,,,,,,,,,,,,,,,,,,,,,,,,,,,,,,,,,12.52,12.52,12.52,12.52,12.52,12.52,12.52,12.52,12.52,12.52,13.33,13.33,13.33,13.33,13.33,13.33,13.3,13.3,13.3,13.3,13.3,13.31,13.31,19.78,19.78,24.16,19.93,19.93,19.93,19.93
"Norway, Batsfjord",,,,,,,,,,,,,,,,,,,,,,,,,,,,,,,,,,,,,,,,,,,,,,,,,,,,12.18,12.18,12.18,12.18,12.18,11.54,,,,,,,,,,,,,,,,,,,,,,,,,
"Norway, Bergen",38.1,45.81,45.18,55.38,54.86,54.86,47.64,47.64,47.62,47.61,42.53,42.53,43.17,43.17,43.17,43.17,44.42,43.78,43.78,47.49,45.11,43.84,43.21,43.21,45.86,46.5,45.86,56.35,66.94,63.03,54.83,61.45,61.52,60.25,61.53,61.53,62.17,62.8,62.87,62.87,64.26,64.26,64.19,64.19,57.61,57.61,56.97,42.34,42.22,51.21,51.21,69.42,71.9,71.9,79.83,79.83,75.9,58.58,62.39,75.16,75.16,75.49,68.33,68.33,68.37,68.23,74.24,81.07,83.87,87.94,88.52,88.52,88.52,78.44,71.75,72.25,72.25,78.54,66.2,66.2,71.34,71.34
"Norway, Bodo",10.92,10.92,10.92,,,,,,,,15.86,15.86,15.86,15.86,15.86,15.86,15.86,15.86,15.86,13.44,13.44,13.44,13.44,13.44,,,,,,,,,,,,,,,,,,,,,,,,,,,,26.48,26.48,26.48,26.48,26.48,25.85,13.83,13.83,13.83,13.83,13.83,13.83,13.83,13.83,13.83,13.83,13.83,13.83,13.83,13.83,13.83,13.83,,,,,,,,,
"Norway, Brevik",27.37,27.37,27.37,27.38,29.6,25.53,25.53,25.53,31.24,31.19,31.24,22.57,22.57,23.45,19.88,26.77,20.14,19.51,20.24,20.24,20.28,19.6,19.6,18.96,18.96,18.96,18.96,18.96,24.08,30.77,30.77,30.44,30.79,30.79,25.89,27.32,27.32,18.99,19.63,18.27,18.27,18.27,17.63,17.63,17.69,17.69,17.69,15.71,15.71,21.13,21.13,21.12,16.3,16.3,16.3,15.07,14.37,14.37,14.37,21.26,28.46,22.95,22.95,28.47,28.5,28.63,28.63,28.58,28.65,34.12,34.57,28.54,38.24,41.37,41.37,41.37,41.37,34.67,34.67,34.67,39.82,40.93
"Norway, Drammen",,,,,,,,9.77,10.59,10.59,10.59,9.86,10.5,10.5,10.5,10.5,10.97,10.97,10.97,10.97,10.97,19.64,9.06,9.06,9.06,9.06,9.06,9.06,9.06,9.06,9.06,11.6,11.6,11.6,12.21,12.21,12.21,30.71,32,30.2,28.92,27.01,27.68,24.51,24.51,16.31,16.31,16.31,16.31,35.96,31.32,31.32,31.32,31.32,29.04,29.67,29.85,29.56,29.04,29.04,28.98,28.49,29.18,28.98,17.85,11.31,11.31,11.8,,,12.38,12.38,12.38,12.43,12.43,12.43,12.43,12.43,12.43,12.43,12.43,12.43
"Norway, Egersund",,,,,,,,,,,,,,,13.04,13.04,13.04,,,16.05,13.67,23.63,11.03,11.03,11.03,24.27,11.03,11.75,11.75,,,13.67,13.67,,,13.04,13.67,,,,14.31,14.31,,,14.31,14.31,13.04,13.04,13.04,13.04,13.04,13.04,23.19,23.19,13.81,13.81,23.58,23.58,23.58,21.23,20.59,20.59,20.59,20.59,19.96,19.96,19.96,19.96,31.98,31.98,31.98,31.98,31.98,31.98,24.27,24.27,24.27,24.27,25.64,25.64,25.52,25.52
"Norway, Farsund",,,,,,,,,,,,,,,,,,,,,,,,,,,,,,,,,,,,,,,,,,,,,,,,,,,,,,,,,,,,,,,,,,,,,,11.63,11.63,11.63,11.63,11.63,11.63,11.63,11.63,11.63,,,12.12,12.12
"Norway, Floro",11.47,11.47,11.47,21.7,21.7,21.7,18.43,18.43,18.43,21.34,18.59,18.59,18.59,18.59,18.59,18.59,27.02,27.02,27.02,32.02,29.64,29.64,29.64,29.64,25.39,26.02,15.66,11.83,11.21,11.83,11.83,22.19,22.19,11.83,10.89,10.89,10.89,10.93,10.93,10.93,22.79,22.79,10.93,22.16,22.79,22.79,10.93,10.93,10.93,24.22,24.22,24.32,28.54,28.54,26.95,26.95,28.93,28.93,37.23,37.33,37.33,37.33,28.99,28.99,29.35,28.89,34.9,34.9,38.97,38.97,38.97,38.97,38.97,38.98,39.54,42.48,42.48,42.35,33.95,33.95,33.82,33.82
"Norway, Fredrikstad",23.9,23.94,20.46,32.6,27.07,27.07,36.65,40.04,29.18,27.46,32.82,35.29,30.64,28.77,36.12,39.63,28.79,28.79,28.82,28.79,36.1,36.1,31.09,39.59,39.27,32.53,32.53,29.36,26.6,19.32,23.41,21.91,11.95,11.95,11.95,19.85,19.85,24.87,30.97,30.94,29.66,28.38,28.42,23.94,23.3,23.25,23.51,36.54,31.76,30.36,27.8,39.51,39.51,39.51,44.01,40.83,41.01,28.61,28.73,28.73,28.73,28.24,28.24,28.04,37.26,31.63,31.63,37.26,37.9,41.96,41.96,41.96,37.29,44.29,44.29,44.29,43.55,47.07,43.07,43.07,43.03,43.05
"Norway, Fusa",,,,,,,22.05,22.05,21.39,22.03,13.04,13.04,13.04,13.04,,,12.39,12.39,12.39,16.05,13.67,13.67,13.67,13.67,13.67,14.31,13.04,12.4,12.4,13.04,13.04,13.67,13.67,13.04,13.04,13.04,13.67,13.04,13.04,13.04,14.31,14.31,13.04,13.67,14.31,14.31,13.04,13.04,13.04,13.04,13.04,13.04,13.67,13.67,13.43,13.43,14.71,14.71,14.71,14.71,14.07,14.07,14.07,14.07,13.43,13.43,13.43,13.43,13.43,13.43,13.43,13.43,13.43,13.43,,,,,15.59,15.59,14.54,14.54
"Norway, Gjemnes",,,,,,,,,,,,,,,,,,,,,,,,,,,,,,,,,,,,,,,,,11.57,11.57,10.93,10.93,,,11.63,11.63,11.63,28.17,28.2,28.2,24.42,24.42,24.42,24.42,24.42,24.42,24.42,21.3,21.3,21.3,21.09,21.09,21.09,21.09,21.09,21.09,21.09,21.09,21.09,21.09,21.09,21.68,21.05,11.57,11.57,11.57,11.57,11.57,11.57,11.57
"Norway, Glomfjord",,,,,,,,,,,,,,,,,,,,,,,,,,,,,,,,,,,,,,,,,,,,,,,,,,16.92,16.92,17.06,12.52,12.52,12.52,12.52,12.52,12.52,12.52,12.52,12.52,12.52,13.33,13.33,13.33,13.33,13.33,13.33,13.3,13.3,13.3,13.3,13.3,13.31,13.31,13.31,13.31,19.43,19.93,19.93,19.93,19.93
"Norway, Haavik",,9.16,9.16,9.16,9.45,9.45,9.45,,,,,,10.09,10.09,10.09,10.09,,,,,,,,,,,,10.87,10.88,11.73,11.73,11.73,11.73,11.73,11.73,11.73,11.73,12.38,12.38,12.38,11.73,11.73,11.73,11.73,11.73,11.73,11.73,11.73,11.74,20.87,20.87,20.87,17.05,17.05,17.05,17.05,24.88,24.88,24.88,21.76,21.78,21.78,21.01,21.01,21.01,21.01,21.01,21.01,21.01,28.92,28.92,28.92,28.92,30.06,28.33,20.66,20.66,20.66,15.41,15.41,20.66,20.66
"Norway, Halden",13.87,20.25,16.24,19.47,15.12,15.12,19.12,19.12,19.12,14.48,14.48,14.48,9.69,10.32,10.32,15.74,11.75,11.75,11.11,12.38,12.38,11.11,11.11,17.8,17.85,,,,11.57,,,,,,,,,,,,,,,,,,,,,,,,,,,,,,,,,,,,,,,,,,,,,,,,,,,,,
"Norway, Hammerfest",,,,,,,,,,,,,,,,,,,,,,,,,,,,,,,,,,,,,,,,,,,,,,,,,,,,20.14,20.14,20.14,20.14,20.14,19.51,13.83,13.83,13.83,13.83,13.83,13.83,13.83,13.83,13.83,13.83,13.83,13.83,13.83,13.83,13.83,13.83,,,,,,,,,
"Norway, Harstad",,,,,,,,,,,,,,,,,,,,,,,,,,,,,,,,,,,,,,,,,,,,,,,,,,,,26.48,26.48,26.48,26.48,26.48,25.85,13.83,13.83,13.83,13.83,13.83,13.83,13.83,13.83,13.83,13.83,13.83,13.83,13.83,13.83,13.83,13.83,,,,,,,,,
"Norway, Haugesund",20.23,20.23,20.23,9.93,9.93,9.93,10.57,10.57,10.57,19.36,33.16,33.16,39.72,30.32,30.32,30.32,23.77,23.77,23.77,25.1,25.1,25.1,25.1,25.1,21.32,21.32,21.32,18.28,28.25,28.88,27.18,27.22,27.22,27.22,19.74,19.74,19.74,19.78,19.78,19.78,19.78,19.78,19.78,19.78,19.78,19.78,19.78,31.27,31.27,43.45,43.45,54.28,57.4,57.4,64.95,64.95,69.42,58.59,58.59,66.78,58.39,58.72,59.95,59.95,51.92,51.46,51.46,51.46,61.57,65.64,65.64,65.64,65.64,66.04,66.15,66.65,66.65,72.94,65.18,65.18,70.31,70.31
"Norway, Heroya",,,,,,,,,,,,,,,,,,,,,,,,,,,,,,,,,,,,,,,,,,,,,,,,,,,,,,,,,,,,,,,,,,,,,,,,,10.14,10.14,10.14,10.14,10.14,10.14,10.14,10.14,10.14,10.14
"Norway, Hitra",,,,,,,,,,,,,,,,,,,,,,,,,,,,,,,,,,,,,,,,,,,,,,,,,,,,,,,,,,,8.68,8.68,8.68,8.68,8.68,8.68,,,,,,,,,,,,,,,,,,
"Norway, Holla",,,,12.57,12.57,12.57,20.37,20.37,20.37,23.29,23.02,23.02,23.02,23.02,23.02,23.02,24.92,24.92,24.92,13.44,13.44,13.44,13.44,13.44,,,,10.36,,,8.98,9.72,9.72,9.72,10.88,10.88,10.88,10.25,10.25,10.25,10.25,10.25,10.25,10.25,10.25,10.25,10.25,12.22,12.22,10.48,10.48,9.2,9.2,9.2,13.02,13.02,13.02,13.02,13.02,,,,,,,,,,,,,,,,,,,,19.93,19.93,19.93,19.93
"Norway, Hoyanger",,,,,,,,,,,,,,,,,,,,,,,,,,,,,,,,,,,,,,,,,,,,,,,,,,12.69,12.69,12.69,12.69,12.69,12.69,12.69,12.69,12.69,12.69,12.7,12.7,12.7,12.7,12.7,12.7,12.7,12.7,12.7,12.7,19.9,19.9,19.9,19.9,19.9,19.9,19.9,19.9,19.9,10.99,10.99,10.99,10.99
"Norway, Husnes",,9.16,9.16,9.16,,,,9.45,9.45,17.19,17.85,10.84,10.84,10.84,10.84,10.84,10.84,10.84,10.84,10.84,10.84,10.84,10.84,10.84,12.19,12.19,12.19,10.84,10.84,10.84,11.21,11.52,11.52,11.52,,,,,,,,,,,,,,,,16.92,16.92,17.06,,,10.35,10.35,,,,,,,10.35,10.35,10.35,10.35,10.35,10.35,10.35,11.63,11.63,11.63,11.63,11.63,11.63,11.63,11.63,11.63,,,12.12,12.12
"Norway, Husoy",,,,21.7,21.7,21.7,26.79,26.79,26.79,21.85,9.21,9.21,9.21,9.21,9.21,9.21,11.75,11.75,11.75,16.96,16.96,16.96,16.96,16.96,16.96,16.96,16.96,16.96,16.96,16.33,15.69,15.69,15.69,15.69,15.69,15.69,15.69,16.33,16.33,16.33,27.32,27.32,16.96,16.96,16.96,16.96,16.96,21.35,21.35,15.05,15.05,14.89,14.89,14.89,9.67,9.67,9.67,9.67,9.67,,,,,,,,,,,,,,,,,,,,,,,
"Norway, Ikornnes",,,,,,,,,,,,,,,,,,,,10.35,10.35,10.35,10.35,10.35,,,,,,,,,,,12.27,12.27,12.27,12.22,12.22,12.22,13.06,13.06,13.06,13.06,13.06,13.06,13.06,21.62,20.78,13.54,13.54,13.54,13.54,13.54,13.54,13.54,13.54,13.54,13.54,14.34,14.34,14.34,14.34,14.34,14.71,13.48,13.48,13.48,13.48,13.48,13.48,13.48,13.48,13.48,14.71,18.92,18.92,18.79,26.64,26.64,26.52,26.52
"Norway, Kirkenes",,,,,,,,,,,,,,,,,,,,,,,,,,,,,,,,,,,,,,,,,,,,,,,,,,,,12.18,12.18,12.18,12.18,12.18,11.54,,,,,,,,,,,,,,,,,,,,,,,,,
"Norway, Knarrevik",,,,16.39,16.39,16.39,11.84,11.84,11.84,,,,,,,,,,,11.05,11.05,11.05,11.05,11.05,11.83,11.83,11.83,11.83,11.21,11.83,11.83,11.83,11.83,11.83,,,,,,,,,,,,,,,,,,,,,,,,,,,,,,,,,,,,,,,,,,,,,,,,
"Norway, Kristiansand",53.91,53.91,53.27,53.27,54.61,61.31,62.58,62.54,63.35,72.37,72.42,63.84,63.91,52.05,55.4,58.9,62.57,69.81,72.9,64.35,62.32,77.56,86.86,87.5,92.44,90.93,80.76,65.24,66.04,64.22,63.59,66.32,59.71,67.09,55.79,45.99,45.99,56.46,61.23,56.51,47.26,47.96,57.6,44.61,45.25,44,33.38,34.1,33.49,41.48,34.1,53.22,53.68,53.85,61.37,61.59,53.51,41.09,48.12,60.98,63.97,60.62,61.3,66.41,66.4,65.98,60.64,60.98,60.14,56.63,48.87,48.87,53.02,42.43,42.43,42.43,42.43,46.94,46.94,46.94,46.94,46.94
"Norway, Kristiansund",15.05,15.05,15.05,15.07,15.12,10.37,17.48,17.48,9.2,9.2,9.2,9.2,9.2,9.2,9.2,9.2,,,,,,,,,,,,10.36,,,,,,,10.88,10.88,10.88,,,,,,,,,,,,,,,,,,,,,,,,,,,,,,,,,,,,,,,,,,,,,
"Norway, Kvinesdal",,,,,,,10.48,10.48,10.48,10.48,9.21,9.21,9.21,9.21,9.21,9.21,12.39,12.39,12.39,11.75,11.75,11.75,11.75,11.75,11.75,11.75,11.75,,,,,,,,,,,,,,11.11,11.11,11.11,11.11,11.11,11.11,11.11,12.22,12.22,10.48,10.48,8.57,8.57,8.57,,,,,,10.48,10.48,10.48,10.48,10.48,10.48,10.48,10.48,10.48,10.48,10.48,10.48,10.48,10.48,10.48,10.48,10.48,10.48,10.48,,,,
"Norway, Larvik",42.71,42.73,43.36,39.27,44.92,44.92,45.89,52.68,50.36,59.36,60.05,63.9,63.97,51.36,45.54,45.54,33.28,33.28,29.8,33.21,37.15,49.76,40.05,42.97,44.07,33.41,33.41,28.59,37.23,37.19,37.09,29.73,36.55,36.55,37.17,35.18,35.18,47.04,47.69,51.21,49.93,48.73,40.39,49.19,48.59,40.6,40.58,39.38,39.41,44.72,39.93,39.93,44.1,44.1,37.97,36.4,36.41,31.62,31.62,32.33,38.99,39.03,44.46,44.97,44.97,38.86,32.21,36.1,36.03,42,43.08,37.04,37.12,43.69,43.58,43.58,43.58,47.75,43.75,43.75,43.75,44.89
"Norway, Lyngdal",,,,,,,,,,,10.84,10.84,10.84,10.84,10.84,10.84,21.42,21.42,21.42,10.84,10.84,10.84,10.84,10.84,12.19,12.19,12.19,19.6,19.6,19.6,19.97,20.28,20.28,20.28,10.04,10.04,10.04,10.04,10.04,10.04,10.04,10.04,10.04,10.04,10.04,10.04,10.04,,,,,,,,,,,,,,,,,,,,,,,,,,,,,,,,,,,
"Norway, Maaloy",28.04,28.04,27.41,19.64,19.64,19.64,19.64,19.64,18.99,19.62,19.62,19.62,19.62,19.62,19.62,19.62,29.47,28.83,28.83,39,36.62,36.62,36.62,36.62,36.71,37.35,36.71,36.57,36.5,42.64,42,42,42.07,41.43,38.18,38.18,38.82,37.61,37.61,37.61,38.93,38.93,38.29,38.93,39.57,39.57,38.29,27.07,26.96,31.13,31.13,31.13,33.61,33.61,44.33,44.33,43.69,43.69,43.69,31.6,31.6,31.6,31.56,31.56,31.6,31.45,37.47,44.29,47.09,47.09,47.68,47.68,47.68,47.17,40.48,39.71,39.71,39.58,32.79,32.79,32.66,32.66
"Norway, Mo I Rana",,,,,,,,,,,,,,,,,,,,,,,,,,,,,,,,,,,,,,,,,,,,,,,,,,,,,,,,,,,,,,,,,,,,,,,,,,,,,,,19.93,19.93,19.93,19.93
"Norway, Molde",,,,,,,,,,,,,,,,,,,,,,,,,,,,,,,,,,,,,,,,,,,,,,,,,,,,13.83,13.83,13.83,13.83,13.83,13.83,13.83,20.86,20.86,20.86,20.86,20.86,20.86,20.86,20.86,20.86,20.86,20.86,20.86,20.86,20.86,20.86,10.64,10.64,10.64,10.64,10.64,10.64,10.64,10.64,10.64
"Norway, Mosjoen",7.76,7.76,7.76,7.76,7.76,7.76,7.76,7.76,7.76,,7.76,7.76,7.76,7.76,7.76,7.76,7.76,7.76,7.76,7.76,7.76,7.76,7.76,7.76,8.4,8.4,8.4,8.4,8.4,,,,,,,,,,,,,,,,,,11.63,11.63,11.63,11.63,12.17,12.17,11.57,11.57,11.57,11.57,11.57,11.57,11.57,11.57,11.57,11.57,11.57,11.57,11.57,11.57,11.57,11.57,11.57,11.57,11.57,11.57,11.57,11.57,11.57,11.57,11.57,11.57,11.57,11.57,11.57,11.57
"Norway, Moss",30.63,30.63,30.63,40.59,42.8,38.77,39.18,45.97,37.07,36.39,37.07,40.26,40.26,34.3,35.3,28.01,32.29,30.24,40.78,38.16,38.84,45.05,37.2,25.08,25.14,19.08,25.73,23.63,24.21,30.93,30.24,22.35,22.43,22.43,22.49,17.89,17.89,31.74,27.25,41.1,40.45,38.54,37.94,36.99,39.88,37.04,37.08,28.03,28.03,26.89,26.88,26.88,26.88,26.88,24.78,24.48,24.6,18.25,24.48,25.12,25.07,17.73,25.23,30.58,30.78,30.75,30.11,29.65,30.76,36.9,36.9,30.87,30.94,29.92,29.92,29.92,29.92,33.11,33.11,33.11,33.11,33.13
"Norway, Odda",,,,,,,,,,,,,,,,,,,,,,,,,,,,,,,,,,,,,,,,,,,,,,,,,,,,,,,,,10.09,10.09,10.09,10.09,10.09,10.09,10.09,10.09,10.09,10.09,10.09,10.09,10.09,,,,,,,,,,,,,
"Norway, Orkanger",10.92,10.92,10.92,12.57,12.57,12.57,16.51,16.51,16.51,15.49,15.86,15.86,15.86,15.86,15.86,15.86,15.86,15.86,15.86,13.44,13.44,13.44,13.44,13.44,,,,,,,,,,,,,,,,,,,,,,,,,,17.12,17.12,17.12,20.23,20.23,20.23,20.23,20.23,20.23,20.23,17.13,17.13,17.13,17.08,17.08,17.08,17.08,17.08,17.08,17.08,17.08,17.08,17.08,17.08,17.48,17.05,12.7,12.7,20.07,19.93,19.93,19.93,19.93
"Norway, Oslo",60.6,55.37,55.37,47.92,61.59,65.01,66.43,66.35,57.77,51.86,53.68,63.85,63.85,52.61,54.9,64.15,49.18,56.42,59.36,58.66,57.3,66.06,57.61,59.75,64.75,64.29,58.19,61.07,57.77,57.2,60.49,48.19,45.73,45.73,47.05,43.6,43.6,37.39,53.91,53.54,49.53,49.63,59.33,62.77,62.83,65.72,65.81,60.45,61.77,67.66,60.94,61.12,61.1,68.22,91.8,95.2,95.15,75.01,85.93,70.99,69.07,64.89,72.62,79.31,78.7,69.68,69.8,69.64,63.91,65.25,69.14,66.98,55.87,61.01,61.01,54.86,54.86,56.2,52.2,52.2,65.39,66.53
"Norway, Rorvik",,,,,,,,,,,,,,,,,,,,,,,,,,,,,,,,,,,,,,,,,,,,,,,11.63,11.63,11.63,11.63,12.17,12.17,,,,,,,8.68,8.68,8.68,8.68,8.68,8.68,,,,,,,,,,,,,,,,,,
"Norway, Salten",,,,,,,,,,,,,,,,,,,,,,,,,,,,,,,,,,,,,,,,,,,,,,,,,,16.92,16.92,17.06,12.52,12.52,12.52,12.52,12.52,12.52,12.52,12.52,12.52,12.52,13.33,13.33,13.33,13.33,13.33,13.33,13.3,13.3,13.3,13.3,13.3,13.31,13.31,13.31,13.31,19.43,19.93,19.93,19.93,19.93
"Norway, Sandnes",8.57,8.57,8.57,8.57,8.57,8.57,10.48,10.48,10.48,10.48,9.21,9.21,9.21,9.21,9.21,9.21,12.39,12.39,12.39,,,,,,,,,10.04,10.04,10.04,10.04,10.04,10.04,10.04,10.04,10.04,10.04,10.04,10.04,10.04,10.04,10.04,10.04,10.04,10.04,10.04,10.04,,,,,20.03,20.03,20.03,20.03,20.03,19.4,,,,,,,,,,,,,,,,,,,,,,,,,
"Norway, Sauda",10.92,10.92,10.92,,,,,,,9.96,10.84,10.84,10.84,10.84,10.84,10.84,10.84,10.84,10.84,10.84,10.84,10.84,10.84,10.84,12.19,12.19,12.19,10.84,10.84,20.79,11.21,11.52,11.52,11.52,10.48,10.48,10.48,11.11,11.11,11.11,11.11,11.11,11.11,11.11,11.11,11.11,11.11,12.22,12.22,,,,,,,,,,,10.48,10.48,10.48,10.48,10.48,10.48,10.48,10.48,10.48,10.48,10.48,10.48,10.48,10.48,10.48,10.48,10.48,10.48,10.48,,,,
"Norway, Skien",10.32,10.32,10.32,10.96,15.59,15.59,,,,,,,,,,,,,,,,,,,,,,,,,,,,,,,,,,,,,,,,,,,,,,,,,,,,,,,,,,,,,,,,,,,,,,,,,,,,
"Norway, Skogn",,,,,,,,,,,,,,,,,,7.8,7.8,7.8,7.8,7.8,7.8,7.8,7.8,7.8,7.8,8.43,8.43,8.43,,,,,,,,,,,,,,,,,,,,,,,,,,,,,,,,,,,,,,,,,,,,,,,,,,,,
"Norway, Skudeneshavn",,,,,,,,,,,,,,,,,,,,,,,,,,,,,,,,,,,,,,10.36,10.93,10.93,11.57,11.57,10.93,10.93,,,,,,,,,,,,,,,,,,,,,,,,,,,,,,,,,,,,,,
"Norway, Sola",,,,,,,10.57,10.57,10.57,10.57,10.57,10.57,10.57,,,,,,,,,,,,,,,,,,,,,,,,,,,,,,,,,,,,,,,,,,,,,,,,,,,,,,,,,,,,,,,,,,,,,
"Norway, Sortland",,,,,,,,,,,,,,,,,,,,,,,,10.82,10.82,8.98,8.98,8.98,8.98,9.61,9.61,9.61,9.61,9.61,9.61,9.61,9.61,12.94,12.94,12.94,12.94,12.94,12.94,12.94,12.94,,,,,13.79,13.79,13.95,,,,,,,,,,,,,,,,,,,,,,,,,,,,,,
"Norway, Stavanger",21.81,21.81,21.18,21.18,21.18,21.18,13.06,13.06,12.4,13.04,13.04,13.04,13.04,13.04,13.04,13.04,13.04,12.4,12.4,27.36,25.31,13.67,13.67,13.67,13.67,14.31,13.04,12.4,12.4,13.04,13.04,13.67,13.67,13.04,13.04,13.04,13.67,13.04,13.04,13.04,14.31,14.31,13.04,13.67,14.31,14.31,13.04,13.04,13.04,13.04,13.04,13.04,13.67,13.67,13.43,13.43,14.71,14.71,23,23,22.37,22.37,22.37,22.37,13.43,13.43,13.43,20.25,19.6,19.6,20.18,20.18,20.18,19.6,12.16,12.16,12.16,12.16,12.16,12.16,12.16,12.16
"Norway, Stokmarknes",,,,,,,,,,,,,,,,,,,,,,,,,,,,,,,,,,,,,,,,,,,,,,,,,,16.92,16.92,17.06,12.52,12.52,12.52,12.52,12.52,12.52,12.52,12.52,12.52,12.52,13.33,13.33,13.33,13.33,13.33,13.33,13.3,13.3,13.3,13.3,13.3,13.31,13.31,13.31,13.31,19.43,19.93,19.93,19.93,19.93
"Norway, Stord",,,,,,,,,,,,,,,,,,,,,,,,,,,,,,,,,,,,,,,,,11.11,11.11,11.11,11.11,11.11,11.11,11.11,,,,,,,,,,,,,11.58,11.58,11.58,,,,,,,,,,,,,,,,,,,,
"Norway, Sunndalsora",,,,12.57,12.57,12.57,12.57,12.57,12.57,15.49,15.86,15.86,15.86,15.86,15.86,15.86,15.86,15.86,15.86,13.44,13.44,13.44,13.44,13.44,,,,10.87,10.88,11.73,11.73,11.73,11.73,11.73,11.73,11.73,11.73,12.38,12.38,12.38,11.73,11.73,11.73,11.73,11.73,11.73,11.73,11.73,11.74,13.94,13.94,13.94,17.05,17.05,17.05,17.05,23.56,23.56,23.56,20.51,20.51,20.51,19.74,19.74,19.74,19.74,19.74,19.74,19.74,19.1,19.1,19.1,19.1,20.24,18.51,10.84,10.84,10.84,10.84,10.84,10.84,10.84
"Norway, Svelgen",,,,17.12,17.12,17.12,12.57,12.57,12.57,15.49,15.86,15.86,15.86,15.86,15.86,15.86,15.86,15.86,15.86,13.44,13.44,13.44,13.44,13.44,8.22,8.22,8.22,,,,,,,,10.89,10.89,10.89,10.93,10.93,10.93,10.93,10.93,10.93,10.93,10.93,10.93,10.93,10.93,10.93,16.92,16.92,17.06,12.52,12.52,12.52,12.52,12.52,12.52,12.52,12.52,12.52,12.52,13.33,13.33,13.33,13.33,13.33,13.33,13.3,13.3,13.3,13.3,13.3,13.31,13.31,13.31,13.31,19.43,19.93,19.93,19.93,19.93
"Norway, Svolvaer",,,,,,,,,,,,,,,,,,,,,,,,,,,,,,,,,,,,,,,,,,,,,,,,,,,,20.81,20.81,20.81,20.81,20.81,20.81,13.83,13.83,13.83,13.83,13.83,13.83,13.83,13.83,13.83,13.83,13.83,13.83,13.83,13.83,13.83,13.83,,,,,,,,,
"Norway, Tananger",11.47,19.19,19.19,24.1,23.71,23.71,23.74,23.74,23.74,23.53,23.64,23.64,24.27,24.27,24.27,24.27,16.63,16.63,16.63,29.93,29.93,29.93,29.93,29.93,31.13,31.13,31.13,40.94,51.47,39.98,38.28,44.27,44.27,44.27,43.43,43.43,43.43,44.66,44.73,44.73,46.84,46.84,46.76,46.76,39.55,39.55,39.55,34.31,33.47,46.75,46.75,58.16,58.16,58.16,72.83,72.83,77.43,74.08,77.88,80.38,80.39,80.73,74.89,74.89,75.25,74.78,80.8,80.8,84.9,79.73,79.73,79.73,79.73,70.55,70.66,70.52,70.52,74.27,59.4,59.4,64.54,64.54
"Norway, Tromso",,,,,,,,,,,,,,,,,,,,,,,,,,,,,,,,,,,,,,,,,,,,,,,,,,,,26.48,26.48,26.48,26.48,26.48,25.85,13.83,13.83,13.83,13.83,13.83,13.83,13.83,13.83,13.83,13.83,13.83,13.83,13.83,13.83,13.83,13.83,,,,,,,,,
"Norway, Trondheim",18.99,18.99,18.35,18.35,18.35,18.35,9.2,9.2,9.2,9.2,9.2,9.2,9.2,9.2,9.2,9.2,,,,,,,,,8.4,8.4,8.4,14.79,14.8,11.73,11.73,11.73,11.73,11.73,11.73,11.73,11.73,12.38,12.38,12.38,11.73,11.73,11.73,11.73,11.73,11.73,11.73,11.73,11.74,,,13.83,13.83,13.83,13.83,13.83,13.83,13.83,28.52,28.52,28.52,28.52,28.52,28.52,20.86,20.86,20.86,20.86,20.86,20.86,20.86,20.86,20.86,10.64,10.64,10.64,10.64,10.64,10.64,10.64,10.64,10.64
"Oman, Duqm",,,,,,,,,,,,,,,,,,,,,,,,,,,,,,,,,,,,,,,,,,,,,,,,,,,,,,,,,,,,22.98,22.98,22.35,17.57,17.57,18.34,34.17,34.08,34.21,35.8,35.8,59.09,64.36,63.45,43.05,,,25.74,25.74,21.29,26.78,28.03,
"Oman, Mina Qaboos (Muscat)",96.07,90.71,85.68,85.56,92.49,81.23,78.61,64.22,66.65,78.42,95.76,100.55,99.19,75.75,85.61,78.44,93.19,81.43,69.27,70.71,70.11,62.18,61.56,61.56,73.6,76.25,111.73,99.14,91.8,100.07,100.02,100.91,101.49,78.74,69.9,55.83,55.83,49.46,49.46,23.94,23.94,23.94,23.94,,,,,,,,,,,,,,,,,,,,,,,,,,,,,,,,,,,,,,,
"Oman, Salalah",166.56,170.05,164.16,190.56,193.02,205.55,209.9,211.36,192.2,197.69,260.16,268.88,257.73,282.09,239.47,248.37,224.23,250.31,259.13,260.46,261.46,229.21,250.78,242.3,233.51,243.49,271.1,258.85,260.76,249.52,246.38,246.13,249.53,279.91,266.29,241.84,224.11,217.76,217.41,224.54,268.81,260.07,247.8,266.37,265.99,277.47,304.74,318.1,322.47,285.63,260.36,259.12,266.37,277.66,249.6,254.57,247.45,259.58,268.14,270.83,269.4,253.95,256,260.11,251.28,248.51,248.3,233.1,239.37,226.83,222.51,228.56,133.44,139.89,148.89,140.71,174.8,226.54,231.08,236.91,235.57,214.65
"Oman, Sohar",,,,,13.52,24.38,25.01,25.01,19.25,19.25,25.86,29.72,25.87,53.79,63.28,40.88,40.87,40.87,18.58,44.54,52.34,51.52,43.8,43.8,62.62,62.28,47.97,49.75,82.58,96.14,102.76,99.32,93.19,98.19,101.96,98.05,87.84,116.32,124.89,142.71,149.15,143.72,136.78,117.58,114.02,122.92,131.06,148.89,149.04,142.57,158.96,189.35,181.78,168.9,163.92,162.61,155.13,156.31,163.38,170.58,152.96,167.43,172.85,153.58,172.33,174.31,177.67,176.23,182.99,188.06,189.12,204.81,211.15,200.95,177.22,187.02,196.44,190.91,189.27,194.52,178.23,154.79
"Pakistan, Gwadar",,,,,,,,,,,,,,,,,,,,,,,,,,,,,,,,,,,,,,,,,,,,,,,,,,22.7,22.76,22.76,22.76,22.76,22.76,22.5,22.5,22.5,20.58,19.6,19.6,19,19,19,19,19,19,19,19,19,18.42,18.42,18.61,19.61,19.69,20.32,16.65,16.65,16.65,,,
"Pakistan, Karachi",233.47,225.31,232.87,244.16,247.37,261.03,250.12,245.04,273.05,287.75,277.29,265.72,265.15,240.48,249.74,269.09,275.5,276.91,283.59,286.8,302.47,287.38,266.97,235.83,183.68,170.52,193.17,201.75,207.21,228.37,240.58,236.14,230.41,193.03,204.69,213.52,210.59,212.58,213.86,210.14,234,239.62,231.44,222.9,195.11,207.74,235.08,240.73,251.43,238.69,249.6,239.44,224.57,223.71,221.2,218.73,234.13,234.13,238.47,255.17,259.56,256.35,232.65,226.89,228.89,224.24,230.4,235.01,272.9,289.32,301.93,306.35,307.66,329.24,319.2,323.67,321.7,321.84,298.56,321.91,309.81,343.02
"Pakistan, Port Qasim",109.69,131.32,125.9,126.12,124.12,131,118.55,134.51,128.25,127.03,127.23,124.61,140.03,129.48,149.69,129.15,137.26,138.6,140.41,137.66,144.26,135.86,122.87,113.99,131.79,131.82,126.9,122.63,123.24,113.39,114.85,115.4,115.14,117.08,117.88,126.27,132.61,149.68,151.81,158.96,159.85,141.07,141.46,144.49,154.86,164.21,146.75,133.77,156.34,158.81,147.82,151.34,141.99,142.12,142.08,143.12,145.01,143.87,140.67,139.81,167.45,156.72,172.14,162.14,161.79,162.44,166.05,171.05,156.22,156.59,149.6,166.65,165.54,160.1,181.26,165.77,143.85,148.33,180.18,129.34,131.36,136.13
"Palau, Koror",20.38,20.38,19.79,19.79,19.09,19.09,19.09,21.63,21.63,21.77,25.43,25.43,19.02,22.92,22.92,22.9,23.55,23.5,23.5,23.5,23.51,15.33,15.37,15.37,15.37,15.37,15.37,15.37,15.37,16.28,16.28,16.28,16.29,16.29,16.29,16.29,16.29,16.29,,,,16.08,16.07,16.07,15.92,15.99,15.99,15.99,15.98,15.98,15.93,15.93,14.65,14.65,13.36,13.36,13.36,11.72,11.72,11.72,11.72,11.72,11.72,11.09,11.09,11.09,11.09,11.08,11.08,11.08,11.08,11.08,11.08,11.07,11.07,11.07,11.07,11.07,11.07,11.07,11.07,11.07
"Panama, Almirante",,,,,,,,,,,,,,,,,,,,8.43,8.43,8.43,8.43,8.43,27.03,27.03,27.03,27.03,26.57,26.57,26.57,34.28,34.92,34.92,34.92,34.92,30.8,30.8,30.8,30.78,30.78,30.15,30.15,30.13,30.14,30.14,30.14,30.14,16.91,16.27,9.86,9.86,18.86,18.86,18.86,17.59,19.5,28.68,27.36,27.36,35.85,35.85,35.85,35.21,26.04,25.06,25.06,25.06,25.06,25.06,25.64,25.64,25.83,25.86,25.86,35.06,34.99,34.99,34.99,34.6,34.6,34.6
"Panama, Balboa",102.86,126.93,133.07,134.9,142.95,151.65,153.92,160.55,160.57,167.17,211.41,211.97,194.27,191.89,222.65,219.59,222.74,221.15,226.66,226.78,229.59,229.25,231.64,267.45,283.28,270.27,254.71,260.49,271.61,256.57,251.7,249.62,239.05,238,250.28,263.9,263.7,272.08,267.71,279.07,286.28,274.21,249.81,260.08,266.44,265.21,260.03,262.07,257.65,245.65,220.72,236.64,239.16,240.09,258.57,267.85,240.96,236.25,236.92,236.75,237.05,229.78,239.9,222.31,219.55,231.8,220.37,221.28,221.21,243.45,268.5,258.96,255.32,248.89,231.53,240.9,208.63,209.19,234.08,236.4,210.36,215.66
"Panama, Coco Solo",,,,,,,,,,,,,,,,,,,,,,,,,,,,,,,,,,,,,,,,,,,,18.52,18.43,18.43,27.2,35.53,35.53,34.26,25.87,26.02,26.01,26.01,26.01,25.47,28.39,28.39,26.46,26.46,26.49,26.49,29.25,26.5,27.23,27.23,27.24,27.24,27.21,14.7,14.7,14.7,20.94,21.48,15.24,15.24,15.24,15.24,15.24,,,
"Panama, Colon",85.52,90.16,101.71,102.38,106.33,117.62,115.48,121.93,122.53,102.13,83.68,83.04,83.06,80.4,71.63,74.12,73.56,70.49,84.63,80.91,74.34,74.34,74.08,98.78,101.29,109.89,81.54,96.28,96.07,85.8,75.73,76.77,92.51,91,103.61,95.43,80.42,96.06,96.61,105.21,95.23,94.55,156.42,139.7,137.04,149.93,139.23,116.42,121.77,147.19,141.97,121.22,121.22,121.9,148.98,161.38,162.73,165.64,164.7,160.43,147.03,147.32,146.97,155.28,154.62,157.86,158.12,159.54,151.06,142.14,134.59,134.97,142.83,134.59,135.71,135.18,147.93,148.63,149.74,149.47,148.78,148.7
"Panama, Cristobal",66.04,56.67,48.86,48.2,49.2,49.2,46.77,47.23,29.78,41.41,55.65,59.78,71.59,34.77,80.54,81.25,81.26,83.21,78.23,82.96,87.95,103.03,123.76,102.26,117.07,134.79,145.18,134.83,138.64,146.59,140.68,140.87,126.61,124.76,130.09,134.58,139.59,136.11,151.44,149.72,148.06,140.72,121.99,126.25,136.66,132.85,127.29,124.31,121.84,120.7,127.27,158.71,155.58,156.89,156.4,141.26,147.9,164.23,158.72,155,150.72,145.21,156.04,164.81,159.92,159.79,165.91,167.12,159.19,167.8,194.99,199.24,178.3,197.59,215.2,209.42,193.53,181.11,190.68,195.32,196.41,198.08
"Panama, Manzanillo (PA)",198.31,192.2,198.96,206.61,199,190.59,202.96,199.28,197.73,221.22,238.03,255.27,240.74,242.64,252.96,247.4,257.77,242.76,241.65,251.94,279.01,274.97,263.31,299.63,287.17,295.21,306.7,295.79,292.38,302.44,317.28,320.67,302.43,296.56,285.37,291.25,284.32,285.79,299.55,312.31,292.86,290.16,292.04,286.28,315.73,284.28,299.69,304.71,308.53,330.43,308.77,314.04,326.54,335.78,347.5,341.1,309.47,314.72,306.69,306.56,307.88,318.05,316.05,311.89,304.59,297.02,287.94,289.3,297.33,306.74,304.45,306.5,283.39,295.05,317.44,316.25,308.15,301.62,314.44,324.19,337.29,334.11
"Panama, Panama",,,,,,,,13.67,13.67,13.67,13.67,13.67,10.33,10.33,10.33,10.33,10.33,10.33,10.33,10.33,10.33,11.88,11.88,10.33,10.33,10.33,17.35,11.11,11.11,11.11,11.11,11.11,11.11,11.11,11.11,11.11,11.11,11.11,11.11,11.11,11.11,11.11,13.31,13.31,13.31,13.31,13.31,13.31,13.31,13.31,13.31,13.31,13.31,13.31,13.31,13.31,13.31,13.31,13.31,13.31,13.31,13.31,13.31,13.31,13.31,13.31,13.31,13.31,13.31,13.31,13.31,13.31,13.31,13.33,7.6,7.6,7.6,7.6,7.6,7.6,7.6,7.6
"Panama, Rodman",,,,,,,,,,,,,,,,,,,,,,,,,,,,,,,,,,,,,,,,,,,,,,,18.47,18.47,18.47,18.52,83.54,89.38,83.59,83.43,83.32,99.91,103.5,116.61,137.1,142.97,145.62,138.68,138.78,135.77,139.45,137.44,119.75,137.68,138.44,135.76,140.12,140.35,130.57,143.26,165.22,164.59,181.26,181.99,170.48,170.46,200.44,209.15
"Papua New Guinea, Alotau",,,,,,14.99,,,,,14.96,,,,12.93,12.93,12.93,12.93,12.9,12.9,12.9,14.85,14.85,14.4,14.4,,,,,,,,18.22,18.22,18.22,28.52,28.52,28.46,29.66,28.37,28.37,28.37,28.37,28.41,23.52,24.44,24.44,24.44,24.44,24.44,25.82,25.82,25.82,25.82,25.82,9.79,9.79,9.79,9.79,9.79,9.79,9.79,9.79,9.79,9.79,9.79,9.79,9.79,9.79,9.79,9.79,9.79,9.79,9.78,9.78,9.78,9.78,9.78,9.78,9.78,9.78,9.78
"Papua New Guinea, Buka",,,,,,,,,,,,,,,,,,,,,,,,,,,,,,,,,,,,9.51,9.51,10.4,10.4,10.4,10.4,10.4,10.4,10.4,9.46,9.79,9.79,9.79,9.79,9.79,9.79,9.79,9.79,9.79,9.79,9.79,9.79,9.79,9.79,9.79,9.79,9.79,9.79,9.79,9.79,9.79,9.79,9.79,9.79,9.79,9.79,9.79,9.79,9.78,9.78,9.78,9.78,9.78,9.78,9.78,9.78,9.78
"Papua New Guinea, Kavieng",,,,,,14.99,,,,,14.96,,,,12.93,12.93,12.93,12.93,12.9,12.9,12.9,14.85,14.85,14.4,14.4,,,,,,,,,,,,,,,,,,,,,,,,,,,,,,,,,,,,,,,,,,,,,,,,,,,,,,,,,
"Papua New Guinea, Kieta",,,,,,,,,,,,,,,,,,,,,,,,,,,,,,,,,,,,9.51,9.51,10.4,10.4,10.4,10.4,10.4,10.4,10.4,,,,,,,,,,,,,,,,,,,,,,,,,,,,,,,,,,,,,,
"Papua New Guinea, Kimbe",24.23,26.77,33.8,36.38,36.38,36.38,36.38,11.66,11.66,11.66,11.66,16.34,16.34,16.34,20.02,20.02,20.02,20.02,12.9,12.9,12.9,14.85,14.85,14.4,14.4,,,,,,,15.2,24.44,24.44,24.44,24.44,24.44,16.15,16.15,16.14,16.11,16.11,16.14,16.15,28.34,36.47,30.7,39.18,39.86,39.86,31.7,31.7,31.7,31.7,31.54,33.68,33.68,33.68,33.68,37.26,31.03,31.04,31.04,19.21,19.21,19.21,30.16,30.16,29.96,28.82,28.82,28.82,28.82,33.42,33.42,33.45,33.45,33.45,33.45,33.44,33.44,33.44
"Papua New Guinea, Lae",66.7,78.61,83.97,86.55,86.6,81.91,86.47,89.79,87.23,87.23,88.71,80.14,78.89,78.39,64.49,64.52,61.95,62.59,66.01,62.89,66.68,63.89,67.1,70.34,71.61,70.54,81.41,81.41,84.21,85.73,88.13,86.93,94.61,95.46,93.02,102.73,102.71,107.43,110.43,107.85,107.82,107.82,119.88,119.93,129.35,130.81,129.81,125.94,123.77,122.12,118.52,114.32,114.38,114.32,113.83,111.05,111.04,112.09,112.08,116.91,117.3,117.6,117.6,115.33,115.33,114.58,114.59,114.57,120.45,126.95,127.73,128.03,128.03,128.39,128.39,128.36,128.36,128.38,128.33,131.73,131.04,131.04
"Papua New Guinea, Lihir Is",,8.44,8.44,8.44,8.44,8.44,8.44,13.42,13.42,20.8,28.82,20.79,20.79,20.82,28.03,28.03,28.03,28.03,30.86,31.57,31.6,31.78,31.78,29.6,29.6,23.69,23.69,23.69,23.69,23.69,24.3,24.95,24.95,24.95,24.95,24.95,24.95,16.69,16.69,13.39,13.39,13.39,16.1,16.1,16.1,16.1,15.44,25.2,25.21,25.21,26.2,26.2,26.2,26.2,16.44,36.36,35.72,41.32,41.31,35.38,35.4,35.67,35.67,32.65,32.65,32.54,37.52,37.5,32.14,24.99,24.99,24.99,24.99,24.99,24.99,24.99,24.99,24.99,24.99,24.99,24.99,24.99
"Papua New Guinea, Madang",28.65,34.63,35.27,37.85,37.9,44.61,47.58,52.39,49.8,49.8,54.11,55.29,55.31,52.97,34.2,31.69,31.69,31.69,23.86,24.81,27.86,29.14,34.93,30.79,30.79,26.11,31.66,31.66,34.9,32.9,32.9,32.9,41.23,37.88,37.88,36.34,36.34,41.04,42.23,42.2,42.2,42.2,36.21,36.25,36.43,43.22,43.22,43.22,43.55,43.55,45.25,45.24,45.73,45.25,45.25,41.34,41.33,43.85,43.85,34.57,46.15,46.15,46.15,46.23,46.23,45.55,46.19,46.19,46.83,35.18,35.18,35.18,35.18,35.55,35.55,35.53,35.53,35.55,35.55,35.55,35.53,35.53
"Papua New Guinea, Motukea Island",,,,,,,,,,,,,,,,,,,,,,,,,,,,,,,,,,,,,,,,,,,,,,,,,,,15.41,15.35,17.12,15.41,26.45,36.48,36.48,43.83,45.03,35.85,39.17,39.17,39.17,36.78,36.78,36.74,36.74,36.74,36.74,48.37,49.67,56.23,56.23,56.06,56.06,56.06,56.13,56.13,55.5,55.41,63.92,63.92
"Papua New Guinea, Oro Bay",15.83,15.83,15.83,15.83,15.83,23.18,15.83,,,,14.96,,,,12.93,12.93,12.93,19.25,19.84,19.84,19.84,21.16,21.16,20.24,20.24,11.01,11.01,11.01,11.01,11.01,10.26,10.26,23.4,23.4,23.4,23.4,23.4,28.97,30.17,23.7,23.7,23.7,23.7,23.74,22.86,23.45,23.45,23.45,23.45,23.45,24.83,24.83,24.83,24.83,24.83,19.5,19.5,22.16,22.16,22.18,6.89,6.89,6.89,6.89,6.89,6.89,6.89,6.89,6.89,6.89,6.89,6.89,6.89,6.89,6.89,6.89,6.89,6.89,6.89,6.89,6.89,6.89
"Papua New Guinea, Port Moresby",44.43,54.43,54.43,54.43,54.48,64.86,70.38,71.25,71.28,71.28,70.85,73.73,72.36,67.1,69.96,69.98,67.42,68.05,71.56,69.08,72.24,69.44,72.65,75.25,76.99,89.5,93.31,95.31,90.45,97.15,102.14,104.57,107.48,108.4,105.38,112.3,109.9,111.11,111.17,105.9,105.9,105.91,107.37,107.42,105.66,105.34,110.61,106.75,104.58,102.29,96.77,92.57,92.57,92.57,84.82,70.38,69.74,63.69,63.64,76.11,76.75,76.77,70.92,71.01,71.01,70.3,70.3,70.28,69.7,61.97,62.05,62.06,62.06,62.32,62.32,62.3,62.21,62.24,62.24,71.53,64.24,64.24
"Papua New Guinea, Rabaul",24.06,36.25,30,32.59,32.59,41.14,42.77,42.77,40.22,34.58,39.46,27.8,27.8,29.46,26.29,31.43,31.43,40.91,30.07,23.65,23.65,28.79,36.85,41.85,43.12,41.45,46.53,46.53,48.87,46.24,46.24,53.92,57.42,57.76,52.74,52.82,52.82,47.84,49.04,49.13,49.13,49.13,49.13,49.17,56.54,54.36,54.36,61.68,61.73,61.66,48.34,40.64,40.64,40.64,40.64,40.64,40.64,40.64,40.64,40,41.82,41.82,41.82,41.85,41.85,41.81,47.48,47.48,47.48,55.58,58.16,48.73,48.73,48.53,48.53,48.57,48.57,48.57,47.96,47.94,47.94,47.94
"Papua New Guinea, Vanimo",,,,,,,,,,,,,,,,,,,,7.58,7.58,7.58,7.58,7.58,7.58,7.58,7.58,7.58,7.58,7.58,7.58,7.58,,,,,,6.76,6.76,6.76,6.76,6.76,6.76,6.76,,,,,,,,,,,,,,,,,,,,,,,,,,,,,,,,,,,,,,
"Papua New Guinea, Wewak",,,,,,,,,,,,,,,,,,,,,,,,,,,7.65,7.65,7.65,7.65,7.65,7.65,7.65,7.65,7.65,14.52,14.52,13.69,13.69,13.69,13.69,13.69,13.69,13.69,14.38,23.84,23.84,24.47,24.47,23.84,23.84,23.84,23.84,23.84,23.84,23.84,23.82,23.82,23.82,23.82,24.47,24.47,24.47,24.51,24.51,23.88,23.88,23.88,14.85,14.85,14.85,14.85,14.85,14.93,14.93,14.93,14.93,14.93,14.93,14.93,14.93,14.93
"Paraguay, Asuncion",,,,,,,,10.99,10.99,10.99,10.99,10.99,11.15,11.15,11.15,11.15,11.15,11.15,11.15,11.15,11.15,11.14,11.14,11.14,11.14,11.14,11.14,9.47,9.47,9.47,9.47,9.47,9.47,9.47,9.47,9.47,9.47,9.47,9.47,9.47,9.47,9.47,9.47,9.47,9.47,9.47,9.47,9.47,9.47,9.47,15.36,15.36,15.36,15.36,15.36,20.47,20.47,20.47,20.47,20.47,20.47,20.47,20.47,20.47,20.47,20.47,20.47,20.47,20.47,20.47,20.47,20.47,20.47,20.39,20.39,20.39,20.39,20.39,20.39,20.39,20.39,20.39
"Peru, Callao",197.46,213.91,215.36,210.19,205.5,207.46,207.86,204.12,205.67,209.05,209.06,208.31,221.2,234.1,236.65,230.43,232.54,236.91,229.74,251.7,250.34,256.71,250.16,255.75,240.89,240.91,253.28,245.99,249.74,260.81,258.62,257.38,254.78,258.1,265.77,269.26,267.63,265.67,274.83,281.08,265.37,265.64,259,262.43,264.99,254.19,256.98,262.32,260.85,266.34,272.06,278.05,277.35,278.62,268.89,272.04,271.56,273.93,265.16,261.94,265.55,266.47,272.18,251.75,250.03,243.78,244.81,252.59,260.12,264.54,279.36,286.84,294.82,292.91,291.81,290.29,280.72,286.8,287.26,296.99,288.25,302.3
"Peru, Chancay",,,,,,,,,,,,,,,,,,,,,,,,,,,,,,,,,,,,,,,,,,,,,,,,,,,,,,,,,,,,,,,,,,,,,,,,,,,,,70.37,77.72,88.72,90.1,93.73,111.95
"Peru, Ilo",41.96,41.96,23.6,39.8,34.38,45.28,43.26,43.28,32.55,41.35,43.58,36.11,36.11,21.62,21.62,,17.09,17.09,15.81,16.49,16.49,16.49,15.85,18.4,28.22,28.09,,,,,,,,,,,,,,,24.34,24.39,29.23,34.51,34.51,20.6,20.89,20.89,20.89,20.89,18.95,18.95,20.47,20.47,20.67,20.67,21.39,21.42,20.01,20.01,20.01,20.01,20.01,13.51,13.51,13.51,13.51,13.51,13.51,12.78,12.78,12.78,12.78,13.51,13.51,13.51,13.51,13.51,13.51,24.3,16.9,21.74
"Peru, Iquitos",,,,,,,,,,,,,,,,,,,,,,,,,,,,10.27,10.27,10.27,10.27,12.2,12.2,12.2,12.2,12.2,12.2,12.2,12.2,12.2,12.2,12.2,12.2,12.2,12.2,12.2,12.2,12.2,12.2,12.2,12.2,12.2,12.2,12.2,12.2,12.2,12.2,12.2,12.2,12.2,12.2,12.2,12.2,12.2,12.2,12.2,12.2,12.2,12.2,12.2,12.2,12.2,12.2,12.2,12.2,12.2,12.2,12.2,12.2,12.2,12.2,12.2
"Peru, Matarani",18.06,18.06,18.06,18.7,18.7,26.02,20.3,20.3,20.3,20.3,20.3,20.3,20.3,20.3,20.3,20.16,19.61,19.75,19.75,19.92,19.92,19.92,18.13,15.15,15.15,18.53,18.53,17.96,16.6,16.6,15.86,15.82,15.82,15.88,15.63,15.63,15.63,15.62,15.62,15.62,16.4,15.77,21.67,23.8,22.39,9.95,9.95,9.95,9.95,9.95,9.95,9.95,12.22,12.22,28.77,22.77,22.77,22.8,20.72,23.03,23.03,23.04,23.04,13.51,13.51,13.51,13.51,13.51,13.51,12.78,12.78,12.78,12.78,13.51,13.51,13.51,13.51,13.51,13.51,24.3,16.9,21.74
"Peru, Paita",56.72,47.34,47.99,47.98,49.04,60.28,50.16,48.44,48.59,55.05,63.5,55.64,58.15,53.7,76.28,76.8,76.79,79.41,98.47,100.62,114.04,117.43,114.52,100.99,60.7,95.51,82.83,72.76,97.37,97.8,101.42,100.86,75.6,76.74,76.74,75.46,75.46,74.12,74.99,70.43,70.44,65.63,71.34,105.98,84.12,49.28,59.46,81.94,80.7,55.6,56.89,57.49,91.45,91.51,90.42,106.17,103.17,98.67,75.61,117.95,123.49,108.15,112.07,140.23,81.88,106.66,103.31,103.91,117.67,105.17,110.94,130.09,112.16,139.1,140.33,125.74,118.11,123.36,114.99,115.03,139.04,138.29
"Peru, Pisco",,,,,,,,,,,,,,,,,,,,,,,,,,,,,,,,,,,,,,,,,15.27,15.27,,13.75,13.75,22.37,22.36,18.41,18.41,,,,,,,18.61,17.82,17.82,18.63,18.63,17.18,17.18,17.18,17.8,20.35,20.35,20.35,20.35,25.03,,19.84,67.2,69.97,67.9,59.58,65.36,99.3,69.61,69.62,78.3,88.02,88.01
"Peru, Salaverry",12.89,13.53,12.95,12.95,12.32,12.32,15.82,15.82,15.82,14.34,15.82,15.82,15.82,,,,,,,,,,,,,,,,,,,,,,,,,,,,,,,,,,,,,,,,,,,,,,,,,,,,,,,,,,,,,,18.13,18.13,,,,,,
"Philippines, Bacolod",12.37,12.37,12.37,12.37,12.37,12.37,12.37,8.6,8.6,8.6,19.32,25.48,21.91,19.3,19.94,19.94,19.31,19.35,19.35,19.35,8.6,8.6,8.6,8.6,8.6,8.6,8.6,8.6,8.6,8.6,8.6,8.6,8.6,8.6,8.6,15.07,8.82,8.82,8.82,15.28,15.28,15.28,15.28,15.35,15.35,15.35,15.35,15.35,15.35,15.35,15.35,15.35,15.35,15.35,15.35,15.35,15.35,15.35,15.35,15.35,15.35,15.35,15.35,15.35,15.35,15.35,15.35,15.35,15.35,15.35,15.35,15.35,15.35,15.6,15.6,16.2,16.2,16.2,16.2,16.2,16.2,16.2
"Philippines, Batangas",13.28,13.28,14.03,14.03,14.03,,,,,,,,,,,,,,,,,,,,,,,17.55,18.45,18.45,18.49,18.46,18.46,23.98,26.16,47.93,34.29,45.24,36.81,68.09,73.15,83.68,84.16,66.73,76.93,64.07,66.49,67.23,78.43,91.85,90.8,87.06,86.37,92.46,89.8,92.2,83.49,92.47,113.29,103.7,103.47,97.56,96.57,87.65,87.89,88.13,83.48,84.09,97.66,95.43,101.52,106.69,107.77,113.26,100,103.28,107.37,109.79,109.8,113.56,117.36,109.44
"Philippines, Bugo",13.28,13.28,14.03,14.03,14.03,13.45,14.33,14.33,14.33,14.37,14.37,14.37,14.37,15,15,19.32,16.48,16.48,16.54,16.49,16.49,14.37,14.38,14.38,15.02,15.02,15.02,15.02,15.02,15.02,,,,,,,,,,,,,,,,,,,,,,,,,,,,,,,,,,,,,,,,,,,,,,,,,,,,
"Philippines, Butuan",,,,,,,,,,,,,,,,,10.33,10.33,,,,,,,,,,,,,,,,,,,,,,,,,,,,,,,,,,,,,,,,,,,,,,,,,,,,,,,,,,,,,,,,
"Philippines, Cagayan de Oro",38.05,38.05,38.7,38.7,38.7,38.12,42.44,38.67,38.67,32.83,37.13,43.28,58.15,60.61,57.43,70.51,63.43,73.5,78.41,79.03,80.65,81.43,82.58,77.71,69.38,69.91,69.91,91.96,92.31,93.5,89.07,89.07,79.63,94.28,94.28,93.52,89.3,87.77,96.95,110.85,109.57,108.03,108,107.77,117.18,107.13,107.31,112.96,114.07,114.07,123.86,123.54,123.53,131.94,131.78,130.03,141.16,136.11,130.03,131.49,133.85,147.11,146.04,140.33,138.83,139.19,138.96,143,141.23,141.31,150.4,151.33,149.09,148.36,153.35,150.9,150.94,151.31,150.18,148.37,156.69,153.61
"Philippines, Cebu",75.84,75.84,75.79,73.54,70.07,72.66,71.77,87.52,87.54,81.08,80.05,86.24,95.42,90.27,99.5,105.97,100.08,111.21,117.03,117,116.37,117.2,122.08,111.22,100.74,100.34,106.4,106.42,106.71,108,108.23,105.48,111.69,118.58,118.08,110.23,97.08,115.6,110.87,133.77,138.13,155.99,142.72,144.45,137.13,145.81,144.36,144.36,139.34,135.49,145.5,150.39,140.88,140.36,144.98,145.73,155.3,150.7,122.99,131.05,144.97,145.74,139.53,134.67,136.72,133.05,130.39,137.91,130.05,136.19,131.86,140.15,135.35,135.87,152.81,150.46,150.46,157.11,156.01,153.75,145.63,148.72
"Philippines, Cotabato",17.35,17.35,17.35,17.35,17.35,17.35,17.35,17.35,14.67,14.67,8.16,8.16,8.16,8.16,8.16,8.16,8.16,8.16,8.16,8.16,8.16,8.16,8.16,8.16,8.16,8.16,8.16,8.16,8.16,8.16,8.16,8.16,8.16,8.16,8.16,11.16,11.16,11.16,11.16,11.16,11.16,11.16,11.16,11.16,11.16,11.16,11.16,11.16,11.16,11.16,11.16,11.16,11.16,11.16,11.16,11.16,11.16,11.16,11.16,11.16,11.16,11.16,11.16,11.16,11.16,11.16,11.16,11.16,11.16,11.16,11.16,11.16,11.16,11.14,11.14,11.14,11.14,11.14,11.14,11.14,11.14,11.14
"Philippines, Dadiangas",45.14,45.14,45.14,42.58,45.15,45.23,45.23,54.45,57.25,58.12,60.21,60.21,68.74,65.73,63.18,72.91,72.91,62.56,62.78,56.73,56.51,56.48,56.49,56.49,56.49,56.4,55.65,58.62,58.6,58.72,65.07,62.54,62.55,69.44,63.68,77.6,83.54,87.77,85.92,94.28,87.15,91.34,105.08,106.19,106.36,103.32,102.7,95.76,95.5,102.24,102.19,101.58,102.9,103.21,93.8,93.79,87.57,83.61,81.6,82.23,74.07,76.43,84.29,82.27,82.36,81.44,74.82,68.21,58.2,73.95,79.73,73.3,73.3,72.56,72.99,72.51,72.6,78.84,77.76,74.65,74.83,74.83
"Philippines, Davao",64.89,64.89,65.54,62.98,65.53,64.38,65.26,73.98,77.26,77.51,80.2,80.2,92.2,95.38,111.26,116.95,115.09,108.28,117.1,112.84,114.1,121.54,117.47,117.49,117.49,125.53,142.99,145.37,145.54,148.95,148.83,146.45,146.37,148.98,154.95,142.75,151.34,155.38,152.35,147.28,137.15,162.99,163.57,163.32,164.66,160.49,158.08,151.73,153.59,154.94,164,165.3,165.76,164.87,168.25,155.48,162.36,150.02,136.09,136.14,139.33,136,141.86,131.88,137.63,128.93,122.43,126.91,128.03,134.15,144.95,148.59,163.12,164.93,167.29,160.44,155.53,156.29,153.3,157.58,160.18,154.22
"Philippines, Dumaguete",15.63,15.63,15.63,15.63,15.63,15.63,15.63,15.63,15.63,15.63,9.24,9.24,9.24,9.24,9.24,9.24,9.24,9.24,9.24,9.24,,,,,,,,,,,,,,,,9.53,9.53,9.53,9.53,16.1,16.1,16.1,16.1,16.1,16.1,16.1,16.1,16.1,16.1,16.1,16.1,16.1,16.1,16.1,16.1,16.1,16.1,16.1,16.1,16.1,16.1,16.1,16.1,16.1,16.1,16.1,16.1,16.1,16.1,16.1,16.1,16.1,16.1,16.81,16.81,16.93,16.93,16.93,16.93,16.93,16.93,16.93
"Philippines, Iloilo",22.7,22.7,22.7,22.7,22.7,22.7,22.7,19.56,19.56,19.56,19.56,19.56,19.56,19.56,19.56,19.56,19.56,19.56,19.56,19.56,15.61,15.61,15.61,15.61,15.61,15.61,15.61,27.57,29.37,29.37,29.37,29.37,29.37,43.37,43.37,48.58,44.92,44.92,44.92,51.58,51.58,51.58,51.58,51.1,51.1,51.1,51.1,51.1,51.1,51.1,51.1,51.1,51.1,51.1,51.1,51.1,51.1,51.1,51.1,51.1,51.69,51.69,51.69,51.69,51.69,51.69,51.69,51.69,51.69,51.69,59.16,59.58,60.17,60.17,78.15,80.91,80.91,70.98,67.44,67.44,67.5,70.7
"Philippines, Manila",344.28,323.22,316.65,326.45,322.03,325.19,345.64,349.25,335.73,318.47,300.57,321.92,334.12,313.02,317.5,311.4,310.29,333.89,342.7,342.5,344.04,353.95,350.19,334.13,326.32,317.51,338.47,356.33,359.35,362.11,367.97,375.97,365.49,383.14,362.87,329.74,322.43,343.3,344.08,392.56,405.66,415.91,417.12,429.83,431.7,421.16,429.78,417.28,423.43,407.38,413.32,416.59,415.54,414.87,417.7,404.32,400.6,401.2,394.85,408.82,383.27,395.31,405.81,386.36,370.88,370.5,397.67,416.17,441.9,443.56,462.82,475.43,468.91,464.44,464.01,465.28,474.89,467.07,466.35,466.63,480.27,475.79
"Philippines, Mindanao Terminal",,,,,,,,,,,,,,,,,,,,16.2,16.2,16.21,16.21,16.21,,,,,,,,,,,,8.82,8.82,8.82,8.82,8.82,8.82,8.82,8.82,8.89,8.89,8.89,8.89,8.89,8.89,8.89,8.89,8.89,8.89,8.89,8.89,8.89,8.89,8.89,8.89,8.89,8.89,8.89,8.89,8.89,8.89,8.89,8.89,8.89,8.89,8.89,8.89,8.89,8.89,9.14,9.14,9.14,9.14,9.14,9.14,9.14,9.14,9.14
"Philippines, Nasipit",,,,,,,,,,,,,,,,,,,,,,,,,,,,,,,,,,,,,,,,8.84,8.84,8.84,8.84,8.84,8.84,8.84,8.84,8.84,8.84,8.84,8.84,8.84,8.84,8.84,8.84,8.84,8.84,8.84,8.84,8.84,8.84,8.84,8.84,8.84,8.84,8.84,8.84,8.84,8.84,8.84,8.84,8.84,8.84,8.84,8.84,8.84,8.84,8.84,8.84,,,
"Philippines, Ozamiz",7.38,7.38,7.38,7.38,7.38,7.38,7.38,7.38,7.38,7.38,,,,,,,,,,,,,,,,,,,,,,,,,,,,,,11.36,11.36,11.36,11.36,11.36,11.36,11.36,11.36,11.36,11.36,11.36,11.36,11.36,11.36,11.36,11.36,11.36,11.36,11.36,11.36,11.36,11.36,11.36,11.36,11.36,11.36,11.36,11.36,11.36,11.36,11.36,11.36,11.36,11.36,11.36,11.36,13.01,13.01,13.01,13.01,13.01,13.01,13.01
"Philippines, Polloc",,,,,,,,,,,,,,,,,,,,,,,,,,,,,,,,,,,,,,,,9.02,9.02,9.02,9.02,9.02,9.02,9.02,9.02,9.02,9.02,9.02,9.02,9.02,9.02,9.02,9.02,9.02,9.02,9.02,9.02,9.02,9.61,9.61,9.61,9.61,9.61,9.61,9.61,9.61,9.61,9.61,9.61,9.61,9.61,9.6,9.6,9.6,9.6,9.6,9.34,9.34,9.34,9.34
"Philippines, Puerto Princesa",,,,,,,,,,,,,,,,,,,,,,,,,,,,,,,,,,9.53,9.53,9.53,9.53,9.53,9.53,9.53,9.53,9.53,9.53,9.53,9.53,9.53,9.53,9.53,9.53,9.53,9.53,9.53,9.53,9.53,9.53,9.53,9.53,9.53,9.53,9.53,9.53,9.53,9.53,9.53,9.53,9.53,9.53,9.53,9.53,9.53,9.53,9.53,9.53,9.53,9.53,9.53,9.53,9.53,9.53,9.53,9.53,9.53
"Philippines, Roxas",,,,,,,,,,,,,,,,,,,,,,,,,,,,,,,,,,8.84,8.84,8.84,8.84,8.84,8.84,8.84,8.84,8.84,8.84,8.84,8.84,8.84,8.84,8.84,8.84,8.84,8.84,8.84,8.84,8.84,8.84,8.84,8.84,8.84,8.84,8.84,8.84,8.84,8.84,8.84,8.84,8.84,8.84,8.84,8.84,8.84,8.84,8.84,8.84,9,9,9,9,9,9,9,9,9
"Philippines, Subic Bay",20.38,28.44,28.9,41.95,42.53,41.05,41.05,40.91,40.91,27.65,20.78,34.85,35.61,35.61,24.85,24.85,24.85,24.85,26.31,39.69,39.69,39.69,39.63,39.63,38.28,36.23,34.76,34.76,28.1,28.74,36.03,35.99,35.99,42.17,38.61,38.7,73.29,78.46,78.25,76.41,76.02,65.9,66.12,77.48,79.41,93.14,95.79,95.98,96.49,93.64,88.43,92.53,98.04,114.63,115.46,103.74,95.54,102.49,89.82,79.57,87.84,80.07,79.63,90.7,92.76,92.79,91.12,101.22,105.73,118.22,122.86,127.53,123.75,125.58,136.63,133.81,129.79,131.27,130.21,140.33,138.99,135.12
"Philippines, Surigao",,,,,,,,,,,,,,,,,,,,,,,,,,,,,,,,,,,,,,,,8.84,8.84,8.84,8.84,8.84,8.84,8.84,8.84,8.84,8.84,8.84,8.84,8.84,8.84,8.84,8.84,8.84,8.84,8.84,8.84,8.84,8.84,8.84,8.84,8.84,8.84,8.84,8.84,8.84,8.84,8.84,8.84,8.84,8.84,8.84,8.84,8.84,8.84,8.84,8.84,,,
"Philippines, Tagbilaran",,,,,,,,,,,,,,,,,,,,,,,,,,,,,,,,,,,,,,,,7.43,7.43,7.43,7.43,7.43,7.43,7.43,7.43,7.43,7.43,7.43,7.43,7.43,7.43,7.43,7.43,7.43,7.43,7.43,7.43,7.43,7.43,7.43,7.43,7.43,7.43,7.43,7.43,7.43,7.43,7.43,7.43,7.43,7.43,7.43,7.43,8.92,8.92,8.92,8.92,8.92,8.92,8.92
"Philippines, Zamboanga",20.87,20.87,20.87,20.87,20.87,20.87,20.87,20.87,17.55,17.55,12.03,21.89,12.03,12.03,12.03,12.03,12.03,12.03,12.03,12.03,12.03,12.03,12.03,12.03,12.03,12.03,12.03,12.03,12.03,12.03,12.03,12.03,12.03,12.03,12.04,16.43,16.43,16.43,16.43,25.54,25.54,25.54,25.54,25.54,25.54,25.54,25.54,25.54,25.54,25.54,25.54,25.54,25.54,25.54,25.54,25.54,25.54,25.54,25.54,25.54,28.71,28.71,28.71,28.71,28.71,28.71,28.71,36.8,36.77,36.77,36.18,36.6,37.19,37.25,37.19,36.61,36.61,36.61,33.2,33.24,39.07,39.07
"Poland, Gdansk",61.97,59.29,65.19,55.9,62.49,67.59,79.12,57.97,69.48,69.29,68.37,65.52,64.08,68.21,97.55,137.74,133.87,131.26,108.77,104.53,105.01,134.41,143.72,126.3,118.19,108.05,103.03,122.41,127.93,127.8,140.72,153.45,153.46,154.56,155.41,148.15,142.93,135.27,162.81,142.82,156.92,157.67,163.68,159.76,157.83,165.46,169.83,176.21,182.21,177.4,167.03,173.21,177.92,178.08,212.3,229.49,225.1,212.84,210.99,200.9,199.4,203.6,192.6,199.25,198.57,178.2,168.19,179.03,180.12,189.19,200.48,230.79,222.78,224.38,218.85,220.84,231.82,223.19,244.09,238.11,227.36,239.83
"Poland, Gdynia",96.2,97.21,103.6,112.47,110.95,104.6,113.79,89.62,88.96,85.74,77.74,81.89,80.58,82.71,87.16,91.83,97.27,101.07,118.13,112.06,107.89,104.96,106.8,109.94,102.17,105.38,86.45,91.01,95.86,92.92,92.47,108.03,98.19,98.74,112.13,116.52,110.75,112.16,105.33,96.47,109.27,115.7,109.87,109.61,107.11,113.33,118.93,133.2,134.55,164.25,183.31,167.33,171.3,180.25,181.6,155.26,150.92,141.45,138.77,133.31,139.64,131.51,150.71,157.19,157.66,152.24,146.29,162.04,153.24,169.46,189.9,183.35,172.02,194.86,191.86,203.34,179.13,174.32,181.81,190.45,175.67,188.7
"Poland, Swinoujscie",,,10.36,10.36,10.36,10.36,19.11,18.92,18.92,8.94,8.94,8.94,,,,,,,,,,,,,,,,10.04,10.04,10.04,25.51,25.51,25.51,25.51,10.04,10.04,10.04,10.04,10.04,10.04,10.04,10.04,10.04,10.04,10.04,10.04,10.04,12.11,12.11,12.11,12.11,12.11,12.11,12.11,12.11,12.11,12.11,12.11,12.11,12.11,12.11,12.11,12.11,12.11,12.11,12.11,12.11,12.11,12.11,12.11,12.11,12.11,12.11,12.11,12.11,12.11,12.11,12.11,12.11,12.11,12.11,12.11
"Poland, Szczecin",28.56,32.13,30.02,30.02,21.8,21.93,30.77,31.48,29.86,25.77,25.77,35.49,38.88,29.1,29.52,29.52,47.03,46.6,38.66,39.57,39.57,52.93,53.01,20.78,21.79,40.83,37.59,53.39,30.71,38.88,37.82,50.35,47.98,30.3,51.22,47.66,50.33,42.31,46.26,41.89,38.67,24.6,24.6,17.58,17.58,18.22,18.22,21.65,21.01,17.58,17.61,17.61,17.2,17.2,21.98,21.98,22.37,18.86,18.86,16.95,21.48,21.89,17.34,21.43,20.8,15.33,15.47,15.47,15.43,25.78,31.99,32.6,31.23,26,26.04,25.4,33.01,32.4,32.4,33.04,42.23,42.36
"Portugal, Aveiro",,,,,,,,,,,,7.87,7.87,,,,,,,,,,,,,,,,,,,,,,,,,,,,,,,,,,,,,,,,,,,,,,,,,,,,,,,11.21,11.21,13.07,13.07,13.07,13.07,13.7,,,,,,,,
"Portugal, Canical",,,,,,,,,,,,,,,,,,,,,,,,15.54,15.54,42.33,42.33,42.96,30.9,30.19,22.65,34.08,33.15,33.15,33.15,31.88,31.88,21.39,21.39,21.39,21.39,21.39,21.39,21.39,21.39,21.39,21.39,21.39,22.35,22.35,22.44,22.39,22.39,24.4,24.4,24.4,24.4,24.41,24.41,24.45,24.44,24.44,24.39,24.39,24.39,24.39,24.39,24.39,24.39,24.39,24.39,24.39,24.39,24.39,24.36,24.36,24.36,24.36,24.36,24.36,25.03,25.03
"Portugal, Corvo",10.16,10.16,10.16,10.16,10.16,10.16,10.16,10.16,10.16,10.16,10.16,10.16,10.16,10.16,10.16,10.16,10.16,10.16,10.16,,,,,,,,,,,,,,,,,,,,,,,,,,,,,,,,,,,,,,,,,,,,,,,,,,,,,,,,,,,,,,,
"Portugal, Figueira da Foz",10.87,10.87,10.24,10.87,10.87,13.5,12.88,12.88,12.9,12.9,12.9,15.33,15.33,8.46,8.46,8.46,8.46,8.46,8.46,8.46,7.77,7.77,7.77,13.76,13.76,13.76,13.76,13.76,10.47,11.11,11.11,11.11,11.11,11.11,11.11,11.11,11.11,11.11,11.11,11.11,11.11,11.11,11.11,11.11,19.69,20.12,11.11,11.11,11.11,11.11,10.42,10.42,10.42,10.42,10.42,10.42,10.42,10.42,10.42,10.47,10.47,10.47,10.47,10.47,10.47,10.47,10.15,10.15,10.15,10.15,10.15,14.77,15.38,15.57,10.16,10.16,10.16,10.16,10.16,10.16,10.16,10.16
"Portugal, Flores",8.89,8.25,8.25,8.25,8.25,8.25,8.25,8.25,8.25,8.25,8.25,8.25,8.25,8.25,8.25,8.25,8.25,8.25,8.25,8.25,8.25,8.25,8.25,8.25,8.25,11.95,11.95,11.95,11.95,8.9,8.9,8.9,8.9,8.9,8.9,9.54,9.54,9.54,9.54,9.54,9.54,9.54,9.54,9.54,9.54,9.54,9.54,9.54,13.58,13.58,13.58,13.58,13.58,9.84,9.84,9.84,9.84,9.84,9.84,9.84,9.84,9.84,9.89,9.89,9.89,9.89,9.89,9.89,9.89,9.89,9.89,9.89,9.89,9.89,12.25,12.25,12.25,12.25,12.25,12.25,12.25,12.25
"Portugal, Funchal",27.16,30.01,30.01,30.01,30.01,30.01,30.01,30.01,30.01,30.01,30.01,26.83,34.38,34.38,34.38,35.01,35.01,35.01,35.01,41.03,41.03,41.04,41.03,24.11,24.11,,,,,,,,,,,,,,,,,,,,,,,,,,,,,,,,,,,,,,,,,,,,,,,,,,,,,,,,,
"Portugal, Horta",24.86,24.86,24.86,24.86,24.86,24.86,24.86,24.88,24.88,24.88,24.88,24.88,24.92,24.92,24.92,24.92,24.92,24.92,24.92,18.94,18.94,17.41,17.41,17.41,17.41,22.62,22.62,22.62,22.62,23.5,23.5,23.5,23.5,23.5,23.5,14.88,14.88,14.88,14.88,14.88,14.88,14.88,14.88,14.88,14.88,14.88,14.88,14.88,9.84,9.84,9.84,10.79,10.79,13.83,13.83,13.83,13.83,13.83,13.83,12.94,12.94,12.94,12.88,12.88,12.88,12.88,12.88,12.88,12.88,12.88,12.88,12.88,12.88,12.94,13.23,13.23,13.23,13.23,13.23,13.23,13.29,13.29
"Portugal, Leixoes",185.87,178.27,182.83,177.61,179.79,181.97,182.69,196.33,198.16,202.44,200.78,203.52,220.02,212.39,228.57,221.54,226,217.85,221.26,214.93,206.97,218.62,215.86,208.66,199.98,215.24,213.43,222.15,228.55,219.54,209.12,199.18,204.98,213.13,228.87,226.55,223.7,215.91,204.7,201.59,208.64,213.03,202.71,200.83,199.59,202.22,193.7,193.5,206.1,207.82,210.66,199.9,210.24,218.6,216.92,208.96,206.03,197.05,196.55,203.07,203.6,196.09,188.32,188.89,193.09,193.13,195.45,198,185.1,188.55,190.03,186.48,185.22,181.43,182.65,181.46,179.91,170.58,167.82,172.02,176.32,188.76
"Portugal, Lisbon",228.7,227.05,206.19,206.05,214.99,217.84,216.51,217.48,224.68,215.66,201.25,232.97,224.45,190.46,178.94,203.88,218.35,208.66,218.64,202.45,205.56,224.53,214.57,201.89,197.08,216.41,222.1,243.8,241.2,246.19,249.78,232.52,229.56,251.31,237.89,232.76,226.31,231.33,235.73,214.02,221.77,215.57,207.55,199.04,207.59,205.82,207.4,195.62,195.49,202.75,202.91,195.59,174.02,170.93,168.01,168.56,161.53,156.64,152.15,149.45,149.79,135.43,125.4,125.33,125.3,125.34,124.45,125.06,126.02,134.19,141.75,153.59,168.76,171.05,180.66,175.76,161.44,156.29,154.05,162.92,171.26,177.48
"Portugal, Pico",13.85,16.9,16.9,16.9,16.9,16.9,16.9,16.9,16.9,16.9,16.9,16.9,16.9,16.9,16.9,16.9,16.9,16.9,16.9,11.95,11.95,19.33,19.33,19.33,19.33,22.25,22.25,22.25,22.25,15.96,15.96,15.96,15.96,15.96,15.96,22.22,22.22,22.22,22.22,22.22,22.22,22.22,22.22,22.22,22.22,22.22,22.22,22.22,15.7,15.7,15.7,15.7,15.7,15.7,15.7,15.7,15.7,15.7,15.7,15.7,15.7,15.7,15.7,15.7,15.7,15.7,15.7,15.7,15.7,15.7,15.7,15.7,15.7,15.7,15.7,15.7,15.7,15.7,15.7,15.7,19.2,19.2
"Portugal, Ponta Delgada",46.8,46.8,46.8,46.8,46.8,46.8,46.8,46.83,46.83,46.83,46.19,46.19,46.23,46.23,46.23,46.23,46.23,46.23,46.23,42.47,42.47,44.01,44.01,44.01,44,46.62,46.62,46.62,46.62,45.07,45.07,45.07,45.07,45.07,45.07,42.13,42.13,42.13,42.13,42.13,42.13,31.89,31.89,31.89,31.89,31.89,31.89,31.89,31.12,31.12,31.12,32.02,32.02,34.48,34.48,34.48,34.48,34.48,34.48,33.69,33.69,33.69,33.84,33.84,33.84,33.84,33.84,33.84,33.84,33.84,33.84,33.84,33.84,33.84,36.27,36.27,36.27,36.27,36.27,36.27,38.78,38.78
"Portugal, Porto Santo",,,,,,,,,,,,,,,,,,,,,,,,,,9.6,9.6,9.6,9.6,,,,,,,8.96,8.96,8.96,8.96,8.96,8.96,8.96,8.96,8.96,8.96,8.96,8.96,8.96,10.57,10.57,10.57,10.57,10.57,10.57,10.57,10.57,10.57,10.57,10.57,10.57,10.57,10.57,10.57,10.57,10.57,10.57,10.57,10.57,10.57,10.57,10.57,10.57,10.57,10.57,10.57,10.57,10.57,10.57,10.57,10.57,11.19,11.19
"Portugal, Praia da Graciosa",24.24,24.24,24.24,24.24,24.24,18.48,18.48,18.48,18.48,18.48,18.48,18.48,18.48,18.48,18.48,18.48,18.48,18.48,18.48,10.95,10.95,9.39,9.39,9.39,9.39,10.28,10.28,10.28,10.28,9.77,9.77,9.77,9.77,9.77,9.77,9.14,9.14,9.14,9.14,9.14,9.14,9.14,9.14,9.14,9.14,9.14,9.14,9.14,10.39,10.39,10.39,10.39,10.39,10.39,10.39,10.39,10.39,10.39,10.39,10.39,10.39,10.39,10.77,10.77,10.77,10.77,10.77,10.77,10.77,10.77,10.77,10.77,10.77,10.77,10.77,10.77,10.77,10.77,10.77,10.77,16.66,16.66
"Portugal, Praia da Vitoria",29.81,29.81,29.81,29.81,29.81,29.81,29.81,29.83,29.83,29.83,29.83,29.83,29.87,29.87,29.87,29.87,29.87,29.87,29.87,18.94,18.94,21.12,21.12,21.12,21.12,30.3,30.3,30.3,36.92,31.15,31.15,31.15,31.15,31.15,31.15,27.96,27.96,27.96,27.96,27.96,27.96,27.96,27.96,27.96,27.96,27.96,27.96,27.96,31.12,31.12,31.12,32.02,32.02,34.48,34.48,34.48,34.48,34.48,34.48,33.69,33.69,33.69,33.84,33.84,33.84,33.84,33.84,33.84,33.84,33.84,33.84,33.84,33.84,33.84,33.91,33.91,33.91,33.91,33.91,33.91,34.02,34.02
"Portugal, Setubal",9.1,9.1,21.07,21.07,22.89,9.1,21.23,21.23,21.24,32.38,48.49,47.55,53.2,53.72,57.74,57.74,58.79,47.66,47.66,53.03,53.59,66.25,69.78,73.1,73.09,54.07,45.14,48.23,42.08,46.63,57.09,49.36,65.28,70.83,56.73,49.01,39.13,40.95,51.43,49.37,60.35,59.67,59.67,49.13,56.67,56.62,54.8,54.96,54.96,51.66,60.55,61.24,64.38,63.82,64,51.18,51.18,55.34,61.45,64.41,65.58,73.27,72.57,82.35,81.74,81.74,85.83,92.23,95.25,98.86,93.55,85.34,85,77.08,68.79,72.95,74.94,70.49,69.2,67.06,68.35,75.07
"Portugal, Sines",47.25,52.03,49.34,48.91,58.49,76.91,70.04,70.6,99.7,113.86,113.11,113.45,112.3,117.19,138.78,138.54,119.81,131.4,141.18,140.84,139.71,133.21,142.14,137.84,130.1,137.11,131.18,124.19,134.12,137.17,159.84,158.48,157.6,158.1,155.39,159.19,168.02,162.02,180.49,182.18,185.14,184.91,204.94,209.75,225.42,217.95,216.33,233.28,233.83,271.5,249.73,274.55,269.06,220.49,217.6,196.88,197.2,196.75,219.68,224.7,223.56,223.17,224.98,248.39,244.24,243.93,254.77,253.5,250.94,255.26,261.05,271.86,282.42,287.02,273.77,270.23,262.62,270.93,287.11,313.84,238.43,228.34
"Portugal, Velas",13.85,13.85,13.85,13.85,13.85,13.85,13.85,13.85,13.85,13.85,13.85,13.85,13.85,13.85,13.85,13.85,13.85,13.85,13.85,8.9,8.9,8.9,8.9,8.9,8.9,16.02,16.02,16.02,16.02,16.02,16.02,16.02,16.02,16.02,16.02,9.76,9.76,9.76,9.76,9.76,9.76,9.76,9.76,9.76,9.76,9.76,9.76,9.76,15.44,15.44,15.44,15.44,15.44,17.98,17.98,17.98,17.98,17.98,17.98,18.14,18.14,18.14,18.28,18.28,18.28,18.28,18.28,18.28,18.28,18.28,18.28,18.28,18.28,18.29,18.29,18.29,18.29,18.29,18.29,18.29,18.38,18.38
"Portugal, Viana do Castelo",,,,,18.38,18.38,18.38,18.38,18.02,19.27,19.27,19.27,19.77,19.77,19.29,19.29,14.53,21.54,21.54,20.91,20.48,21.16,21.16,21.16,21.16,21.16,19.53,19.53,14.27,15.56,,,,,,,,,,,,,,,,,,,,,,,,,,,,,,,,,,,,,,,,,,,,,,,,,,,,
"Portugal, Vila do Porto",14.48,10.16,10.16,10.16,10.16,10.16,10.16,10.16,10.16,10.16,10.16,10.16,10.16,10.16,10.16,10.16,10.16,10.16,10.16,,,,,,,9.44,9.44,9.44,9.44,9.44,9.44,9.44,9.44,9.44,9.44,9.44,9.44,9.44,9.44,9.44,9.44,9.44,9.44,9.44,9.44,9.44,9.44,9.44,9.44,9.44,9.44,9.44,9.44,9.44,9.44,9.44,9.44,9.44,9.44,9.44,9.44,9.44,9.44,9.44,9.44,9.44,9.44,9.44,9.44,9.44,9.44,9.44,9.44,9.44,9.44,9.44,9.44,9.44,9.44,9.44,15.71,15.71
"Puerto Rico, Ponce",10.52,10.52,10.52,10.52,10.52,10.52,,,,,,,,,,,,,,,,,,,,,,,,,,,,,,,,,,,,,,,,,,,,,,,,,,,,,,,,,,,,,,,,,,,,,,,,,,,,
"Puerto Rico, San Juan",170.02,176.19,160.07,174.4,181.6,170.75,181.24,182.56,169.19,161.29,152.39,147.19,145.99,148.97,151.72,151.25,149.94,150.72,149.07,129.94,127.98,118.12,118.1,117.24,108.35,107.6,113.76,121.81,121.47,111.56,117.09,116.25,117.51,119.99,119.74,108.3,93.45,77.9,83.77,83.33,91.83,102.53,105.39,98.91,98.27,98.27,109.02,103.45,86.37,86.41,96.28,95.92,113.77,118.85,117.31,121.59,107.85,107.9,104.94,118.67,117.11,117.15,117.78,112.33,105.18,105.21,105.18,101.45,105,112.4,112.37,112.46,117.49,107.91,107.44,107.23,106.51,110.95,117.25,117.24,117.36,116.8
"Qatar, Doha",67.53,66.18,66.51,66.51,66.51,66.94,66.94,75.07,74.17,73.01,86.19,81.98,74.06,63.88,64.36,63.84,63.84,45.92,45.92,52.75,58.62,66.58,63.35,62.72,71.95,66.33,66.33,60.02,64.12,53.02,52.39,59.52,59.52,65.06,65.06,53.33,55.92,68.62,72.99,82.54,81.68,68.33,87.73,59.85,22.36,,,,,,,,,,,,,,,,,,,,,,,,,,,,,,,,,,,,,
"Qatar, Hamad",,,,,,,,,,,,,,,,,,,,,,,,,,,,,,,,,,,,,,,,,,,,,86.18,117.89,52.67,148.48,199.23,199.42,199.67,217.84,208.05,211.8,213.58,206.45,199.01,224.33,199.54,223.14,226.57,232.3,228.13,215.48,204.32,204.64,226.46,225.82,275.88,280.14,267.79,255.03,256.79,256.94,238.04,239.76,239.71,243.86,212.24,217.11,255.82,80.13
"Qatar, Mesaieed",,,,,,,,,,,,,,,,,,,,,,,,,,,,,,,,,,,,,,,,,,,,,17.45,,30.43,35.59,35.59,33.47,38.76,34.12,34.12,31.95,29.71,23.91,21.95,21.95,23.24,24.38,23.4,23.4,23.4,15.85,11.23,11.23,11.23,11.23,20.84,26.04,18.24,18.24,18.24,18.42,18.42,18.69,18.22,18.22,17.99,18.22,18.22,18.22
"Qatar, Ras Laffan",27.73,27.73,27.73,27.73,27.73,34.03,34.03,34.03,34.03,34.03,34.03,27.1,27.24,27.24,27.24,25.85,25.85,25.85,25.85,20.66,20.68,11.69,11.69,11.69,11.69,11.69,11.69,11.69,11.69,11.69,11.69,11.69,11.69,11.69,11.69,11.69,11.69,11.69,11.69,11.69,11.69,11.69,11.69,11.69,11.69,11.69,,,,,,,,,,,,,,,,,,,,,,,,,,,,,,,,,,,,
"Qatar, Umm Said (Mesaieed)",13.36,13.36,13.36,13.36,13.36,13.36,13.36,13.36,13.36,13.36,13.36,15.15,15.15,15.15,15.15,15.15,15.15,23.49,24.13,24.13,24.1,32.45,32.55,36.41,34.54,34.53,34.53,31.28,19.08,19.08,28.37,28.36,28.36,28.36,29.26,29.98,29.98,28.71,28.71,30.22,30.22,20.91,20.44,10.18,10.18,10.18,,,,,,,,,,,,,,,,30.11,27.57,27.57,27.57,26.37,26.37,19.26,19.17,,,,,,23.98,23.82,,,,,,
"Republic of Korea, Cheju (Jeju)",,,,,,,,,,,,,,,,,,,,,,,,,,,,,,,,,,,,,,,,,,,,,,,,,,,,,,,,,,,,,,,,,,,,,,,,,,,,,,,,9.09,9.09,9.09
"Republic of Korea, Daesan/Seosan",,,,,,,,,,,,,,,,,24.36,31,32.07,32.07,32.17,24.46,24.46,15.23,15.23,15.13,15.13,15.13,26.54,35.82,35.81,36.39,36.4,36.4,32.46,43.14,39.63,43.72,43.72,38.6,45.88,45.9,45.96,49.61,38.27,38.27,46.2,45.92,45.69,44.26,44.96,55.62,53.08,53.09,53.07,44.61,44.61,44.72,44.72,44.82,44.82,51.67,51.58,47.99,47.99,48.16,48.16,53.42,53.39,53.42,53.25,37.24,36.65,39.5,51.88,51.65,51.68,51.67,64.55,64.53,64.53,64.55
"Republic of Korea, Dangjin-gun",,,,,,,,,,,,,,,,,,,,,,,,,,10.98,10.98,10.98,10.98,,,,,,,,,,,,,,,,,,,,,,19.61,19.61,19.61,19.61,19.61,19.61,19.61,19.61,19.61,19.61,,,,,,,,,,,,,,,,,,,,,,
"Republic of Korea, Donghae",,,,,,,,,,,,,,,,,,,,,,,,,,,,,,,,,,,,,,22.22,21.59,22.21,,17.91,,,,,,,,,,33.2,30.94,31.14,31.98,35.02,,,,,,,,,,,,,,,9.63,9.63,9.63,9.63,9.63,9.63,9.63,9.63,9.63,9.63,9.63,9.63
"Republic of Korea, Incheon",159.29,156.08,165.4,156.94,179.33,196.36,194.66,205.37,207.74,217.84,221.73,220.62,220.58,223.81,225.03,228.77,228.43,225.78,237.85,227.54,237.01,256.73,240.15,245.96,222.02,227.43,227.66,231.51,259.26,251.34,245.65,232.19,251.05,251.5,235.95,258.3,282.35,284.18,292.82,290.37,288.26,305.84,322.59,344.51,340.28,342.43,357.25,355.39,345.47,345.09,347.01,356.57,359.65,368.77,360.09,352.06,357.78,363.48,371.88,379.43,378.92,396.04,397.53,399.01,395.98,395.9,397.74,396.22,398.08,386.17,406.43,395.74,390.67,405.72,414.43,411.57,411.16,419.19,416.21,430.72,440.75,451.13
"Republic of Korea, Kunsan (Gunsan)",25.6,25.62,25.62,25.62,25.62,25.62,25.62,25.62,25.65,27.69,27.69,27.78,27.78,9.71,9.71,9.71,9.71,9.71,17.42,17.42,25.56,28.86,28.86,28.86,28.86,17.78,23.67,18.33,18.33,,,,,,,,,,,,,,,,,,,,,,,,27.9,31.24,31.86,29.53,32.02,32.02,31.67,29.08,25.48,44.14,36.63,35.98,41.48,36.34,32.31,22.45,38.22,43.67,41.48,50.16,42.28,50.93,41.16,41.83,41.88,41.71,49.72,47.12,41.73,58.12
"Republic of Korea, Kwangyang (Gwangyang)",325.4,373.56,375.8,355.1,370.85,373.8,359.05,373.97,389.09,395.01,392.43,381.56,423.9,417.71,392.64,398.56,413.18,412.02,426.15,415.55,429.08,469.74,454.26,457,453.01,472.99,490.48,519.25,511.58,523.17,524.86,508.36,505.17,481.96,492.01,522.26,525.81,531.08,537.65,534.71,517.34,538.07,571.26,525.26,512.72,490.6,493.14,492.87,501.06,513.91,497.7,515.49,502.51,513.44,509.87,513.49,491.74,465.5,477.19,483.05,479.24,517.66,518.71,507.97,516.5,513.94,510.6,508.45,506.64,516.96,536.72,540.67,536.53,539.18,515.97,525.88,523.19,545,535.82,529.48,524.42,528.19
"Republic of Korea, Masan",85.76,78.28,78.28,78.28,86.77,93.1,88.82,88.82,95.31,95.31,95.59,81.76,75.94,75.11,74.67,74.67,75.4,75.4,81.73,81.75,79.42,91.86,91.86,91.88,76.31,83.15,83.15,83.15,74.68,72.05,72.08,62.22,62.22,62.22,62.22,66.73,66.73,66.73,66.73,66.73,66.73,66.73,66.73,30.92,30.92,30.92,30.92,30.92,30.92,30.92,43.07,43.07,43.07,43.07,43.07,43.07,34.07,34.07,19.61,19.61,,,,,,,10.39,10.39,31.57,31.57,31.57,31.57,31.57,31.55,31.69,31.69,31.69,31.69,31.55,42.29,42.29,23.74
"Republic of Korea, Mokpo",,11.93,11.93,11.93,,,,,,,,11.75,11.75,,,,22.95,29.49,29.49,27.64,37.42,42.15,15.59,15.59,15.59,22.75,24.1,22.75,22.75,23.08,23.08,23.08,23.08,23.08,23.14,25.92,25.92,18.71,31.49,32.77,32.77,15.59,15.59,18.16,18.16,18.16,18.16,18.75,18.75,18.75,18.75,15.6,18.66,18.66,18.66,18.66,18.66,18.66,18.21,18.21,18.21,15.81,15.81,15.82,15.82,15.82,15.82,15.82,15.82,15.83,15.83,15.83,15.83,15.86,15.86,15.86,15.86,15.86,15.86,15.86,15.86,15.86
"Republic of Korea, Okgye",,,,,,,,,,,,,,,,,,,,,,,,,,,,,,,,,,,,,,,,,,,,,,,,,,,,,,,,,,,,,,,,,,,,,,,,,18.98,18.95,18.95,18.95,18.95,18.95,19.11,9.87,9.87,9.87
"Republic of Korea, Pohang",,8.16,8.16,8.16,8.16,27.12,27.12,19.63,19.63,19.63,19.63,19.63,19.63,19.63,17.46,22.16,22.16,22.16,22.16,27.58,36,36.08,25.64,34.63,47.16,57.52,57.55,57.57,57.57,54.11,48.2,53.06,53.06,53.06,53.06,46.33,38.88,39.88,39.88,38.85,38.85,38.83,38.83,51.29,51.29,51.29,44.77,44.77,44.77,50.59,62.52,65.1,66.67,66.67,66.64,63.4,57.57,57.61,57.61,57.61,57.57,51.26,57.92,56.72,56.72,42.89,42.85,37.42,39.99,39.99,40.03,39.9,39.89,40,45.46,39.99,38.87,39.84,38.87,39.88,39.77,38.59
"Republic of Korea, Pusan",1181.8,1190.59,1188.23,1217.07,1219.38,1212.41,1249.13,1256.27,1220.59,1214.27,1229.48,1227.34,1269.46,1281.32,1225.73,1234.24,1233.82,1299.94,1385.71,1364.93,1382.14,1411.95,1415.44,1391.9,1347.68,1349.8,1388.3,1412.04,1395.86,1409.32,1402.85,1401.48,1352.32,1338.19,1336.2,1360.22,1395.34,1422.55,1457.63,1423.81,1450.34,1450.43,1465.19,1424.06,1416.57,1441.17,1438.25,1456.2,1456.06,1487.45,1483.27,1492.4,1495.65,1521.13,1528.56,1504.7,1496.93,1441.67,1459.46,1485.01,1485.27,1500.61,1495.45,1554.14,1573.38,1564.26,1621.36,1610.13,1619.98,1684.01,1727.79,1740.73,1733.78,1721.63,1715.12,1714.62,1673.8,1658.88,1625.05,1648.49,1657.92,1655.17
"Republic of Korea, Pyeongaek",,,,,,,,,,,,,,,,,,,,,,,,,,,,,,,,,,,,,,,,,18.47,18.47,18.54,18.54,17.18,17.18,,26.16,26.16,39.82,39.84,46.01,46,46.42,39.87,40.11,40.11,31.11,15.6,15.6,15.6,15.96,15.96,15.96,15.96,15.96,15.96,15.96,15.96,15.96,15.96,15.6,15.6,15.6,15.6,15.6,15.6,15.6,15.6,15.6,15.6,15.6
"Republic of Korea, Pyongtaek",19.7,41.87,46.54,46.54,39.46,48.35,59.25,63.24,60.73,60.73,76.22,86.54,87.11,67.85,56.78,56.78,69.7,78.44,78.54,79.03,79.66,74.62,88.58,92.6,76.9,78.53,74.95,73.28,64.61,68.59,68.59,61.12,73.25,53.74,53.74,48.84,58.19,62.17,63.33,63,54.92,62.61,62.61,68.1,70.56,70.48,89.48,83.61,89.5,82.1,90.58,90.96,73.77,73.96,73.33,73.44,73.46,75.36,74.04,76.05,76.14,82.5,82.07,82.92,82.92,82.75,82.66,82.58,99.82,97.9,104.62,108.37,102.22,100.97,108.79,106.21,98.44,81.8,94.05,94.02,93.96,93.95
"Republic of Korea, Seoul",,,,,,,,,,,,,,,,,,,,,,,,,,,,,,15.47,15.47,16.37,16.37,16.37,16.37,16.37,16.37,16.37,16.37,16.37,16.37,16.37,16.37,16.37,16.37,16.37,16.37,16.37,16.37,16.37,16.37,16.37,16.37,16.37,16.37,16.37,,,,,,,,,,,,,,,,,,,,,,,,,,
"Republic of Korea, Ulsan",136.98,122.08,111.2,130.26,153.56,161.09,165.57,163.28,179.14,168.55,168.59,156.7,165.13,173.15,173.63,172.04,176.96,184.5,185.01,181.41,206.27,210.69,204.13,190.08,174.69,199.68,223.41,221.99,224.56,216.13,217.95,210.64,210.91,208.03,206.82,209.4,200.67,199.15,191.69,194.83,209.84,210.14,222.86,199.31,205.36,198.87,193.98,179.93,181.16,185.78,193.79,190.67,186.2,189.76,195.11,213.81,220.28,221.18,217.72,210.28,205.32,222.12,220.81,212.01,204.21,208.08,202.34,203.01,211.11,215.85,216.54,208.55,209.32,212.83,210.92,211.7,212.75,204.54,188.5,188.15,188.04,186.17
"Republic of Korea, Yeochon",,,,,,,,,,,,11.03,11.03,11.03,11.03,11.03,11.03,11.03,11.03,10.58,10.58,10.58,10.58,10.58,11.03,11.03,11.03,11.03,,,,,,,,,,,,,,,,,,,,,,,,,,,,,,,,,,,,,,,,,,,,,,,,,,,,,,
"Republic of Moldova, Giurgiulesti",,,,,,,,,,,,,,,,,,,,,,,,,7.42,7.42,7.42,7.42,6.82,8.3,8.3,8.3,8.3,8.3,8.3,8.3,8.3,8.6,8.6,8.6,8.6,8.6,8.6,8.6,8.6,8.6,8.6,8.6,8.6,8.6,8.58,8.58,8.58,8.58,8.58,8.58,6.83,6.83,6.83,6.83,6.83,6.83,,,,,,,,,,,,,,,,,,,,
"Reunion, Pointe des Galets",93.63,91.38,90.87,89.2,91.31,91.58,90.82,95.31,95.37,92.2,97.9,88.05,99.11,98.75,107.48,107.74,103.08,94.76,92.99,100.85,111.79,100.99,102.8,99.34,71.37,100.8,93.91,93.95,97.91,93.33,93.6,95.79,101.22,92.84,88.01,100.81,96.38,98.61,99.68,99.78,113.72,130.39,137.27,125.27,129.49,123.12,119.48,130.54,129.44,110.36,92.01,92.05,93.64,94.09,94.14,114.52,114.42,96.72,95.5,95.16,95.18,95.84,93.75,100.82,100.2,100.09,106.31,111.41,105.15,100.41,104.74,104.89,103.66,104.82,102.55,148.96,111.62,112.68,139.78,138.14,113.97,127.57
"Romania, Constantza",159.75,166.47,162.84,168.11,161.99,181.76,206.28,220.2,223.04,211.81,205.25,201.36,166.56,138.36,126.75,126.99,129.28,120.8,120.2,114.43,115.52,115.5,115.22,128.86,119.86,113.06,132.77,148.34,149.22,155.25,151.66,144.51,143.88,146.08,151.2,160.27,156.4,162,168.5,157.92,156.63,155.58,172.77,145.41,144.02,163.77,143.43,148.56,148.84,148.62,138.64,132.73,132.61,132.74,135.63,128.88,125.55,131.17,127.61,137.37,138.44,138.71,136.09,140.82,146.94,148.96,151.12,147.46,153.04,152.01,169.85,166.11,185.74,144.08,143.7,144.35,139.93,139.2,120.74,114.18,117.15,113.5
"Russian Federation, Anadyr",,,,,,,,8.7,8.7,8.04,8.04,7.41,7.41,7.41,7.41,7.41,,,,,7.64,7.64,7.64,13.42,13.42,13.42,13.42,13.42,13.42,7.64,7.64,7.64,7.64,7.64,7.64,7.64,7.64,7.64,7.64,7.64,7.64,7.64,6.93,6.93,6.93,6.93,6.93,6.93,6.93,6.93,6.93,6.93,6.93,6.93,,6.89,6.89,,,,,,,,,,,,,,,,,,,8.37,8.37,8.37,8.37,8.37,,
"Russian Federation, Archangel",14.99,14.99,14.99,14.99,14.99,14.99,14.99,14.99,14.99,14.99,14.99,12.45,12.45,12.45,12.45,12.45,12.45,12.45,12.45,6.61,6.61,6.61,6.61,6.61,6.61,6.61,6.61,5.97,5.97,6.39,6.39,6.39,6.39,6.39,6.39,6.39,6.39,5.59,5.59,5.59,5.59,5.59,5.59,5.59,5.59,5.59,5.59,5.59,5.59,5.59,5.59,5.59,5.59,5.59,5.59,5.59,5.59,5.59,5.59,5.59,5.59,5.61,5.61,5.61,5.61,14.74,14.74,14.74,14.15,14.74,14.74,14.74,14.74,15.09,15.09,22.71,22.71,22.71,22.71,22.71,22.71,22.71
"Russian Federation, Azov",,,,,,,,,,,,,,,,,,,,,,,,,,,,,,,,,,,,,,,,6.8,6.8,6.8,6.8,,,,,,,,,,,,,,,,,,,,,,,,,,,,,,,,,,,,,,,
"Russian Federation, Bronka",,,,,,,,,,,,,,,,,,,,,,,,,,,,,,,,,,,,,,,,,,,,,,,28.23,26.49,26.49,36.16,30.17,30.43,29.67,29.56,26.94,40.7,45.54,22.53,23.18,23.18,23.18,26.72,29.38,29.38,29.4,18.48,,,,16.95,20.11,20.11,20.11,20.13,19.59,17.23,,,,,,
"Russian Federation, Dudinka",,,,,,,,,,,,,,,,,9.63,9.63,9.63,9.63,9.62,9.62,9.62,9.62,9.62,9.62,9.62,9.62,9.62,9.62,9.62,9.62,9.62,9.62,9.62,9.62,9.62,9.62,9.62,9.62,9.62,9.62,9.62,9.62,9.62,9.62,9.62,9.62,9.62,9.62,9.62,9.62,9.62,9.62,9.62,9.62,9.62,9.62,9.62,9.62,9.62,9.62,9.62,9.62,9.62,9.62,9.62,9.62,9.03,9.62,9.62,9.62,9.62,9.97,9.97,9.97,9.97,9.97,9.97,9.97,9.97,9.97
"Russian Federation, Egvekinot",,,,,,,,8.7,8.7,8.04,8.04,7.41,7.41,7.41,7.41,7.41,,,,,,,,6.93,6.93,6.93,6.93,6.93,6.93,,,,,,,,,,,,,,6.93,6.93,6.93,6.93,6.93,6.93,6.93,6.93,6.93,6.93,6.93,6.93,,6.89,6.89,,,,,,,,,,,,,,,,,,,8.37,8.37,8.37,8.37,8.37,,
"Russian Federation, Kaliningrad",23.2,40.71,28.93,28.93,28.91,25.02,25.02,25.02,25.02,25.02,25.02,28,28,36.1,34.64,34.64,49.17,43.07,43.78,47.01,48.2,45.49,50,47.42,44.87,33.88,42.67,43.95,50.58,50.6,47.64,45.04,44.14,49.05,51.09,41.26,42.14,23.67,24.3,16.25,23.62,20.19,20.19,22.47,22.58,22.92,18.86,27.1,33.85,28.61,36.9,36.94,38.21,40.48,40.06,40.22,42.18,36.06,50.67,50.67,49.14,54.93,54.29,52.64,49.79,35.61,29.26,8.82,8.82,16.17,16.17,26.4,26.9,32.77,38.89,29.06,44.71,59.62,59.48,56.16,62.72,62.74
"Russian Federation, Kholmsk",6.83,6.83,6.83,6.83,6.83,6.83,6.83,,,,,,,,,,7.27,7.27,7.27,7.27,7.27,7.27,7.27,,,,,,,,,,,,,,,,,,,7.21,7.21,7.21,7.21,7.21,7.21,7.21,7.21,7.21,7.21,7.21,7.21,7.21,7.21,,,,,,,,,,,,,,,,,,,,,,,,,,,
"Russian Federation, Korsakov",21.47,19.16,19.16,19.16,17.41,17.41,17.41,17.43,17.43,17.73,17.73,17.39,17.39,17.39,17.38,17.38,18.01,18.01,18.01,18.29,18.29,18.29,18.29,17.65,17.65,27.18,27.63,27.63,27.63,24.62,28.06,28.06,30.8,27.97,27.97,27.97,24.09,24.07,24.19,24.19,24.19,24.83,24.88,24.88,24.88,24.88,24.88,24.88,24.88,24.88,24.88,24.88,24.88,24.88,24.94,21.98,17.95,17.95,17.95,17.95,17.95,17.95,17.95,17.95,17.95,17.95,20.41,17.95,17.95,15.1,15.1,15.1,15.1,15.09,15.09,14.71,14.72,14.72,14.72,14.72,14.72,15.16
"Russian Federation, Kronshtadt",,,,,,,,13.76,13.76,13.8,,11.75,,,,,,,,,,,,,,,,,13.71,13.71,11.74,12,12,18.76,21.31,21.32,21.96,17.51,27.73,18.8,21.04,22.63,23.3,19.37,19.35,19.28,21.24,27.33,27.33,22.63,13.44,12.84,14.85,,,,,,,,,,,,,,,,,,,,,,,,,,,,,
"Russian Federation, Magadan",16.55,11.55,11.55,11.55,7.64,7.64,7.64,9.8,9.8,9.8,9.8,10.3,10.3,10.3,10.45,10.45,9.8,9.8,9.8,15.28,15.28,15.28,15.28,16.07,16.07,17.69,17.69,21.51,17.69,17.84,17.9,17.9,17.94,17.96,17.96,17.96,20.95,17.19,17.19,17.19,17.19,15.98,15.34,15.34,15.34,15.34,15.34,15.34,15.34,15.4,15.4,15.4,15.4,15.4,15.4,15.4,16.34,16.34,16.34,16.34,16.34,16.34,16.34,16.34,16.34,16.89,16.89,16.89,16.89,16.9,16.9,16.9,16.9,16.91,16.91,16.91,16.91,16.91,16.91,16.91,16.91,16.91
"Russian Federation, Murmansk",,,,,,,,,,,,,,,,,,,,,,,,,,,,,,,,,,,,,,,,,,,,,,,,,,,,12.18,12.18,12.18,12.18,12.18,,,,,,,,,,9.62,9.62,9.62,9.03,9.62,9.62,9.62,9.62,9.97,9.97,9.97,9.97,9.97,9.97,9.97,9.97,9.97
"Russian Federation, Nakhodka",18.63,22.8,23.6,23.6,24.24,24.24,24.24,15.8,15.8,15.04,15.04,16.42,16.42,24.98,17.48,17.48,17.48,17.48,17.48,17.48,,,,,,,7.24,7.24,7.24,,,,,,,,,,,,,,,,,,,,,,,,,,,,,,,,,,,,,,,,12.68,12.34,12.34,12.34,20.95,22.69,23.32,23.31,25.34,20.6,20.6,9.87,9.87,9.87
"Russian Federation, Novorossijsk",68.35,58.48,58.44,57.92,63.12,70.32,76.56,78.03,77.73,83.51,75.89,100.81,93.76,103.21,88.26,88.21,91.89,94.85,99.03,100.07,103.11,100.95,97.76,104.1,97.31,113.23,124.49,144.04,133.13,130.41,130.03,136.53,148.09,153.2,139.72,143.31,160.93,147.36,153.16,152.76,150.16,148.62,150.63,153.75,156.82,167.91,157.36,157.83,143.57,154.23,153.75,148.38,125.51,133.39,125.09,145.37,141.22,130.72,117.98,147.86,156.53,152.31,142.01,138.68,149.84,67.05,80.15,82.47,113.96,147.67,154.02,146.22,130,128.45,135.58,123.75,120.11,124.16,124.07,124.98,126.25,122.07
"Russian Federation, Petropavlovsk",8.33,8.33,8.33,8.33,8.33,8.33,8.33,8.33,8.33,10.15,10.15,11.01,10.16,10.16,10.15,10.15,10.16,10.16,10.16,10.16,16.65,16.65,16.65,16.61,16.61,22.37,22.37,16.61,22.37,21.14,21.15,21.15,21.56,21.56,21.59,21.59,21.55,21.55,21.48,21.48,21.48,21.63,15.14,15.14,15.14,15.14,15.14,15.14,15.15,15.15,15.15,15.15,15.15,15.15,15.15,15.11,13.81,13.81,13.81,13.81,13.81,13.81,13.81,13.81,27.43,30.76,14.66,14.66,14.66,9.15,16.47,9.15,9.15,9.18,9.18,9.67,9.67,9.67,9.67,9.67,9.67,9.67
"Russian Federation, Pevek",,,,,,,,,,,,,,,,,,,,,,,,,,,,7.84,7.84,7.84,7.85,7.85,7.85,,,,,,,,,,,,,,,,,,,,,,,,,,,,,,,,,,,,,,,,,,,,,,,,,
"Russian Federation, Provideniya, Bukhta",,,,,,,,8.7,8.7,8.04,8.04,,,,,,,,,,,,,,,,,,,,,,,,,,,,,,,,,,,,,,,,,,,,,,,,,,,,,,,,,,,,,,,,,,,,,,,
"Russian Federation, Slavyanka",,,,,,,,,,,,,,,,,,,,,,,,,,,,,,,,,,,,,,,,,,,,,,,52.78,52.78,52.78,52.14,52.08,,,,,,,,,,,,,,,,,,,,,,,,,,,,,,,
"Russian Federation, Sochi",,,,,,,,,,,,,,,,,,,,,,,,,,,,8.2,8.2,7.56,7.56,7.56,,,,,,,,,,,,,,,,,,,,,,,,,,,,,,,,,,,,,,,,,,,,,,,,,,
"Russian Federation, St Petersburg",154.04,174.57,169.93,183.84,187.47,190.14,191.58,207.93,224.52,221.16,215.17,228.09,230.88,201.63,169.08,177.09,192.94,202.99,216.31,209,203.32,210.37,225.95,225.07,243.79,271.21,254.51,266.68,254.54,257.27,245.46,262.03,260.84,266.91,277.84,274.87,254.5,265.53,251.38,271.62,247.57,239.9,221.23,239,239.3,222.8,232.09,252.4,248.23,231.64,227.21,236.72,236.82,232.51,222.55,220.03,203.84,186.98,180.68,178.82,192.79,184.49,190.04,186.33,186.39,126.33,70.95,70.93,47.97,101.28,121.69,129.6,135.92,137.11,138.83,153.75,160.15,165.11,175.91,179.64,177.47,183.19
"Russian Federation, Taganrog",7.88,7.88,7.88,7.24,7.24,10.75,8.07,8.07,8.07,8.38,11.24,11.24,11.24,11.17,11.17,11.17,,,,,,,,,7.42,7.42,7.42,7.42,7.42,,8.06,8.06,8.06,7.42,7.42,8.06,8.06,8.06,8.06,8.06,8.06,8.06,,,,,,,,,,,,,,,,,,,,,,,,,,,,,,,,,,,,,,,,
"Russian Federation, Ust Luga",,,,,,,,,,,,,,,,,,,,,,,,,,,,22.21,37.45,45.44,62.73,57.92,52.83,54.25,77.15,73.07,60.74,58.47,48.13,52.24,46.58,47.26,57.59,38.19,38.19,33.71,40.27,29.34,31.92,37.24,14.88,14.88,28.78,23.54,26.25,24.94,24.94,24.85,24.81,15.33,22.96,15.89,15.89,14.77,14.13,,,,14.05,,,,,,25.07,25.19,25.19,25.19,25.19,25.19,25.18,25.18
"Russian Federation, Vanino",8.13,8.13,8.13,8.13,8.13,8.13,8.13,8.13,8.13,8.13,8.13,8.13,8.13,8.13,8.13,8.13,8.13,8.13,8.13,,,,,6.04,6.04,,,6.87,,,,,7.58,7.58,7.58,7.58,13.98,7.58,7.58,7.58,7.58,7.58,7.58,7.58,7.58,7.58,7.58,7.58,7.58,,,,,,,,,,,,,,,,,,,,,,,,,,,,,,,,,
"Russian Federation, Vladivostok",41.54,36.81,31.48,31.48,37.53,43.54,43.54,67.11,60.92,65.72,65.72,62.09,67.94,74.54,65.51,66.14,63.96,70.27,82.65,91.03,96.72,92.79,109.32,118.18,118.52,165.39,178.72,175.58,168.25,169.5,186.16,203.8,187.6,202.12,192.78,147.41,120.79,121.49,119.91,119.98,119.97,130.17,132.15,130.06,130.39,129.93,129.31,135.08,142.03,144.36,135.16,165.4,171.02,129.58,132.62,139.71,124.58,113.88,110.63,123.19,129.93,134.63,146.92,154.14,156.6,102.62,114.94,165.57,157.52,179.86,203.58,197.17,200.98,194.13,185.84,185.54,178.98,173.88,172.2,176.18,172.06,172.96
"Russian Federation, Vostochniy",52.11,47.82,55.53,55.53,54.87,54.87,52.82,68.98,65.37,68.62,68.62,69.29,75.21,69.32,57.88,58.52,57.72,64.56,69.33,69.17,71.57,80.76,102.33,111.87,119.33,154.09,155.14,155.78,177.51,165.03,156.68,156.61,161.35,135.5,138.96,175.36,168.46,169.24,157.54,184.97,178.94,153.04,139.73,131.02,131.54,120.64,81.19,71.45,69.11,77.41,67.74,81.54,80.78,79.94,79.94,80.53,64.06,64.06,62.9,76.58,87.68,78.39,87.79,90.63,64.06,59.67,86.33,75.47,55.99,67.45,77.55,101.19,91.48,70.9,70.41,79.41,85.64,83.25,85.44,73.23,79.68,89.87
"Russian Federation, Vyborg",6.03,6.03,6.03,6.03,6.03,6.03,6.03,7.5,7.5,7.5,8.37,8.37,8.37,8.37,,,,,,,,,,,,,,,,,,,,,,,,,,,,,,,,,,,,,,,,,,,,,,,,,,,,,,,,,,,,,,,,,,,,
"Russian Federation, Zarubino",,,,,,,,,,,,,,,,,,,,,,,,,,,,,,,,,,,,,,,,,,,,9,9,9,9,9,9,9,9,9,9,9,9,9,9,9,9,9,9,,,,,,,,,,,,,,,,,,,,,
"Saint Helena, Rupert's Bay",,,,,,,,,,,,,,,,,,,,,,,,,,,,,,,,,,,,,,,,,,,,,,,,,,,,,,,,,,,,,,,,,,,,,,,,,,7,7,7,7,7,7,7,7,7
"Saint Kitts and Nevis, Basseterre",23.26,22.62,22.62,22.62,22.62,34.86,41.25,34.24,34.28,34.28,34.28,42.08,42.08,42.08,42.08,42.08,42.08,42.08,42.08,30.42,29.79,29.79,29.79,30.42,30.42,30.42,30.42,30.42,30.42,23.84,33.64,33.64,33.64,33.64,33.64,34.28,35.37,35.37,35.37,34.28,35.55,39.32,39.32,39.23,40.18,40.18,47.22,47.19,47.19,40.16,40.16,47.19,46.56,46.56,46.8,46.16,39.12,39.13,39.13,29.74,29.74,29.74,29.74,25.93,25.93,25.93,25.93,25.95,25.95,13.5,13.5,13.5,13.5,13.5,13.5,13.5,13.5,13.5,21.81,21.81,21.81,21.81
"Saint Kitts and Nevis, Charlestown",,,,,,,,,,,,,,,,,,,,,,,,,,,,,,,,,,,,15.79,15.79,15.79,15.79,15.79,15.79,21.05,21.05,20.96,21.69,21.69,21.69,21.66,21.66,21.66,21.66,21.66,21.66,21.66,21.66,21.66,21.66,21.66,21.66,21.66,21.66,21.66,21.66,,,,,,,,,,,,,,,,,,,
"Saint Kitts and Nevis, Nevis",,,,,,17.34,17.34,,,,,,,,,,,,,,,,,,,,,,,,14.51,14.51,14.51,14.52,14.52,,,,,,,,,,,,,,,,,,,,,,,,,,,,,,,,,,,,,,,,,,,,,,,
"Saint Lucia, Port Castries",38.07,38.07,38.07,38.07,50.46,60.89,60.89,58.27,58.28,58.88,58.97,61.48,61.48,48.97,51.17,49.78,49.52,49.59,49.59,46.86,38.28,38.35,39,32.28,32.28,47.31,47.31,47.31,48.22,48.22,57.09,57.09,57.09,56.78,56.78,47.61,45.7,49.99,45.93,47.21,56.7,48.82,44.32,44.45,52.7,52.7,43.16,46.61,47.96,49.43,56.19,45.19,42.64,50.02,50.02,41.28,41.34,49.49,40.56,40.56,41.22,41.23,41.24,43.64,44.95,44.95,44.95,44.97,49.69,49.71,49.88,49.89,55.27,51.97,51.97,51.35,50.98,50.96,50.96,50.96,43.06,43.12
"Saint Lucia, Vieux Fort",36.36,36.36,36.36,36.36,36.94,49.45,44.63,38.89,38.86,44.85,44.85,47.44,47.44,38.95,38.95,38.95,38.86,38.86,38.86,30.37,30.37,30.37,39,48.15,49.43,49.43,49.4,49.4,49.96,54.01,50.33,50.33,42.82,42.82,42.82,34.87,34.87,34.87,42.51,34.87,24.43,25.7,25.7,25.7,25.7,25.7,25.7,25.7,16.04,16.04,16.04,16.04,,,,,,,,,,,,,,,,,,,,,,,,,,,,,,
"Saint Pierre and Miquelon, Miquelon",,,,,,,,,,,,,,,,,,,,,,,,,,,,,,,,,,,,,,,,,,,,,,,,,,,,,,,,,,,,,,,,,,,,,,,,9.65,9.65,9.37,9.37,9.37,9.37,9.37,9.37,9.37,9.37,9.37
"Saint Pierre and Miquelon, St Pierre",,,,,,,,,,,,,,,,,,,,,,,,,,,,,,,,,,,,,,,,,,,,,,,,,,,,,,,,,,,,,,,,,,,,,,,,9.65,9.65,9.37,9.37,9.37,9.37,9.37,9.37,15.14,15.14,15.14
"Saint Vincent and the Grenadines, Campden Park",,,,,,,,,,,,,,,,,,,,,,,,12.88,12.84,12.84,12.84,12.84,15.28,15.28,23,23,23,23,23,15.79,15.79,15.79,15.79,31.2,40.23,44.27,32.36,32.37,33.14,33.14,21.69,21.66,21.66,21.66,21.66,21.66,21.66,30.95,30.95,30.95,31.01,31.01,30.24,30.24,30.91,30.91,30.92,13.66,14.25,14.25,14.25,14.25,21.51,28.63,23.24,23.24,27.85,23.99,23.99,23.99,23.99,23.97,23.97,23.97,21.28,21.33
"Saint Vincent and the Grenadines, Kingstown",50.14,50.14,50.14,50.14,61.26,58.06,52.11,51.74,57.67,57.67,57.69,57.69,57.69,41.69,41.69,41.69,41.6,41.6,41.6,32.48,40.34,40.34,40.34,41.6,41.6,54.84,54.84,54.84,54.81,53.6,53.6,53.6,46.96,46.64,46.64,46.64,33.12,33.12,33.12,40.1,33.12,33.75,33.75,40.1,40.1,40.1,35.05,35.05,35.77,35.13,35.13,35.13,32.59,32.59,25.14,25.14,25.14,33.94,25.14,25.14,25.14,25.15,25.15,26.31,27.6,27.6,27.6,27.62,27.62,14.92,14.92,14.92,14.92,14.93,14.93,14.93,14.93,14.93,14.93,14.93,14.93,14.93
"Samoa, Apia",72.14,72.12,78.1,73.23,72.59,72.59,79.1,75.56,72.97,74.46,64.71,69.61,66.83,66.83,56.13,56.13,56.13,50.41,44.81,44.81,45.29,50.46,43.43,43.43,43.43,48.42,48.42,49.06,48.42,48.42,54.4,54.4,55.83,48.89,48.89,48.89,48.89,48.89,48.86,48.86,55.99,50.02,60.07,60.15,51.99,51.99,52.63,52.63,54.12,54.05,53.95,63.74,63.75,63.75,63.75,64.38,63.47,63.47,63.47,69.88,69.9,69.9,70.3,68.48,66.59,66.59,66.59,66.59,67.72,67.8,62.94,63.58,63.58,63.72,59.75,59.7,59.7,59.7,60.03,60.03,61.98,61.98
"Sao Tome and Principe, Sao Tome",22.06,21.42,21.98,21.03,12.33,12.33,13.24,13.24,11.98,22.26,22.26,22.26,24.57,24.57,13.8,13.8,26.17,32.58,32.18,30.7,30.27,35.71,35.71,34.39,34.39,34.39,31.63,31.81,33.7,34.35,33.73,33.03,37.82,33.32,24.7,24.64,31.47,29.5,24.72,24.52,29.71,27.52,27.51,27.51,27.49,27.49,27.49,24.89,22.4,24.33,30.41,30.41,30.47,30.47,30.47,36.31,27.31,27.31,27.31,27.31,27.31,23.15,23.02,23.1,23.1,23.1,23.04,23.1,23.1,23.1,24.52,24.52,24.52,24.79,24.85,24.85,28.18,28.11,28.11,28.11,28.11,28.11
"Saudi Arabia, Dammam",237.55,216.34,217.99,204.68,216.82,238.7,242.39,250.09,253.82,251.91,265.84,224.53,254.2,250.07,260.95,265.37,260.15,267.21,254.15,220.93,210.08,218.57,222.8,238.35,227.9,197.54,185.32,171.32,180.96,196.82,199.02,183.03,182.38,198.25,189.64,188.85,188.84,185.81,186.08,177.39,187.66,210.35,215.48,182.7,191.51,215.14,206.59,218.03,220.06,230.81,217.23,220.91,206.09,236.65,235.67,236.19,224.13,216.44,236.32,234,228.78,236.67,234.49,209.93,230.21,232.82,234.98,243.87,250.24,271.76,249.74,286.97,306.49,338.94,319.95,314.92,322.65,305.9,307.38,308.8,323.97,109.23
"Saudi Arabia, Dhuba",,,,,,,,,,,,,,,,,,,,,,,,,,,,,,,,,,,,,,,,,,,,,,,,,,,,,,,,,,,,,,,,,,,,,,,15.93,26.77,17.12,26.39,27.03,27.03,30.98,30.98,18.99,9.5,9.5,
"Saudi Arabia, Gizan",21.02,21.02,21.66,21.66,21.66,21.66,21.66,20.83,20.83,20.83,20.83,20.83,19.56,19.56,,,,,,,,,,,,,,,,,,,,,,,,,,,,,,,,,,,,,,,,,,,,,,,,,,,,,,,,,,,,,,,,,,,,
"Saudi Arabia, Jazan",,,,,,,,,,,,,,,,,,,,,,,,,,,,,,,,,,,,,,,,,,,,,,,,,,,,,,,,,,,,,,,,,,,,,,,,17.45,25.89,26.09,26.13,29.96,21.68,21.68,9.88,9.88,9.88,9.88
"Saudi Arabia, Jeddah",402.67,398.69,423.02,427.3,439.35,425.66,442.76,461.91,451.91,423.96,426.91,422.71,438.01,440.13,419.74,405.86,424.03,432.63,451.86,443.67,452.09,432.38,453.5,457.63,428.32,425.67,423.24,423.5,415.08,430.53,426.83,435.08,428.39,410.4,418.62,410.51,381.55,381.51,387.51,376.62,379.27,386.86,382.68,347.53,352.82,364.36,382.7,378.68,388.62,385.69,381.3,383,365.13,365.25,366.41,387.56,386.13,377.89,374.88,372.58,377.78,381.58,383.01,379.33,384.85,395.42,403.2,416.63,447.69,480.14,564.65,557.57,457.39,358.32,376.02,382.81,406.12,423.2,431.52,393.1,403.06,463.02
"Saudi Arabia, Jubail",,,,,13.55,20.87,20.88,11.47,12.11,12.11,18.91,12.11,12.11,35.59,41.11,60.93,60.81,48.22,51.18,53.83,29.8,,16.59,30.88,47.41,64.41,86.73,71.65,83.1,87.15,98.37,98.12,105.25,111.71,112.6,128.37,128.4,146.1,137.04,137.55,144.57,153.79,146.67,152.29,158.49,194.95,178.55,167.75,170.04,153.76,160.7,157.68,147.27,149.93,146.83,144.46,147.25,161.16,157.68,167.42,164.55,175.99,162.76,148.38,142.52,130.3,136.53,138.27,153.33,153.35,157.23,149.47,149.75,138.25,153.36,165.99,167.35,156.58,160.04,168.41,153.98,40.57
"Saudi Arabia, King Abdullah",,,,,,,,,,,,,,,,,,,,,,,,,,,,,,,,50.31,50.39,92.48,109.09,106.87,140.51,158.26,172.48,145.43,144.65,158.45,167.56,188.19,193.37,197.51,188.48,184.4,205.62,227.19,208.11,198.19,192.47,213.46,219.12,215.77,216.85,214.62,235.2,244.66,244.25,246.76,236.43,230.04,222.08,225.26,224.65,223.62,235.21,252.51,260.05,278.52,87.75,87.66,84.46,86.85,61.3,93.9,82.93,94.65,98.97,96
"Saudi Arabia, Yanbu",10.41,10.41,10.41,10.41,10.41,10.41,10.41,10.41,10.41,,,,24.63,24.63,22.52,22.52,22.52,22.52,21.88,21.88,21.88,21.88,16.81,,16.17,16.17,24.37,30.52,34.54,34.54,39.13,39.13,39.13,41.4,45.97,45.97,46.16,46.21,46.15,46.15,45.86,45.87,45.87,45.87,45.91,45.91,,,,,,,,,,,,14.45,,,15.71,12.92,,,,,,,,,,,,19.36,19.36,19.36,19.36,19.36,18.99,,,
"Senegal, Dakar",140.51,154.08,147.04,149.25,148.04,148.37,149.41,144.56,140.49,163.09,152.06,142.35,146.11,141.64,147.27,139.17,152.4,130.7,135.26,125.48,134.09,129.44,134.49,133.61,129.95,115.49,114.05,112.49,99.6,114.12,117.74,118.5,119.35,119.7,128.62,131.06,138.48,135.55,133.28,152.04,140.71,140.15,139.52,136.15,135.67,140.33,134.5,143.35,146.85,143.24,148.26,128.13,122.21,122.13,119.94,119.19,122.78,125.28,135.57,134.86,126.92,124.25,130.75,132.15,130.17,129.79,138.84,130.93,134.69,147.76,156.96,137.88,132.92,142.26,150.44,136.61,141.97,163.58,165.54,166.27,146.83,150.67
"Senegal, Ziguinchor",,,,,,,,,,8.88,8.88,8.88,,,,,,,,,,,,,,,,,,,,,,,,,,,,,,,,,,,,,,,,,,,,,,,,,,,,,,,,,,,,,,,,,,,,,,
"Seychelles, Mahe (SC)",13.78,13.78,13.78,13.78,13.78,13.78,13.78,13.78,13.78,13.78,13.78,13.78,18.5,,,,,,,,,,,,,,,,,,,,,,,,,,,,,,,,,,,,,,,,,,,,,,,,,,,,,,,,,,,,,,,,,,,,,
"Seychelles, Port Victoria",20.54,35.55,39.28,41.14,41.2,33.49,33.03,28.12,28.02,28.02,28.15,26.88,28.74,45.69,45.84,38.58,38.58,38.78,40.11,46.83,46.83,37.77,35.22,49.55,50.46,55.99,51.91,55.48,52.75,53.36,53.01,52.98,53.4,55.3,56.42,55.38,50.19,50.19,50.19,54.03,60.93,53.8,39.08,40.81,40.82,40.74,39.81,41.18,40.64,43.14,43.12,47.79,50.85,50.86,47.79,48.45,55.08,51.75,51.56,44.92,44.85,49.79,45.47,46.53,47.81,50.96,50.97,50.93,50.82,47.73,46.92,44.32,44.28,44.24,44.25,47.55,47.56,48.09,48.18,35.79,35.79,35.61
"Sierra Leone, Freetown",21.39,25.22,28.09,25.5,23.31,22.04,22.04,34.02,34.02,34.07,34.19,35.57,36.43,39.13,27.38,27.38,27.45,29.5,27.28,27.28,29.97,27.97,24.74,28.68,34.95,35.58,33.71,43.74,42.7,42.06,43.85,49.57,52.65,59.63,52.28,52.36,49.65,58.41,57.8,51.91,49.41,44,44.2,46.51,43.99,44.06,47.52,48.56,49.84,53.76,47.91,34.65,34.65,34.71,35.15,31.84,34.49,34.49,60.57,60.32,34.62,34.18,24.24,40.05,39.01,38.76,38.94,37.52,38.76,50.55,46.36,47.79,48.69,42.79,45.24,36.86,44.12,52.98,60.67,60.6,54.79,59.39
"Singapore, Jurong",,,,,,,47.08,47.07,49.88,47.91,48.01,26.43,,,,,,,,,,,,,,,,,,,,,,,,,,,,,,,,,,,,,,,,,,,,,,,,,,,,,,,,,,,,,,,,,,,,,,
"Singapore, Singapore",1567.25,1546.39,1546.19,1591.02,1583.86,1614.55,1610.87,1644.63,1681.5,1685.77,1714.46,1674.29,1613.8,1587.14,1620.07,1616.99,1614.19,1650.46,1716.13,1706.34,1699.7,1733.03,1713.65,1724.19,1643.93,1635.45,1664.83,1655.59,1619.11,1644.7,1693.73,1674.32,1637.33,1617.48,1592.75,1613.58,1617.45,1606.46,1626,1651.21,1645.6,1619.17,1645.37,1570.73,1585.24,1637.64,1674.45,1710.48,1758.11,1776.31,1753.15,1746.15,1700.53,1703.51,1695.32,1647.55,1669.65,1643.39,1673.47,1729.59,1706.44,1708.02,1690.14,1650.99,1671.14,1643.87,1683.54,1708.31,1720.22,1731.53,1773.9,1768.72,1742.23,1724.72,1752.89,1720.54,1786.06,1822.47,1859.03,1876.95,1874.42,1833.94
"Sint Maarten (Dutch part), Philipsburg",66.21,71.52,66.25,66.22,65.71,74.99,81.44,66.95,67.62,64.36,51.77,52.87,52.87,52.44,54.4,53.72,53.71,53.72,53.72,57.37,57.35,63.87,63.93,74.25,74.94,74.94,74.91,74.91,74.95,70.95,74.32,74.13,74.72,74.72,74.72,65.97,66.02,71.52,71.52,73.06,73.83,84.98,84.98,84.98,87.35,86.42,90.29,92.08,92.1,79.91,79.98,79.98,78.68,88.8,84.79,83.52,80.31,79.99,72.47,72.45,77.81,77.81,77.85,60.51,59.62,59.65,59.62,59.65,59.9,59.92,60.6,60.61,60.69,62.09,62.09,61.48,60.25,60.23,65.32,65.32,61.24,65.49
"Slovenia, Koper",113.1,111.87,113.57,125.76,127.85,124.79,127.78,131.59,137.29,137.43,134.35,136.23,123.67,121.54,120.97,122.61,126.42,126.5,146.28,139.89,145.14,144.68,147.83,144.44,127.71,144.12,146.54,146.34,144.25,142.26,140.19,141.38,137.49,144.08,144.82,154.19,171.02,163.91,169.67,178.03,184.12,168.58,162.77,173.07,170.57,177.79,173.56,163.55,163.96,159.06,157.87,157.36,152.94,159.87,164.93,173.21,170.65,170.43,156.86,151.77,151.91,151.95,155.99,156.34,158.96,170.05,171.83,172.6,165.44,174.82,172.66,174.49,180.64,175.95,176.59,173.96,173.03,176.07,176.08,179.88,177.91,181.87
"Solomon Islands, Honiara",36.26,43.95,37.73,37.73,37.73,37.73,37.73,45.35,45.38,46.02,53.27,58.53,58.53,56.07,53.64,53.67,50.45,40.79,46.31,46.33,47.08,60.01,59.33,66.1,67.38,69.95,67.35,67.35,66.45,67.33,72.74,78.74,81.24,83.66,83.66,77.81,77.81,79.6,73.6,72.21,76.09,70.78,63.91,63.92,69.61,77.32,76.67,72.14,72.16,73.36,74.4,75.18,75.18,75.18,75.86,64.52,64.52,64.52,59.44,64.88,64.25,64.25,64.25,59.44,59.44,59.37,59.37,59.34,68.7,61.42,62.72,61.44,61.44,61.29,61.29,61.28,61.36,61.36,60.75,60.65,60.65,60.65
"Solomon Islands, Noro",,,,,,,,,,,,,,,,,,,8.47,8.47,8.47,25.08,25.08,25.08,25.08,25.08,34.37,34.37,34.37,34.37,40.37,40.33,26.21,18.34,18.34,18.34,18.29,25.33,25.32,17.7,17.7,11.12,11.12,11.12,11.12,12.14,12.14,12.78,12.78,12.14,23.27,23.27,23.27,23.27,23.27,22.79,22.79,22.79,22.6,12.12,12.78,12.78,12.78,12.76,12.76,12.12,12.12,12.12,11.49,12.19,12.19,12.19,12.19,12.43,12.43,11.5,11.5,12.43,12.43,12.43,11.5,11.5
"Somalia, Berbera",17.68,17.68,17.67,18.97,18.97,18.97,17.92,17.92,17.92,17.05,17.05,17.05,17.05,17.05,20.19,20.19,20.45,21.17,21.15,21.2,21.2,21.2,21.69,21.69,,,7.46,7.46,18.68,18.68,18.68,23.67,23.67,23.67,28.69,28.69,39.6,39.6,34.43,39.31,41.08,39.79,39.79,39.44,37.47,44.48,44.48,44.87,47.22,41.65,38.13,32.94,31.86,31.86,36.28,35.59,33.1,33.1,33.06,38.74,47.45,44.38,50.26,48.22,52.79,50.29,47.14,47.21,53.61,48.64,49.16,56.56,48,63.85,56.1,63.75,64.15,71.13,48.18,59.55,41.35,41.99
"Somalia, Bossaso",,,,,,,,,,,,,,,,,,,,,,,,,,,,,,,,,,,,,,,,,,,,,,,,,,,,,,,,,,,,,11.18,11.18,11.18,11.18,11.18,,,,,,,,,,,,,,,,,
"Somalia, Kismayu",,,,,,,,,,,,,,,,,,,,,,,,,,,,,,,,,,,,15.27,15.9,15.9,16.56,16.56,18.24,16.95,16.95,,,,,18.22,18.14,19.96,19.54,19.5,19.53,17.31,18.8,24.39,26.14,26.14,26.15,25.75,32.25,31.61,31.6,32.72,30.48,23.56,23.56,26.14,26.32,27.58,27.58,26.63,26.63,7.49,7.49,7.49,15.33,7.49,7.49,7.49,7.49,7.49
"Somalia, Mogadiscio",12.7,12.7,12.7,12.7,12.7,12.7,12.7,12.7,12.7,12.7,12.7,12.7,12.7,12.7,12.7,12.7,12.7,12.7,11.82,11.82,11.82,11.82,11.82,11.82,,,,,,12.02,18.26,18.26,24.45,27.15,27.69,28.32,32.92,32.92,27.76,34.21,33.68,36.49,37.76,40.91,40.89,42.1,43.49,50.7,36.85,39.31,38.89,41.4,45.47,44.57,39.42,39.62,40.98,45.98,46.65,46.35,53.49,47.02,37.69,47.39,47.91,48.18,48.18,48.92,48.47,44.16,44.16,47.25,38.04,31.91,47.57,49.06,55.67,45.79,45.78,46.41,47.21,38.4
"South Africa, Cape Town",171.46,181.6,180.04,180.67,185.05,175.94,193.24,184.25,186.37,186.85,187.49,180.3,178.04,183.2,213.43,210.86,206.54,204,203.13,195.67,219.1,187.01,196.36,190.86,197.39,185.07,204.8,202.92,227.51,226.81,204.87,199.84,196.29,196.24,214.33,206.32,214.23,207.81,217.04,216.98,225.32,210.54,214.13,217.06,212.56,219.77,179.7,185.72,173.94,159.3,159.43,167.22,177.73,176.47,172.6,182.87,181.68,172.88,170.54,165.2,172.55,165.91,172.93,155.77,154.41,162.35,162.24,161.17,159.21,160.15,162.6,160.93,152.48,155.99,154.73,151.95,154.47,160.22,159.32,150.43,187.6,171.25
"South Africa, Coega",,,,,,,,,,,,,,,,,,51.22,54.06,53,53.08,58.1,91.54,93.75,84.82,80.72,81.54,53.58,54.94,61.54,129.63,124.83,111.13,134.76,135.27,132.27,126.13,127.49,118.05,118.04,122.65,108.04,120.22,135.08,119.66,117,99.98,101.16,97.84,98.04,98.11,97.55,89.49,112.71,112.94,100.17,99.1,97.39,98.62,86.77,95.42,104.46,90.15,105.79,103.1,107.6,105.47,83.3,82.25,110.65,119.34,114.27,109.35,117.14,116.24,118.77,87.83,82.78,83.22,92.46,118.71,100.04
"South Africa, Durban",298.96,299.92,312.11,327.5,348.6,340.24,364.75,348.82,352.56,349.83,359.76,352.39,356.18,347.37,353.07,359.54,355.17,366.05,372.91,366.68,372.72,373.81,348.5,339.73,327.26,310.25,314.27,297.59,317.76,324.96,338.06,333.31,317.93,322.36,309.2,301.28,297.59,295.66,277.31,267.02,266.08,248.85,236.88,224.82,223.62,222.67,244.87,249.57,241.65,243.93,246.51,232.18,230.68,227.56,228.76,235.73,231.21,231.57,234.17,228.43,235.07,235.74,235.58,217.93,225.54,222.13,221.4,221.68,219.2,231.97,222.11,225.8,223.08,221.27,210.6,206.65,205.48,210.59,211.99,206.47,209.73,205.08
"South Africa, East London",28.49,29.02,29.02,21.71,26.15,26.16,26.18,26.18,26.17,26.15,26.15,24.93,24.93,30.79,,,,,,10.52,10.52,10.52,10.52,10.52,10.52,10.52,10.52,10.52,10.52,10.52,10.52,10.52,10.52,10.52,10.52,10.52,10.52,10.52,10.52,10.52,10.52,10.52,10.52,11.25,11.25,11.25,11.25,11.25,11.25,11.25,11.25,11.25,11.25,11.25,11.25,11.25,11.25,11.25,11.25,11.25,11.25,10.93,10.93,11.09,11.09,11.09,11.09,11.09,11.09,11.09,11.09,11.09,11.09,17.92,10.76,10.76,10.76,10.76,10.76,10.76,10.76,10.76
"South Africa, Port Elizabeth",104.84,108.34,105.37,104.78,112.03,113.81,111.08,113.27,116.87,119.99,120.58,109.89,113.82,111.73,109.94,102.41,102.72,102.99,104.1,123.43,123.3,121.62,113.15,106.15,109.38,119.94,124.62,147.97,148.91,155.65,150.03,134.54,94.45,104.62,112.82,114.08,114.2,119.59,132.52,122.1,123.61,120.76,109.56,115.06,114.92,114.03,115.64,119.85,115.53,123.77,131.79,126.38,151.57,133.85,134.41,117.48,84.12,96.72,92.67,101.39,101.32,91.6,99.35,81.69,81.57,80.99,81.64,81.72,73.87,74.07,81.58,74.72,83.33,91.8,89.57,55.13,88,97.84,108.22,81.18,100.73,111.41
"South Africa, Richards Bay",41.99,41.95,41.95,41.95,41.95,41.95,42.43,41.99,41.99,38.78,38.74,38.74,38.13,37.68,37.68,38.16,44.62,44.62,44.93,42.88,42.9,42.9,43.54,43.54,49.44,49.47,49.47,50.13,45.44,51.97,53.3,53.43,53.43,53.42,54.05,53.55,44.01,44.26,38.08,34.9,34.9,34.91,37.64,37.64,37.54,37.54,37.54,37.54,34.94,34.94,34.94,35.22,26.77,26.14,26.14,26.14,26.14,26.14,26.14,26.14,26.14,26.14,26.14,26.14,26.11,26.06,26.05,26.05,26.05,26.05,26.05,26.05,17.57,16.94,18.32,18.32,18.32,17.32,17.32,17.32,17.32,17.32
"South Africa, Saldanha Bay",,,,,,,,,,,10.36,10.36,10.36,10.36,10.36,10.36,10.36,10.36,10.36,10.36,10.36,10.36,10.36,10.36,,,,,,,,,,,,,,,,,,,,,,,,,,,,,,,,,,,,,,,,,,,,,,,,,,,,,,,,,,
"Spain, Agaete",,,,,,,,,,,,,,,,,,,,,,,,,,,,,,,,,,,,,,,14.29,,,,,,,,,,,,,,,,,,,,,,,,,,,,,,,,,,,,,,,,,,,
"Spain, Algeciras",274.08,311.91,306.51,313.52,336.59,285.2,279.55,263.76,264.95,275.45,264.7,269.31,270.64,288.16,302.2,304.73,306.14,326.07,321.21,337,344.25,311.48,390.27,418.05,395.19,349.23,390.37,414.34,420.15,421.23,429.1,415.2,414.3,438.41,427.78,424.95,415.2,404.94,456.48,481.02,472.15,477.24,498.27,486.91,490.58,498.47,502.93,508.23,520.68,513.49,505.76,448.85,458.61,467.87,484.6,485.48,476.02,490.22,492.43,489.23,472.99,511.83,510.04,507.93,489.25,497.21,496.81,496.6,485.52,507.99,524.57,526.43,535.34,558.43,546.74,551.79,542.58,519.03,518.48,511.86,513.17,519.21
"Spain, Alicante",37.45,37.45,37.45,46.63,46.63,46.63,38.48,47.99,53.45,54.12,49.33,49.33,46.02,46.66,39.14,40.37,37.68,44.99,41.41,51.56,38.91,50.09,50.16,51.33,55.42,57.58,57.58,54.08,55.4,55.4,55.4,55.4,55.4,54.13,54.11,54.06,54.06,42.98,42.98,52.52,52.52,52.52,52.52,61.11,61.11,61.11,59.35,59.35,59.35,59.35,48.72,48.76,49.39,40.65,40.81,47.18,41.78,41.78,38.3,46.09,46.09,44.21,41.34,35.05,35.05,35.05,38.88,38.88,38.88,39.25,46.94,46.9,46.94,46.94,50.09,49.71,48.18,47.63,47.69,47.68,47.68,47.69
"Spain, Almeria",,,,,,,,,,,,,,,,,,11.35,12.84,12.84,11.6,11.6,11.6,11.58,11.58,10.96,10.96,11.31,14.29,14.29,35.23,35.23,36.58,36.58,35.31,15.59,,,15.59,,,,,13.68,13.68,13.68,13.68,13.68,13.68,13.68,20.98,20.98,28.29,28.29,28.29,20.98,21.73,21.73,21.73,14.34,14.34,11.16,10.47,10.47,10.47,10.47,10.47,10.47,10.47,10.47,10.52,10.52,10.52,10.52,10.52,10.88,10.88,10.88,10.88,10.88,10.88,10.88
"Spain, Arrecife",34.03,45.46,45.46,45.46,35.48,35.48,35.48,48.55,48.55,50.17,42.92,39.74,39.74,39.74,28.56,38.6,34.73,34.73,37.1,37.1,37.1,43.68,43.68,45.86,45.23,33.32,33.32,30.57,30.57,30.57,30.57,30.57,30.57,30.57,30.23,30.23,30.23,35.66,39.11,39.14,41.73,41.73,41.73,38.52,46.55,46.55,46.55,46.55,46.55,52.21,55.36,55.36,54.72,54.19,54.25,57.61,54.25,54.25,54.89,55.02,55.02,61.76,52.7,45.9,45.9,45.9,52.6,52.6,52.54,52.7,52.63,51.99,51.99,51.35,54.5,54.53,52.71,51.79,51.83,53.85,55.12,55.12
"Spain, Aviles",,,,,,,,,,,,,,20.17,20.17,21.37,21.37,21.37,21.37,10.45,10.45,,,,,,,,,,8.18,,,,,,,,,,,,,,,,,,,,,,,,,,,,,,,,,,,,10.17,10.17,10.17,10.17,10.17,10.17,10.17,10.17,10.17,10.17,10.17,10.17,10.17,10.17,10.17,10.17
"Spain, Barcelona",443.16,466.71,484.43,490.92,477.42,485.28,491.64,484.18,478.26,453.22,473.21,471.83,433.77,425.06,431.41,418.22,425.15,422.98,426.65,453.32,443.2,446.19,449.45,451.04,445.7,414,413.3,400.11,397.39,391.03,405.26,406.35,396.94,397.58,396.42,412.26,427.82,446.38,455.91,437.83,429.84,436.15,445.88,459.15,455.47,447.33,458.33,474.58,468.14,442.81,412.78,422.68,418.81,442.62,429.7,440.88,448.84,434.95,424.78,431.58,434.07,443.09,451.14,459.5,461.59,442.38,450.22,472.33,460.13,471.1,495.93,496.28,498.84,520.71,506.17,492.82,476.98,493.35,473.55,482.93,471.62,474.38
"Spain, Bilbao",178.35,187.48,190.9,185.8,186.57,188.01,198.35,206.3,207.57,207.22,179.07,176.66,188.41,175.43,160.18,162.24,162.35,171.57,187.52,181.92,184.03,178.4,173.96,178.24,172.99,180.46,178.88,170.46,174.91,165.57,168.26,192,179.07,181.66,179.68,177.92,177.5,183.97,191.54,189.29,191.64,190.84,177.37,151.17,151.85,149.02,132.44,128.19,128.15,134.03,127.95,122.27,121.44,119.76,120.45,110.5,120.95,125.5,114.91,118.85,121.9,121.75,117.43,117.48,117.8,111.7,111.12,115.36,111.93,133.91,126.39,128.37,104.72,112.49,99.82,100.4,93.87,93.78,102.38,94.35,147.13,140.83
"Spain, Cadiz",50.89,55.47,55.47,54.43,44.41,44.6,43.97,51.96,51.96,51.4,54.03,48.93,42.37,48.11,49.99,42.98,44.18,41.07,41.01,45.01,44.57,48.66,48.66,27.57,30.11,28.51,33.87,26.3,34.31,30.92,31.55,30.28,29.66,30.21,38.79,36.99,36.5,36.49,36.53,26.67,26.64,26.56,26.56,26.72,19.33,19.33,22.26,19.29,20.95,22.38,32.95,33.02,32.42,21.29,21.29,21.29,21.29,38,37.11,41.95,43.17,55.7,56.04,60.98,60.37,60.37,54.95,55.16,55.91,56.96,56.74,48.71,48.64,56.67,54.84,55.65,57.68,48.75,48.75,48.41,49.68,49.68
"Spain, Cartagena (ES)",28.14,31.12,48.95,52.87,41.25,41.25,40.62,34.15,39.18,34.92,34.94,42.33,42.37,39.58,38.31,40.83,50.49,39.76,39.76,39.15,39.15,41.87,42.48,44.08,44.08,42.71,42.71,63.06,46.42,46.42,44.16,41.41,45.21,45.21,45.21,33.27,34.84,36.28,36.28,27.07,36.92,48.78,60.61,59.97,45.48,48.8,48.78,39.57,46.88,66.99,48.84,48.86,47.84,42.37,42.37,44.08,44.8,34.2,34.8,44.18,43.49,40.85,40.13,40.15,40.15,40.15,38.68,39.35,27.74,27.78,19.04,18.73,18.77,21.62,21.62,32.33,32.33,32.33,32.33,32.33,32.33,32.33
"Spain, Castellon",42.99,35.31,80.63,80.67,79.73,83.04,69.98,73.32,70.82,73.72,74.24,67.9,67.91,57.86,59.18,52.2,65.33,73.19,73.8,80.13,74.67,70.92,87.33,86.23,68.4,67.09,73.11,87.96,93.2,102.49,101.12,89.94,105.48,113.69,111.9,120.72,121.1,118.09,115.66,116.31,108.51,106.76,108.98,111.07,111.76,116.45,120.86,120.1,129.61,129.68,122.44,112.94,112.6,113.76,111.63,123.54,126.26,128.09,128.33,120.21,97.57,112.01,113.43,97.57,73.62,70.08,73.32,73.27,73.28,65.19,71.57,77.45,71.86,72.9,85.28,85.86,85.86,85.86,86.01,86.26,86.96,80.02
"Spain, Ceuta",11.43,15.85,19.53,19.53,19.53,19.53,19.53,19.53,19.53,19.56,19.56,11.96,11.96,11.96,11.96,11.96,11.96,11.96,11.96,11.96,11.96,11.96,11.96,11.33,11.33,11.33,11.33,11.33,,,,,,,,,,,,,,,,,,,,,,,,,,,,,11.75,11.75,11.75,,,,,,,,,,,,,,,,,,11.03,11.03,11.03,11.03,11.03,11.03
"Spain, Ferrol",17.7,17.7,17.7,9.06,18.66,18.66,18.66,26.42,34.26,26.93,26.93,27.93,29.2,37.86,37.22,38.43,38.43,38.43,38.43,19.29,22.48,12.26,12.26,12.26,12.26,12.26,12.26,12.26,12.26,8.97,8.97,8.97,8.97,8.97,8.97,8.97,8.97,8.97,8.97,8.97,8.97,8.97,8.97,8.97,8.97,8.97,8.97,8.97,8.97,8.97,26.16,26.18,25.16,25.28,25.28,29.37,29.37,28.15,27.45,33.53,33.56,34.23,34.2,34.17,35.06,49.84,55.3,54.47,59.91,67.75,55.98,49.43,50.27,45.46,44.69,37.37,39.39,29.99,29.99,28.32,28.32,28.32
"Spain, Gandia",7.8,7.8,7.8,7.8,7.8,7.8,7.8,7.8,7.81,7.81,7.81,7.81,7.81,7.81,7.81,7.81,7.81,7.81,7.81,7.81,7.81,7.81,7.81,7.81,7.81,7.81,7.81,7.81,7.81,,,,,,,,,,,,,,,,,,,,,,,,,,,,,,,,,,,,,,,,,,,,,,,,,,,,,
"Spain, Gijon",17.48,25.87,9.4,9.4,20.04,20.04,20.04,42.85,42.27,46.73,34.41,34.03,39.39,35.31,33.74,28.08,28.11,31.54,28.09,28.06,28.09,35.66,35.65,27.43,27.43,27.43,27.47,42.72,50.34,50.34,50.34,53.95,53.88,53.88,53.82,53.82,40.19,45.95,45.89,42.66,46.21,45.63,38.96,28.07,29.03,29.03,29.43,34.25,34.21,34.37,45.07,45.07,43.41,44.03,44.66,36.94,43.61,42.17,50.27,50.79,41.68,37.91,37.73,37.73,37.73,45.91,45.27,49.94,46.06,51.72,44.09,43.97,43.94,43.59,41.73,32.46,32.44,32.44,42.83,48.54,56.16,54.11
"Spain, Huelva",12.95,12.95,12.95,12.95,12.95,12.95,12.95,12.95,12.95,12.95,12.95,12.95,12.95,12.95,12.95,12.95,12.95,12.95,12.95,12.95,12.95,,8.52,17.58,8.52,,,,,,,15.56,15.56,15.56,15.56,13.64,13.64,,,13.02,14.34,14.34,20.34,19.82,19.07,19.09,25.77,30.19,30.19,36.43,33.81,26.45,25.44,26.19,26.19,22.31,36.26,35.62,20.41,32.62,32.62,33.31,22.35,22.37,22.98,22.98,22.98,22.98,28.18,28.18,36.19,36.19,29.79,29.79,29.79,30.32,30.32,30.46,43.98,36.58,37.02,50.32
"Spain, La Corunna",12.03,12.03,12.03,21.21,21.86,21.86,21.86,32.84,31.76,31.78,11.75,11.75,12.38,38.36,37.72,37.72,38.36,28.5,28.5,28.5,28.5,12.38,,12.38,12.38,13.02,12.38,12.38,9.11,9.11,23.27,21.37,21.37,21.37,21.37,9.11,9.11,22.56,22.56,22.56,21.69,21.69,21.69,21.69,21.69,25.47,16.52,16.52,16.52,16.52,,,,,,,,,,,,,,,,,,,,,,,,,,,,,,,,
"Spain, Las Palmas",226.32,238.07,238.13,247.41,245.32,243.99,244.55,264.42,238.9,220.61,224.29,234.09,234.38,234.98,206.81,214.14,207.03,217.61,226.7,214.02,224.82,226.6,226.51,229.83,224.33,218.04,219.15,229.98,227.54,228.04,213.77,205.79,199.26,186.38,183.64,182.65,184.4,188.22,198.54,229.22,215.47,208.18,217.39,206.32,206.79,209.96,205.22,210.36,207.27,211.46,215.77,216.98,216.62,220.11,226.57,235.67,239.32,233.87,238.97,227.19,216.67,229.04,226.16,221.81,214.44,224.1,230.11,229.61,221.61,233.98,242.33,240.29,239.24,240.49,231.41,227.17,215.41,225.4,294.32,292.35,298,264.87
"Spain, Malaga",81.27,102.81,92.54,92.07,94.2,91.01,93.34,62.81,23.18,84.17,91.56,74.1,72.31,37.71,59.93,36.4,82.44,49.79,95.68,92.3,99.68,64.67,44.72,51.62,97.54,112.99,97.89,10.47,10.47,10.47,10.47,10.47,10.47,10.47,10.47,10.47,10.47,10.47,10.47,10.47,10.47,10.47,10.47,10.47,10.47,10.47,10.47,10.47,10.47,10.47,10.47,106.6,104.56,104.62,103.44,86.33,35.55,35.55,11.16,46.75,46.86,43.14,40.8,42.83,40.74,90.55,89.9,31.88,33.13,33.17,33.8,33.76,33.83,34.48,34.48,103.21,141.67,159.95,161.04,141.05,134.79,131.22
"Spain, Marin",9.33,9.33,9.33,9.33,9.33,29.37,29.37,27.48,27.48,37.92,37.53,37.53,37.03,37.03,35.95,35.76,35.76,35.76,35.41,37.23,38.49,28.58,28.58,27.18,27.18,33.22,31.32,25.34,32.89,35.41,31.97,31.97,31.97,31.97,31.97,31.97,44.57,47.35,47.35,47.36,47.35,60.47,61.9,62.7,62.66,65.3,62.66,65.13,49.03,45.16,29.42,29.42,29.43,29.41,29.43,21.89,,,,10.52,10.52,10.52,10.52,10.52,11.41,11.41,11.41,11.41,11.41,11.41,10.52,10.52,10.52,10.5,9.19,18.3,18.3,16.82,16.87,10.52,10.52,10.52
"Spain, Melilla",21.24,15.85,15.85,25.29,25.29,25.29,24.66,24.66,30.33,26.06,26.06,22.84,22.84,22.22,11.33,27.67,37.61,23.19,31.55,31.19,20.37,20.37,20.97,23.89,23.89,11.5,11.5,23.56,24.78,34.37,35.02,32.49,29.64,29.64,30.28,20.96,21.6,29.54,29.54,20.33,20.33,20.75,20.18,20.44,19.54,20.37,21,21.02,29.6,21.02,21.02,21.65,21.01,21.01,21.01,20.98,11.75,11.75,11.75,12.06,12.06,12.6,,,,,,,,,,,,,,,,,,,,
"Spain, Motril",,,,,,,,,,,,,,,,13.3,13.3,13.3,13.3,13.3,13.3,13.31,13.3,15.54,15.54,13.94,13.94,15.21,16.2,16.2,16.83,14.69,13.75,13.75,13.75,,,,,,,,,,,,,,,,,,,,,,,,,,,,,,,,,,,,,,,,,,,,,,,
"Spain, Palma de Mallorca",16.91,16.91,16.91,16.91,16.91,16.91,16.91,16.91,16.91,16.91,16.91,16.91,16.91,16.91,16.91,16.91,16.91,16.91,16.91,16.91,16.91,16.91,16.91,16.91,16.91,,,,,,7.91,7.91,7.91,7.91,7.91,7.91,7.91,7.91,7.91,7.91,,,,,,,,,,,,,,,,,,,,,,,,,,,,,,,,,,,,,,,,,,
"Spain, Pasajes",,,,,,,,,,,,,,,,,11.34,11.34,11.34,11.34,11.34,,,,,,,,,,,,,,,,,9.67,9.67,8.4,8.4,8.4,11.03,,,,,,,,,,,,,,,,,,,,,,,,,,,,,,,,,,,,,,,
"Spain, Puerto Del Rosario",22.11,22.11,22.11,22.11,10.06,10.06,10.06,31.72,31.72,31.72,28.07,28.07,28.07,28.07,11.29,11.29,11.29,11.29,12.2,13.12,21.78,22.41,22.41,21.78,21.78,21.78,21.78,21.78,21.78,21.86,21.86,21.86,21.86,13.12,13.12,13.12,13.12,13.76,13.76,13.76,13.76,13.76,13.1,13.1,13.73,13.73,20.39,20.39,20.39,30.36,31,30.99,30.36,29.51,30.53,30.57,30.57,30.57,31.2,21.9,31.2,31.26,30.59,30.59,30.59,30.59,30.59,30.59,30.53,30.53,30.61,29.98,29.98,29.34,29.34,29.37,29.37,29.13,29.13,31.14,32.42,32.42
"Spain, Sagunto",33.18,31.19,38.44,25.73,25.73,25.73,25.73,25.73,25.73,25.73,25.69,25.69,25.69,25.69,25.69,36.94,30.27,30.27,37.02,28.68,28.68,28.68,28.68,21.94,,,,16.32,16.32,16.32,16.32,16.32,36.22,45.33,45.72,43.25,56.08,58.54,65.77,65.76,62.09,54,54,76.13,53.99,39.88,62.65,61.38,62.02,54.94,10.6,34.01,33.91,33.27,34.51,34.64,34.64,34.64,34.64,34.64,34.64,34.64,35.13,35.12,35.2,28.09,28.08,34.85,34.85,40.76,37.9,46.18,35.69,35.68,29.97,30.23,30.36,30.36,30.36,30.36,38.66,38.66
"Spain, San Sebastian de la Gomera",15.41,15.41,15.41,15.41,,,,,,,,,,,,,,,,,,,,,,,,,,,,,,,,,,,,,,,,,,,,,,,,,,,,,,,,,,,,,,,,,,,,,,,,,,,,,,
"Spain, Santa Cruz de la Palma",38.51,41.36,41.36,41.36,31.38,31.38,31.38,35.69,35.69,35.69,23.99,20.81,20.81,20.81,20.81,21.45,21.45,21.45,13.3,13.3,13.3,24.54,24.54,26.78,26.78,15.02,15.02,15.02,15.02,15.02,15.02,15.02,15.02,,,,,,,,,,,16.48,16.48,16.48,16.48,16.48,16.48,16.48,16.48,16.48,16.48,22.24,22.3,23.3,23.3,23.3,23.3,23.3,23.3,23.3,22.62,19.97,19.97,19.97,19.97,19.97,19.97,19.97,19.97,19.97,19.97,19.97,19.97,20,20,19.76,19.76,19.76,19.76,19.76
"Spain, Santa Cruz de Tenerife",129.44,117.05,119.47,127.7,127.06,128.63,129.04,131.76,111.34,118.44,121.75,101.26,97.85,97.13,105.59,112.43,111.63,111.63,125.36,118.69,118.07,105.6,104.52,125.9,119.12,112.52,95.61,104.55,95.13,95.17,95.83,99.92,97.04,96.41,96.39,91.33,91.33,91.67,92.31,104.35,98.4,98.42,98.37,98.33,98.32,100.23,100.22,93.52,115.63,129.7,123.99,100.99,100.99,108.79,109.02,110.51,109.21,98.98,102.26,98.94,98.96,120.39,117.54,130.11,138.01,128.5,128.51,128.51,129.41,130.68,123.89,123.81,113.2,112.73,108.58,110.48,108.66,107.9,107.97,107.36,107.36,108
"Spain, Santander",20.33,20.33,20.33,13.93,13.93,13.93,13.93,13.93,22.41,22.41,22.41,25.84,25.84,23.26,13.64,13.64,24.59,24.59,24.59,11.34,11.34,,,,,10.68,,,11.22,11.22,11.22,21.61,21.61,21.61,21.61,21.61,21.61,21.61,11.22,11.22,11.84,11.84,11.84,11.84,11.84,11.84,,,,,,9.32,9.32,9.32,,,,,,,11.43,11.43,,,,,,,11.62,20.1,20.1,18.77,18.77,26.1,30.25,30.25,30.25,26.1,26.1,26.1,26.1,26.1
"Spain, Seville",15.38,24.42,27.87,27.87,33.06,31.23,31.55,42.67,35.98,36.04,36.04,36.68,36.68,36.68,44.63,47.17,47.17,46.41,46.54,46.54,45.31,40.1,40.1,34.08,40.66,46.72,46.72,37.59,26.12,26.13,26.77,25.49,25.5,25.5,25.5,22.95,22.95,23.59,27.04,39.11,32.44,33.08,33.71,29.62,29.62,31.55,25.52,15.67,25.52,22.94,23.18,23.34,21.96,29.53,28.89,20.66,20.66,20.66,20.66,20.66,20.66,20.66,13.01,13.01,13.01,13.01,13.01,13.01,13.01,13.01,13.01,13.01,13.01,13.01,13.01,13.01,13.01,13.01,13.01,17.39,17.39,17.39
"Spain, Tarragona",34.52,28.61,43.21,44.52,33.73,18.87,21.1,29.95,34.65,30.17,44.81,52.2,94.68,127.94,138.95,138.39,127.89,132.29,124.9,118.88,106.34,119.57,108.83,105.4,82.73,82.6,83.27,88,74.88,70.18,70.18,76.16,75.84,82.41,97.99,89.18,102.02,89.35,89.25,82.55,90.79,90.84,91.97,102.19,102.84,91.27,91.27,64.87,64.95,64.91,66.19,66.19,65.55,71.94,62.06,62.06,62.06,76.08,76.08,62.06,62.69,55.67,55.67,55.67,55.67,49.18,49.18,49.27,49.27,49.27,22.86,10.54,10.54,10.54,10.54,10.54,10.54,10.54,10.54,10.54,11.27,11.27
"Spain, Valencia",463.8,464.67,476.61,464.92,478.21,497.54,489.28,471.29,472.55,453.4,513.18,497.58,527.02,514.64,501.99,496.55,510.89,539.24,553.17,537.39,549.05,531.98,532.98,528.35,498.29,499.08,497.6,472.34,471.57,478.47,475.19,475.96,475.12,481.59,487.84,474.83,495.83,492.32,493.12,490.45,507.35,503.09,500.24,499,495.74,509.69,505.52,517.21,509.09,491.29,487.74,479.78,475.98,486.67,479.6,492.17,498.7,496.01,505.51,542.13,534.22,540.59,545.33,531.08,535.01,513.09,523.62,534.64,561.53,575.25,595.79,597.9,585.9,591.44,589.77,590.8,610,624.95,586.39,593.14,569.61,566.32
"Spain, Valverde",15.41,15.41,15.41,15.41,,,,,,,,,,,,,,,,,,,,,,,,,,,,,,,,,,,,,,,,,,,,,,,,,,,,,,,,,,,,,,,,,,,,,,,,,,,,,,
"Spain, Vigo",125.18,128.1,130.03,123.64,129.46,98.92,92.12,99.95,99.34,116.22,119.67,121.63,118.52,111.13,112.63,111.71,126.92,116.69,115.61,101.35,119.89,109.91,85.88,85.22,82.36,77.04,76.52,76.54,79.12,76.61,93.95,98.44,94.11,97.47,97.51,96.99,100.54,107.14,105.94,102.32,104.32,88.04,81.12,81.83,97.69,97.06,93.15,104.77,89.64,102.49,112.61,116.01,103.58,87.44,87.64,79.25,83.41,77.95,77.83,106.53,105.66,86.33,86.79,94.79,94.29,87.55,87.53,101.43,111.94,108.63,111.79,107.46,110.85,126.12,115.62,113.78,113.91,122.03,124.64,129.96,128.69,124.4
"Spain, Villagarcia",12.95,12.95,12.95,12.95,12.95,12.95,12.95,12.95,12.95,12.95,12.95,12.95,12.95,21.96,21.96,21.96,21.96,21.96,21.96,21.33,21.33,,,,,,,,,,,,,,,,,,,,,,,,,,,,,,,,,14.17,15.19,18.68,18.68,18.68,18.68,15.23,15.23,15.23,14.55,14.55,14.55,14.55,14.55,14.55,14.55,14.55,14.55,22.94,22.94,23.32,23.32,23.35,23.35,23.28,23.28,23.28,23.28,23.28
"Sri Lanka, Colombo",415.37,448.12,445.83,461.84,467.57,498.27,499.38,475.05,486.71,492.25,505.7,492.5,455.3,417.33,427.06,428.2,422.43,439.82,444.26,457.47,472.68,479.71,470.23,458.8,445.02,465.84,452.9,451.93,460.31,451.65,459.47,468.05,455.41,473.98,462.59,467.75,467.28,482.36,493.41,508.47,512.61,560.63,579.05,582.46,575.02,541.66,537.61,556.39,574.01,554.61,549.81,555.58,547.65,553.09,543.78,550.97,586.95,581.36,621.53,637.83,641.25,642.12,634.75,601.08,623.41,610.73,609.29,612.44,606.03,642.86,634.8,634.84,670.24,658.73,653.26,697.23,694.45,664.45,691.42,736.85,720.11,719.11
"Sri Lanka, Hambantota",,,,,,,,,,,,,,,,,,,,,,,,,,,,,,,,,,,,,,,,,,,,,,,,,,,,,,,,,,,,,,,,,,,,,,,,,,,,,,62.82,81.48,91.1,97.61,93.42
"Sudan, Port Sudan",77.08,50.5,69.25,70.41,61.81,53.46,75.13,74.26,56.83,61.18,66.2,62.97,82.28,87.44,99.81,90.89,90.51,84.86,90.7,74.75,75.82,78.37,69.01,64.61,55.56,59.82,60.13,60.17,60.56,63.2,72.14,76.51,77.47,70.4,79.64,76.78,78.08,81.61,77.65,82.96,89.44,73.27,75.53,60.11,66.18,96.52,93.55,81.9,53.04,47.79,56.46,51.05,49.95,51.03,51.85,51.18,55.7,55.7,56.05,62.01,52.95,45.46,49.22,51.8,40.73,46.82,47.69,55.08,61.6,69.25,61.96,61.59,67.32,72.01,68.88,68.54,64.18,68.16,75.74,73.94,64.37,65.31
"Suriname, Paramaribo",67.06,73.06,82.21,85.03,69.91,71.29,72.03,63.95,80.82,80.64,74.95,75,75.01,74.36,74.36,74.36,88.47,87.85,81.8,76.81,81.1,75.86,63.58,65.09,65.09,64.58,68.2,71.65,76.96,77.53,79.43,79.43,72.78,77.6,77.61,85.92,84.06,84.03,86.57,84.02,79.58,86.43,84.08,86.2,73.77,83.23,87.45,84.43,71.07,71,74.92,74.92,74.92,74.92,71.23,85.22,84.99,86.12,85.31,83.4,82.79,82.77,82.79,88.21,79.4,81.87,83.16,83.26,83.33,83.99,87.02,93.06,90.59,85.85,86.05,86.11,95.58,95.55,95.55,95.57,99.02,99.87
"Sweden, Ahus",19.48,19.56,14.99,10.47,,12.98,11.44,11.44,10.84,11.44,11.44,12.99,12.99,15.54,18.06,23.34,22.13,17.42,17.42,19.96,18.06,18.06,18.06,18.06,20.6,20.7,17.52,10.32,18.79,18.15,18.15,16.6,28.52,23.5,23.63,26.4,26.4,26.46,26.48,18.25,17.54,17.54,17.54,35.12,35.63,26.31,17.52,38.34,32.86,32.86,33.3,32.86,26.35,19.7,20.11,20.11,20.11,10.9,10.94,12.37,12.37,,,,17.05,16.27,16.27,9.69,9.69,9.69,20.01,20.01,20.01,20.65,20.65,20.65,20.65,20.65,20.65,20.65,20.65,20.65
"Sweden, Gavle",22.35,27.05,31.9,32.53,32.53,32.52,32.53,41.72,50,55.76,50.9,50.9,47.13,54.01,60.51,74.1,68.6,65.09,65.11,69.27,65.77,49.67,50.3,50.04,49.44,48.01,47.19,39.49,37.72,37.88,32.89,37.83,38.33,38.33,50.71,43.22,42.48,42.06,42.69,45.9,41.13,27.38,27.07,23.88,23.92,30.76,33.98,45.8,45.48,42.67,45.54,46.2,46.84,46.85,46.99,46.34,46.12,43.31,48.01,46.91,46.91,46.25,46.25,39.22,39.22,39.82,39.83,47.28,48.71,49.5,47.82,47.75,47.75,51.01,47.42,54.89,57.37,58.55,58.24,58.1,56.97,56.79
"Sweden, Gothenburg",183.81,185.52,187.88,180.53,173.02,171.75,163.79,163.79,135.19,148.55,169.49,174.74,178.92,197.67,194.75,203.92,186.67,193.19,193.14,202.68,212.38,210.61,203.91,206.66,199.63,216.89,203.42,219.2,198.18,186.74,201.22,194.72,188.57,182.27,173.92,181.52,152.4,135.37,185.58,189.7,187.09,184.39,173.92,188.96,291.36,274,269.34,178.73,182.49,167.58,162.36,148.34,150.08,150.4,145.36,145.68,138.35,139.05,128.45,139.39,139.27,139.63,146.16,144.63,151.4,160.55,159.08,160.51,162.33,172.41,172.25,179.13,183.49,181.21,175.1,177.22,144.27,156.16,160.88,188.27,187.85,175.87
"Sweden, Halmstad",24.88,,,,9.46,9.46,9.46,9.46,,,11.74,10.62,10.62,,,,28.11,28.11,19.69,20.33,26.98,11.74,12.44,12.44,9.05,28.98,28.98,17.79,20.29,13.71,11.74,10.46,22.87,15.57,20.21,19.59,19.59,35.49,36.19,45.8,30.19,18.76,18.76,51.67,26.2,27.11,10.89,17.91,10.96,,19.68,18.17,18.17,28.09,28.09,32.26,24.99,11.95,21.99,25.26,25.22,25.33,25.33,25.93,19.24,18.55,18.55,19.88,19.88,19.88,29.07,38.63,38.59,31.88,31.88,24.49,24.49,37.4,37.4,37.4,45.56,45.69
"Sweden, Haraholmen",,,,,,,,,,,11.26,11.26,11.26,11.26,11.26,11.26,11.26,11.26,11.26,11.26,11.26,,,,,,,,,,,,,,,,,,,,,,,,,,,,,,,,,,,,,,,,,,,,,,,,,,,,,,,,,,,,,
"Sweden, Harnosand",,,,,,,,,,,,,,,,,,,,,,,,,,,,,,,,,,,,,,12.43,12.43,12.43,,,,,,,,,,,,,,,,,,,,,,,,,,,,,,,,,,,,,,,,,,
"Sweden, Helsinborg",42.32,55.22,55.22,64.33,57.89,65.59,54.38,56.31,56.31,54.08,67.03,66.01,62.59,48.19,48.36,69.61,73.32,73.32,59.89,91.48,97.43,75.29,65.59,80.66,74.24,55.15,47.16,38.24,40.82,54.64,56.05,51.42,48.82,54.84,56.11,64.26,73.4,71.18,60.03,69.66,75.84,62.82,64.45,52.6,55.22,48.59,57.49,57.6,60.18,60.96,61.77,65.21,69.8,74.48,83.37,85.73,79.48,77.38,82.11,84.14,76.7,76.12,76.79,76.71,72.76,77.12,77.02,79.96,82.9,83.24,81.19,90.89,82.92,83.71,92.02,74.19,72.34,64.19,63.23,63.45,66.76,66.84
"Sweden, Holmsund",,,,,,,,,,,,,,7.86,7.86,7.86,7.86,,,,,,,11.57,16.92,16.92,11.57,11.57,,,,,,,,,,,,,,,,,,,,,,,,,,,,,,,,,,,,,,,,,,,,,,,,,,,,,,
"Sweden, Karlshamn",,,,,,,,,,,,,,,,,,,,,,,,,,,,,,,,,,11.57,,,,,,,,,,,,,,10.9,10.31,10.33,10.33,10.32,,,,,,,,,,,,,,,,,,,,,,,,,,,,,,
"Sweden, Karlstad",12.88,12.88,12.88,12.88,12.88,12.88,12.88,12.89,12.89,12.89,12.89,12.89,12.89,12.89,12.89,12.89,12.89,12.89,12.89,12.89,12.26,12.26,12.26,12.26,12.26,12.26,12.26,12.26,12.26,8.97,8.97,8.97,8.97,8.97,8.97,8.97,8.97,8.97,8.97,8.97,8.97,8.97,8.97,8.97,8.97,8.97,8.97,8.97,8.97,8.97,8.97,8.97,8.97,8.97,8.97,8.97,8.97,8.97,8.97,8.97,8.97,8.97,8.97,8.97,8.97,8.97,8.97,8.97,8.97,8.97,8.97,8.97,8.97,8.97,8.97,8.97,8.97,8.97,8.97,8.97,8.97,8.97
"Sweden, Lysekil",14.34,9.08,9.08,9.08,9.08,9.08,9.08,9.08,9.08,9.08,9.08,9.08,9.08,9.08,9.08,9.08,9.08,9.08,9.08,9.08,9.08,9.08,,,,,,,,,,,,,,,,,,,,,,,,,,,,,,,,,,,,,,,,,,,,,,,,,,,,,,,,,,,,
"Sweden, Malmo",23.07,23.07,23.07,23.07,39.07,35.08,38.25,38.25,29.86,25.84,25.86,25.86,25.86,25.77,25.53,22.44,25.72,25.72,26.97,31.33,31.33,14.33,14.33,19.15,11.64,11.83,11.83,11.83,,,,11.8,,,,11.09,11.09,,12.48,12.48,12.48,12.83,12.48,,,,,12.48,12.48,12.48,13.22,12.48,12.48,23.01,22.9,,,,,,,,,,,,,,,,,9.69,9.69,,,,,,,,,
"Sweden, Norrkoping",28.04,28.04,27.37,17.36,17.36,21.9,20.36,11.44,10.84,22.78,32.63,18.29,18.29,21.31,11.98,20.48,25.49,20.78,20.78,12.84,24.05,19.95,10.94,10.94,13.48,13.48,11.1,30.04,30.68,29.87,39.35,38.71,35.69,29.5,28.86,23.47,23.66,23.67,16.25,26.2,30.6,13.52,13.52,22.27,33.66,39.05,41.37,44.9,41.04,43.7,45.34,46,47.88,41.68,52.18,42.95,42.95,39.1,36.51,35.41,35.41,34.76,34.76,26.12,27.47,26.84,26.85,35.1,37.22,41.86,41.8,41.73,41.74,45.66,45.7,41.88,41.88,45.62,45.3,40.98,40.53,40.35
"Sweden, Oskarshamn",,,,,,,,,,,10.32,17.24,18.11,18.11,12.74,12.74,12.74,12.74,12.74,12.74,12.74,12.74,12.74,12.74,12.74,12.74,12.74,14.7,14.7,14.7,14.7,14.81,14.81,14.81,14.81,14.81,14.81,14.81,14.81,14.81,14.81,14.81,14.81,14.84,14.84,14.84,14.84,14.84,14.84,14.84,15.88,15.88,15.88,15.88,15.88,15.88,15.88,15.88,15.88,15.88,15.88,15.88,15.88,15.88,15.88,12.82,12.82,12.82,12.82,12.82,12.82,12.82,12.82,12.82,12.82,12.82,12.82,12.82,12.82,12.82,12.82,12.82
"Sweden, Oxelosund",16,16,16,12.56,12.56,12.56,12.56,17.74,17.74,17.74,19.62,17.24,18.11,18.11,17.91,17.91,17.91,17.91,17.91,17.91,17.91,17.91,17.91,17.91,17.91,18.75,18.75,17.4,27.37,27.58,17.41,10.99,,17.16,17.16,19.33,19.33,19.29,19.29,19.29,10.12,10.12,10.12,10.12,10.12,10.12,10.12,10.12,10.36,20.84,20.84,20.84,20.84,20.84,20.84,20.2,20.2,23.2,33.07,23.35,23.35,10.36,10.36,10.36,9.72,9.72,9.72,9.72,9.72,9.72,9.72,9.72,9.72,9.72,9.72,9.72,9.72,9.72,9.72,9.72,9.72,9.72
"Sweden, Pitea",,,,,,,,,,,,,,,,,,,,,,,,,,,,,,,,,,,8.87,11.11,12.37,13.05,13.05,13.05,12.83,12.68,12.68,13.03,13.12,13.12,13.12,13.12,13.12,13.12,13.12,13.12,13.12,13.76,13.76,13.76,13.07,13.07,,12.37,12.37,13.23,13.23,13.06,12.42,,,,,,,,,11.44,11.44,12.61,10.16,11.43,10.16,10.79,10.82,10.82
"Sweden, Skelleftea",,11,11,9.93,9.93,,,,,,,,,,,,,,,,,,,,,,,,,,,,,,,,,,,,,,,,,,,,,,,,,,,,,,,,,,,,,,,,,,,,,,,,,,,,,
"Sweden, Sodertalje",37.13,37.77,25.34,25.4,33.73,28.53,27.89,30.41,30.41,21.05,34.78,38.89,39.77,28.74,21.43,21.43,21.43,21.43,29.89,36.57,41.63,46.45,46.95,46.41,46.53,56.52,32.51,14.25,14.25,14.25,14.25,,,17.16,17.16,19.33,19.33,19.29,19.29,19.29,19.35,19.35,19.35,19.35,19.35,19.35,19.35,19.92,19.35,19.36,19.36,19.36,19.36,19.36,19.93,19.3,19.3,19.93,19.97,21.41,21.41,22.27,22.27,22.09,16.42,9.69,19.41,9.69,9.69,9.69,9.69,9.69,9.69,10.3,10.3,10.3,10.3,10.3,10.3,10.3,10.3,10.3
"Sweden, Solvesborg",9.07,,,,,,,,,,,,,,,,,,,,,,,,,,,,,,,,,,,,,,,,,,,,,,,,,,,,,,,,,,,,,,,,,,,,,,,,,,,,,,,,,
"Sweden, Stockholm",12.87,12.87,23.15,23.78,23.78,23.77,27.71,27.55,23.62,23.62,12.87,12.87,12.87,14.37,14.38,37.15,28.68,15.95,22.73,20.58,21.24,35.23,35.23,34.91,46.16,35.43,36.18,43.84,44.55,44.34,44.57,43.85,37.12,37.58,44.08,31.36,31.56,23.62,23.62,23.62,30.2,27.47,27.47,28.75,28.78,36.36,39.58,32.15,33,29.56,32.33,32.36,39.57,35.1,32.52,31.87,31.56,32.11,32.01,32.2,32.2,22.96,22.96,23.67,23.67,24.24,24.25,23.67,33.25,26.75,28.63,28.63,28.63,28.25,28.42,29.69,29.69,33.28,33.28,28.39,28.39,28.34
"Sweden, Sundsvall",,,,,,,,,,12.17,12.17,12.17,12.17,11.42,11.42,,,9.48,10.11,10.11,10.11,10.11,10.11,10.11,19.7,19.7,18.24,18.55,18.61,12.48,12.48,11.8,12.44,12.44,11.54,11.56,11.56,10.92,10.92,10.92,10.92,10.92,11.8,11.8,11.8,11.8,11.8,11.8,11.8,11.8,11.8,11.8,11.8,11.8,11.8,11.8,11.8,14.16,14.31,14.31,14.31,10.16,10.16,10.16,,,,,,,,,,,,12.61,,,,,,
"Sweden, Uddevalla",,,13.61,13.61,13.61,13.61,13.61,,,,,,,,,,,,,,,,,,,,,,,,,,,,,,,,,,,,,,,,,,,,,,,,,,,,,,,,,,,,,,,,,,,,,,,,,,,
"Sweden, Umea",,,,,,,,,,12.17,12.17,12.17,12.17,,,,,16.07,16.71,10.11,10.11,10.11,10.11,10.11,15,15,18.24,18.55,18.61,12.48,12.48,11.8,12.44,12.44,11.54,11.56,11.56,10.92,10.92,10.92,10.92,10.92,11.8,11.8,11.8,11.8,11.8,11.8,11.8,11.8,11.8,11.8,11.8,11.8,11.8,11.8,11.8,14.16,14.31,14.31,14.31,10.16,10.16,10.16,,,,,,,,,,,,,,,,,,
"Sweden, Varberg",,21.64,21.64,21.72,19.14,19.14,19.14,21.05,21.05,21.05,13.87,13.87,13.23,13.23,13.23,13.23,13.23,13.23,13.23,13.87,13.87,13.87,13.87,13.87,13.87,13.87,13.87,13.87,13.87,13.87,13.87,13.87,13.87,13.87,13.87,13.87,13.87,13.87,13.87,13.87,13.87,13.87,13.87,13.87,13.87,13.87,13.87,23.28,13.87,13.87,13.87,13.87,13.87,13.87,13.87,13.87,13.87,13.87,13.87,13.87,13.87,13.87,13.87,13.87,13.87,13.87,13.87,13.87,13.87,,,,,,,,,,,,,
"Sweden, Vasteras",28.91,28.91,28.91,19.56,19.56,19.56,19.56,17.76,17.76,17.76,18.4,16.66,17.53,17.53,17.53,17.53,17.53,17.53,17.53,17.53,17.53,17.53,17.53,17.53,17.53,17.53,17.53,16.19,16.2,16.2,16.2,10.99,,10.12,10.12,10.12,10.12,10.12,10.12,10.12,10.12,10.12,10.12,10.12,10.12,10.12,10.12,10.12,10.36,10.36,10.36,10.36,10.36,10.36,10.36,9.72,9.72,10.36,10.36,10.36,10.36,10.36,10.36,10.36,9.72,9.72,9.72,9.72,9.72,9.72,9.72,9.72,9.72,9.72,9.72,9.72,9.72,9.72,9.72,9.72,9.72,9.72
"Sweden, Wallhamn",8.7,,,,,,,,,,,,,,,,,,,,,,,,,,,,,,,8.05,8.05,8.05,8.05,8.05,8.05,8.05,8.05,8.05,8.05,8.05,8.05,8.05,8.05,8.05,8.05,8.05,8.05,8.05,8.05,8.05,8.05,8.05,,,,,,,,,,,,,,,,,,,,,,,,,,,,
"Syrian Arab Republic, Latakia",99.13,105.51,103.47,97.33,91.92,89.33,116.44,114.78,143.64,126.9,130.15,118.18,105.98,95.89,139.35,126.18,112.65,107.36,104.88,129.75,135.04,131.82,134.92,131.59,128.39,129.58,127.54,105.47,107.82,110.54,108.82,96.49,93.05,93.04,93.96,87.07,95.83,98.7,83.07,84.53,71.77,65.96,71.95,68.55,84.9,55.7,69.13,75.75,80.14,69.08,68.66,79.29,72.7,67.58,67.41,67.31,70.54,71.17,70.09,69.46,68.54,64.13,64.29,58.34,57.17,57.17,57.8,56.95,57.93,57.29,57.94,57.94,51.88,61.04,63.53,63.43,65.83,58.26,48.51,79.81,112.46,105.02
"Syrian Arab Republic, Tartous",63.91,61.42,55.23,35.15,54.54,52.59,48.6,39.94,40.1,38.94,41.49,50.23,50.23,56.55,66.07,65.99,57.73,49.91,46.01,56.16,46.44,46.39,38.48,41.22,41.09,37.94,18.42,29.93,39.58,36.45,29.5,12.43,12.83,12.19,12.19,12.81,12.81,12.81,12.81,16.13,16.13,18.5,18.52,25.96,25.33,25.33,26.55,25.4,13.65,13.65,14.3,14.3,18.19,26.34,26.65,26.65,20.1,20.1,13.46,13.46,12.82,12.14,,,13.03,13.03,13.03,21.48,21.08,21.08,21.08,21.08,26.1,26.05,26.71,26.67,26.63,42.84,42.8,44.7,40.34,39.02
"Thailand, Bangkok",307.51,305.53,309.44,309.41,298.23,315.14,310.11,302.72,281.6,260.75,261.54,262.18,255.74,252.25,253.99,250.68,258.65,286.49,295.93,305.73,306.52,297.85,279.57,285.34,270.12,244.03,242.32,251.69,248.69,247.49,253.44,241.63,234.3,235.04,239.22,233.18,246.43,268.67,257.82,272.5,276.3,278.37,276.16,264.94,251.52,257.51,262.15,265.58,263.27,261.44,264.48,264.1,254.95,253.72,250.24,244.55,240.51,240.86,254.77,256.48,260.2,262.87,280.55,272.29,264.16,264.03,273.25,269.19,273.19,264.31,252.37,251.26,249.71,255.02,257.85,271.37,271.67,275.29,274.85,277.96,281.36,271.52
"Thailand, Bangprakong",20.49,20.49,20.54,20.05,20.05,16.57,16.57,18.04,18.04,18.04,8.81,8.81,,,,,,,,,,,,,,,,,,,,,,,,,,,,,,,,,,,,,,,,,,,,,,,,,,,,,,,,,,,,,,,,,,,,,,
"Thailand, Laem Chabang",423.1,425.95,441.86,451.68,434.37,453.01,457.61,461.04,454.38,441.87,441.99,414.47,432.47,419.58,436.9,446.93,449.33,480.55,482.81,509.88,511.71,508.64,497.37,507.22,498.26,462.75,478.15,506.91,505.06,491.21,517.67,527.66,503.73,509.45,491.62,490.19,512.02,535.04,541.08,542.36,546.57,554.86,551.64,537.95,520.2,518.26,524.93,542.03,542.11,531.32,557.73,560.95,570.46,566.82,570.81,558.9,560.24,585.49,600.05,582.81,578.42,607.62,618.56,617.04,603.12,613.14,658.83,679.4,671.79,682.57,688.68,690.13,665.39,703.06,688.76,701.46,687.87,721.06,727.61,726.56,714.69,743.29
"Thailand, Map Ta Phut",26.75,26.75,15.22,15.22,15.22,,,19.18,19.18,19.18,19.18,16.31,,14.16,16.19,16.19,16.19,16.19,16.93,16.93,16.93,16.93,16.93,16.27,16.75,,,,,,,,,,,,,,,,,,,,,,,,,,,,,,,,,,,,,,,,,,,,,,,,,,,,,,,,,
"Thailand, Pat Bangkok",,,,,,,,,,,,,,,,,,,,,,,,11.43,11.43,25.48,25.48,33.79,33.79,35.93,35.3,35.3,26.16,19.85,13.86,13.86,13.86,13.86,13.86,13.86,13.86,,,,,,,,,,,,,,,,,,,,,,,,,,,,,,,,,,,,,,,,,
"Thailand, Phuket",13.35,13.35,13.35,13.35,14.53,14.53,14.53,14.53,14.53,14.53,14.53,14.53,14.53,14.53,14.53,14.53,14.53,14.53,14.53,14.53,14.53,14.53,14.53,14.53,14.53,14.53,13.89,13.89,13.89,13.89,13.89,13.89,13.89,13.89,13.89,13.89,13.89,13.89,13.89,13.89,13.89,13.89,13.89,13.89,13.89,13.89,13.89,13.89,14.92,14.92,14.91,14.91,14.91,14.91,14.91,14.91,14.91,14.91,14.93,14.93,14.93,14.93,14.94,14.94,14.94,14.94,14.94,14.94,14.94,14.94,14.94,14.94,14.94,13.43,13.43,13.43,13.43,13.43,13.43,13.43,13.43,13.43
"Thailand, Ranong",,,,,,,,,,,,8.43,,,,,,,,,,,,,,,,,,,,,,,,,,,,,,,,,,,,,,,,,,,,,,,,,,,,,,,,,,,,,,,,,,,,,,
"Thailand, Rayong",,,,,,,,,,,,16.31,,,,,,,,,,,,,,,,,,,,,,,,,,,,,,,,,,,,,,,,,,,,,,,,,,,,,,,,,,,,,,,,,,,,,,
"Thailand, Sahathai",,,,,,,,,,,,,,,,,,,,,,,,,,,,,,,14.34,,,,,,,,,,,,,,,,,,14.33,14.33,14.55,15.19,15.19,15.15,16.28,18.78,17.61,14.75,29.67,29.82,30.19,30.84,32.01,32.03,25.97,25.72,18.56,18.56,18.56,18.56,18.56,18.56,18.78,30.44,21.36,29.89,29.71,30.21,30.21,29.45,36.43,36.43
"Thailand, Sattahip",,,,,,,,,,,,,,,,,,,,,,,,,,7.4,7.4,7.4,7.4,7.4,7.4,7.4,7.4,7.4,7.4,,,,,,,,,,,,,,,,,,,,,,,,,,,,,,,,,,,,,,,,,,,,,,,
"Thailand, Songkhla",35.11,34.51,43.45,35.23,35.14,36.17,38.88,42.28,36.52,33.17,33.26,33.26,33.78,33.78,44.62,44.02,47.47,32.48,32.48,32.58,33.19,33.02,32.92,32.92,32.92,32.92,32.98,32.98,31.71,32.25,32.25,32.33,32.33,32.34,32.34,32.34,32.34,33.68,31.05,32.93,32.93,39.17,47.94,39.17,39.17,39.14,39.14,44.15,38.82,38.82,37.47,37.36,37.57,36.32,35.18,31.2,31.72,31.72,34.23,31.84,31.84,24.6,24.6,24.6,24.6,24.48,24.48,24.29,24.29,30.1,30.22,30.29,30.22,29.75,29.75,29.75,28.29,28.29,28.29,26.39,27.06,27.06
"Thailand, Sriracha",44.43,44.43,35.39,35.39,35.39,34.76,25.19,36.78,36.78,35.5,34.86,35.58,30.08,38.91,30.58,30.51,27.94,27.94,27.73,27.73,27.73,27.73,27.67,27.65,28.13,20.65,20.65,27.1,29.72,30.36,30.34,30.43,33.64,33.65,33.68,33.68,32.41,32.38,32.38,34.29,34.26,34.26,33.65,33.66,24.55,30.02,32.9,32.9,32.9,35.68,29.19,29.19,29.19,29.19,29.23,26.43,26.43,17.47,17.47,17.3,17.3,18.72,18.72,17.55,17.55,17.55,17.55,17.55,24.87,24.92,26.2,26.53,26.53,26.67,26.67,26.67,26.67,26.67,26.66,26.66,26.66,26.66
"Timor-Leste, Dili",20.2,14.21,7.13,7.13,7.13,7.13,7.13,6.7,6.7,6.7,6.7,14.59,14.59,14.59,14.59,14.59,14.59,14.59,14.06,15.77,15.77,15.74,15.74,15.74,15.74,29.99,34.78,34.78,35.84,35.91,35.99,39.62,39.62,39.69,39.91,39.81,35.03,34.99,26.89,26.86,26.86,28.44,28.44,28.44,28.49,27.18,27.18,27.18,27.18,27.18,27.18,27.18,27.18,27.18,27.18,27.18,26.54,26.54,26.54,26.54,28.28,28.28,28.28,22.97,27.83,27.83,20.11,20.11,22.27,27.43,27.43,27.43,27.43,28.2,28.2,28.2,28.28,28.28,28.28,28.31,28.31,28.31
"Togo, Lome",116.28,112.11,127.03,119.11,110.84,108.88,113.78,100.49,106.37,103.43,116.81,114.58,116.61,133.27,149.11,143.16,141.67,150.52,158.89,125.27,146.92,141.4,129.8,121.35,107.8,109.68,101.6,114.84,117.98,123.69,144.17,136.81,132.04,151.01,158.49,164.91,195.09,188.53,199.44,170.48,188.32,162.13,178.61,184.58,177.55,172.81,177.5,199.2,201.99,201.9,207.2,200.56,193.01,190.18,194.42,192.49,194.41,198.7,195.57,197.06,212.07,209.56,212.77,214.68,220.54,227.4,222.37,218.9,214.58,221.6,226.55,225,217.52,210.78,190.83,218.47,251.75,276.57,278.91,290.63,291.31,283.71
"Tonga, Neiafu",,,,,,,,,,,,,,,,,,,16.22,16.22,16.22,16.22,7.93,7.93,7.93,7.93,7.93,7.93,,,,,,,,,,,,8.03,8.03,9.42,11.19,11.19,11.2,11.2,11.2,11.2,11.2,11.03,11.2,11.2,11.2,11.2,11.2,11.2,,,,,,,,,,,,,,,,,,,,,,,,,,
"Tonga, Nukualofa",51.25,50.7,50.68,45.56,45.56,45.56,38.46,35.75,35.75,38.48,38.48,43.45,43.45,43.45,44.09,44.09,44.09,40.55,37.02,37.02,37.02,38.73,35.55,35.55,35.55,40.54,40.54,41.18,45.15,45.15,53.24,53.24,57.94,51,51,41.1,41.1,41.1,40.78,41.42,49.41,50.02,55.71,55.79,56.04,56.04,50.88,50.88,51.37,57.74,48.18,50.35,50.35,50.35,50.35,40.4,46.46,46.46,46.46,60.42,60.42,60.42,60.82,59.46,54.42,54.42,54.42,54.42,57.5,60.75,60.72,61.35,61.35,63.71,57.61,57.56,57.56,57.56,57.89,57.89,57.89,57.89
"Tonga, Vavau",,,,,,,,,,,,,,,,,,,,,,,,,,,,,,,,,,,,,,,,,,,,,,,,,,,,,,,,,,,,11.32,11.32,11.32,11.32,11.32,11.32,11.32,11.32,11.32,17.77,17.77,17.77,17.77,17.77,17.78,17.78,17.78,17.78,17.78,17.78,17.78,17.78,17.78
"Trinidad and Tobago, Point Lisas",77.62,77.59,71.03,71.05,66.83,66.81,66.81,84.09,85.19,83.28,90.82,83.75,87.09,94.57,102.52,107.91,113.45,112.92,112.96,112.99,112.87,104.39,85.49,86.15,97.69,95.27,92.64,93.77,94.09,94.09,100.39,101.57,108.39,105.68,105.69,104.23,103.01,107.83,103.8,104.41,107.45,102.63,100.12,99.61,96.34,96.34,98.73,100.66,95.66,96.93,85.49,85.49,82.94,80.18,80.18,80.18,80.86,81.36,84.03,82.12,82.19,82.19,81.56,77.22,68.62,71.25,72.52,72.52,72.52,72.61,72.62,72.62,72.62,71.42,72.1,72.1,72.07,72.08,72.22,72.22,76.98,83.02
"Trinidad and Tobago, Port of Spain",145,143.09,141.09,148,151.98,145.39,135.62,135.66,140.85,140.09,122.52,117.1,138.09,158.34,155.05,142.24,136.24,135.91,134.1,133.27,136.9,144.69,123.58,129.86,121.61,111.05,110.79,108.15,100.01,101.44,113.32,115.07,108.91,109.42,113.35,107.36,106.12,107.52,87.79,94.97,97.8,104.38,76.69,62.62,70.84,70.84,69.65,92.25,92.25,94.87,95.12,87.65,86.07,92.22,91.45,96.43,94,99.3,91.64,97.8,96.37,95.5,95.45,93.89,100.07,96.86,96.87,97.62,100.69,98.88,98.15,101.6,101.89,96.47,97.12,97.17,103.97,102.92,102.95,102.97,97.93,94.67
"Tunisia, Bizerta",,10.97,10.97,10.97,,,,,,,,,,,,,,,,,,,,11.29,11.29,11.29,11.29,17.82,19.92,19.28,18.85,27.01,27.01,21.64,28.35,27.9,34.15,43.01,43.26,36.27,41.32,48.42,46.94,47.11,46.51,47.15,52.72,48.63,48.65,36.47,45.88,37.9,32.69,38.74,30.21,29.21,27.63,27.65,29.95,30.58,30.19,21.43,25.96,30.59,31.11,29.86,29.87,19.81,19.81,20.09,28.76,20.09,20.09,8.13,8.13,8.13,8.13,,,,,
"Tunisia, Gabes",,,,,8.73,8.73,9.09,9.09,9.09,,,,,,,,,,,,,,,,,,,,,,,,,,,,,,,,,,,,,,,,,,,,,,,,,,,,,,,,,,,,,,,,,,,,,,,,,
"Tunisia, La Goulette",9.03,9.03,9.03,9.03,9.03,9.03,9.03,9.03,9.03,9.03,17.05,17.05,17.05,17.05,17.05,17.05,17.05,17.05,17.05,17.05,17.05,17.05,17.05,17.05,17.05,17.05,17.05,9.03,9.03,9.03,9.03,9.03,19.94,19.94,20.35,20.35,20.31,20.31,20.31,20.31,20.31,,,,,,,,,,,,,,,9.3,9.3,9.3,9.3,,,,,,,,,,,,,,,,,,,,,,,
"Tunisia, Rades",9.03,9.03,9.03,9.03,9.03,9.03,9.03,16.53,16.53,16.66,24.72,32.6,38.51,49.65,53.11,53.75,55.18,54.55,53.12,53.84,52.88,61.5,72.29,62.15,53.55,43.7,40.26,47.94,32.46,32.41,46.04,40.2,32.12,39.03,33.52,37.96,37.62,43.28,45.98,41.62,38.2,31.06,29.74,31.06,17.48,17.48,18.19,18.19,10.82,18.46,9.61,9.61,9.61,,,,,,,9.83,9.83,9.83,,,,,,10.38,,16.54,16.68,35.6,42.78,51.75,39.7,49.11,47.24,53.59,49.07,42.63,29.92,29.92
"Tunisia, Sfax",34.27,24.05,24.05,23.54,25.65,29.93,27.34,27.34,27.34,19.22,19.22,19.22,20.48,21.63,18.93,18.93,28.06,26.15,38.76,35.17,35.17,35.17,40.08,40.05,39.34,39.93,50.08,45.89,38.1,46.29,46.3,46.49,45.69,45.04,47.16,47.2,47.2,44.79,29.58,29.58,44.47,32.65,32.65,32.05,44.35,49.79,49.91,49.91,44.21,56.94,66.94,66.69,66.6,67.19,44.53,44.53,38.18,38.18,36.93,36.97,29.54,25.83,18.98,19.34,11.99,11.99,16.08,16.08,9.52,30.65,38.19,38.83,38.83,40.35,34.02,22.58,20.34,20.18,29.4,38.09,37.63,37.65
"Tunisia, Sousse",15.51,15.51,15.51,9.03,9.03,9.03,9.03,9.03,9.03,9.03,9.03,9.03,9.03,9.03,9.03,9.03,9.03,9.03,9.03,9.03,9.03,9.03,9.03,21.13,21.13,20.96,20.96,20.97,19.55,20.97,20.97,20.96,22.26,22.26,20.67,19.57,19.6,24.5,24.29,24.29,32.66,19.53,19.81,19.81,15.6,32.04,26.71,26.48,26.48,34.89,36.32,34.48,35.7,35.61,28.38,28.16,18.65,18.67,19.37,20.45,13.56,22.94,28.42,28.43,30.64,33.9,33.92,33.97,33.97,30.97,30.97,31.06,30.32,12.42,12.42,19.07,19.08,19.08,30.08,23.73,22.93,22.87
"Tunisia, Tunis",120.55,110.09,113.81,123.14,119.28,123.31,106.93,120.02,120.65,102.18,93.63,105.18,102.67,95.99,90.56,91.24,86.92,96.62,97.7,92.37,86.84,91.89,72.51,63.31,69.89,37.69,39.69,38.95,51.45,58.72,51.27,53.91,46.5,47.57,51.07,30.61,29.86,37.76,37.76,46.26,47.82,46.95,46.94,47.38,40.55,35.33,36.63,37.57,37.51,30.75,25.55,23.52,16.47,24.34,35.39,35.4,30.58,30.17,30.17,29.16,29.16,29.16,29.16,28.81,28.37,28.37,28.37,28.37,28.37,22.48,22.48,22.48,16.2,16.23,8.08,8.08,8.08,8.08,8.08,8.08,8.76,8.76
"Tunisia, Zarzis",,,,,,,,,,,,,,,,,,,,,,,,,,,,,,,,,,,,,,,,,,,,,,,,,,10.44,10.44,10.44,10.44,10.44,,,,,,,,,,,,,,,,,,,,,,,,,,,,12.15
"Turkiye, Adana",,,,,,,,,,,,,,,,,,,,,,,,,,,,,,,,,,,,,,,,,,,,,,,,,,,,,,,,,,,,,,,,,,,,,,,,,,,,,,,,,,9.31
"Turkiye, Aliaga (Nemrut)",,,,,,,,,,,,,,,,,,23.54,81.12,79.68,85.86,82.26,81.45,59.98,57.6,49.97,50.04,48.19,65.42,68.24,72.1,68.26,68.16,66.47,102.99,107.36,97.37,110.93,111.72,120.83,119.59,90.96,73.83,68.55,88.97,111.07,173.63,200.05,213.27,217.83,235.09,233.13,215.74,218.63,221.04,237.44,232.42,242.98,238.67,257,253.71,257.97,263.61,267.75,283.31,300.75,328.91,336.06,356.04,358.36,358.9,362.1,336.09,341.64,306.88,327.3,309.87,326.99,320.26,303.11,288.78,303.53
"Turkiye, Ambarli",155.36,169.55,168.92,163.79,157.09,159.18,167.14,164.33,182.14,191.85,208.76,215.73,204.85,174.55,175.43,182.4,174.6,186.24,201.07,212.4,226.31,212.88,219.22,238.31,251.18,267.51,303.14,326.19,341.36,333.35,333.88,328.28,335.85,330.74,339.12,367.32,350.96,341.44,333.93,325.01,334.72,339.13,321.91,305.77,311.88,341.98,340.7,349.01,352.64,341.63,358.27,344.17,344.49,345,345.59,339.08,321.41,319.25,324.75,337.76,339.49,334.91,342.99,359.59,360.1,363.13,366.97,406.49,415.64,440.84,469.48,465.13,454.82,455.81,441.56,439.75,480.48,510.18,524.91,519.84,519.73,501.66
"Turkiye, Antalya",20.33,20.33,19.69,9.43,9.43,10.7,18.52,17.15,27.02,30.18,30.73,30.7,30.11,19.85,21.15,21.24,20.92,21.3,35.26,34.01,34.01,34.01,23.29,35.93,39.61,31.12,34.28,42.75,54.7,47,46.56,41.75,41.62,43.54,42.33,43.62,42.94,42.94,38.64,38.09,35.54,26.88,29.44,27.47,26.19,28.1,29.96,28.81,25.27,25.43,34.17,35.01,30.47,38.36,37.48,38.12,30.47,30.47,30.35,23.67,23.67,23.67,23.67,23.67,23.67,23.67,23.67,23.67,23.67,38.22,38.76,38.76,18.24,18.24,25.75,18.24,35.83,18.24,18.24,18.24,27.17,27.17
"Turkiye, Bandirma",,,,,,,,,,,,,,,,,,,,,,,,,,,,,,,,,,,,,10.38,10.38,10.38,10.38,10.38,10.38,10.38,10.38,10.38,10.38,10.38,10.38,25.43,21.21,25.43,25.43,20.83,20.83,10.38,10.38,10.38,10.38,10.38,10.38,10.38,10.38,,,,,,,,9.93,9.93,9.93,9.93,9.93,9.93,9.93,9.93,9.93,9.93,9.93,9.93,9.93
"Turkiye, Derince",11.42,11.42,11.42,11.42,11.42,11.42,11.42,11.42,11.42,11.42,19.75,19.75,19.75,11.42,11.42,11.42,11.42,11.42,11.42,11.42,11.42,11.42,11.42,11.42,11.42,11.42,11.42,22.59,22.48,22.48,22.48,22.48,22.48,22.48,22.48,22.48,22.48,30.08,30.08,30.08,22.48,22.48,22.48,22.48,22.48,22.48,22.48,22.48,22.48,22.48,22.48,22.48,22.48,22.48,22.48,22.48,37.64,41.22,30.76,14.16,14.16,14.16,25.44,32.66,52.78,51.71,51.68,50.91,50.86,66.48,86.73,87.42,136.54,108.72,102.32,88.93,96.54,117.32,117.42,81.24,86.89,84.11
"Turkiye, Diliskelesi",11.55,11.55,11.22,11.22,11.24,11.24,12,11.99,11.99,12.05,12.05,12.05,12.05,12.05,12.05,12.05,12.05,12.05,12.71,12.71,12.71,12.71,12.71,12.37,12.37,12.37,12.37,14.27,14.16,14.16,14.16,14.16,14.16,14.16,14.16,14.16,14.16,14.16,14.16,14.16,14.16,14.16,14.16,14.16,14.16,14.16,14.16,14.16,14.16,14.16,14.16,14.16,14.16,14.16,14.16,14.16,14.16,14.16,14.16,14.16,14.16,14.16,14.19,14.19,14.19,14.19,14.19,14.19,14.19,14.19,14.19,14.19,38.6,29.1,38.6,49.96,47.21,48.63,28.59,25.04,25.04,20.76
"Turkiye, Eregli",,,,,,,,,,,,,,,,,,,,,,,,,,,,14.27,14.16,14.16,14.16,14.16,14.16,14.16,14.16,14.16,14.16,14.16,14.16,14.16,14.16,14.16,14.16,14.16,14.16,14.16,14.16,14.16,14.16,14.16,14.16,14.16,14.16,14.16,14.16,14.16,14.16,14.16,14.16,14.16,14.16,14.16,14.19,14.19,14.19,14.19,14.19,14.19,14.19,14.19,14.19,14.19,14.19,14.19,14.19,14.19,14.19,14.19,14.19,14.19,14.19,14.19
"Turkiye, Evyap Pt",,,,,,,,,18.77,18.77,12.8,12.8,12.16,87.13,109.73,109.09,104,103.45,100.73,108.77,109.7,108.99,108.17,71.91,68.61,60.47,53.41,53.97,58.41,69.62,57.88,64.46,79.92,129.99,145.98,137.71,76.8,79.68,68.94,70.87,70.01,52.48,62.12,51.86,49.17,51.11,37.23,28.55,36.65,105.7,102.66,102.66,96.23,102.42,99.87,98.78,98.81,102.27,102.24,110.27,110.27,110.27,110.27,110.26,141.15,138.41,142.5,150.09,150.09,122.34,134.25,134.28,130.15,74.52,65.62,65.62,65.41,87.69,79.27,58.36,57.02,56.98
"Turkiye, Gebze",25.04,26.54,26.53,26.6,13.48,13.48,,,,,,,,,,,,,,,,,,17.19,19.58,19.58,21.08,29.89,37.78,48.77,48.77,48.77,69.5,68.2,91.02,88.69,101.47,106.15,108.54,108.5,101.96,102.18,86.38,92.81,116.54,116.28,128.55,132.75,130.18,128.25,117.37,110.73,103.62,117.52,125.43,129.35,129.08,132.49,130.44,138.33,117.04,115.68,135.62,135.1,140.08,139.88,148.54,170.61,171.5,181.36,177.62,164.7,153.23,168.68,144.51,147.89,165.42,178.29,141.91,137.64,142.87,140.74
"Turkiye, Gemlik",152.18,163.11,172,174.49,164.07,173.96,179.82,179.43,166.14,168.88,165.53,178.25,169.24,165.65,152.56,153.99,154.37,157.37,172.23,184.64,224.57,219.55,210.29,221.89,219.81,206.07,183.71,200.53,217.21,204.8,179.47,195.68,207.69,215.5,213.72,227.34,220.85,208.6,212.75,216.7,213.54,223.95,220.26,198.67,202.75,213.79,206.43,220.01,239.97,232.4,244.15,233.42,230.24,241.42,237.83,232.62,232.93,230.78,212.91,217.32,214.39,216.78,236.7,234.79,250.37,249.76,253.36,264.6,266.2,274.95,294.85,285.09,283.25,289.02,259.42,254.66,259.22,258.41,257.33,236.86,231.77,238.22
"Turkiye, Haydarpasa",119.29,119.9,120.15,124.13,122.76,134.04,146.25,147.67,151.26,140.26,147.02,148.09,140.87,127.76,108.48,109.94,104.59,104.27,105.84,105.3,107.35,107.26,105.71,96.99,98.55,100.55,89.75,91.43,93.61,86.26,68.92,69.73,72.89,83.78,83.44,68.65,67.38,76.72,77.79,77.44,71.17,73.34,76.63,58.34,67.37,67.47,41.32,52.13,58.91,66.72,38.11,47.83,39.35,39.51,47.51,34.03,34.03,42.35,33.02,35.59,48.01,48.01,48.01,48.61,48.61,28.81,34.61,27.55,31.58,22.91,10.43,10.43,10.43,13.84,26.77,26.77,26.77,29.95,18.08,18.08,18.08,18.08
"Turkiye, Iskenderun",11.42,11.42,11.42,11.42,11.42,11.42,11.42,11.42,11.42,11.42,11.42,11.42,11.42,11.42,11.42,11.42,11.42,11.42,11.42,11.42,11.42,42.32,39.31,39.96,41.9,41.96,55.83,64.6,66.58,74.73,74.73,65.61,60.74,91.18,100.09,92.08,101.37,100.82,142.21,141.7,159.91,163.62,167.79,168.12,142.16,171.85,155.2,162.1,164.94,160.93,160.9,189.14,185.96,174.74,182.48,181.53,182.15,176.08,182.08,193.6,196.45,213.78,209.7,201.36,201.89,198.59,197.47,199.28,198.89,87.56,152.7,227.58,211.89,223.84,222.99,225.49,269.57,289.09,297.9,261.91,222.58,219.3
"Turkiye, Istanbul",197.8,186.07,215.42,213.79,224.25,227.34,213.58,232.72,238.85,228.57,189.82,184.01,165.98,170.9,182.4,183.12,185.56,186.47,178.99,198.96,188.05,214.74,206.8,187.69,184.96,158.69,109.5,97.06,87.46,81.56,72.2,72.84,65.88,65.07,30.92,20.82,21.56,21.56,21.56,21.56,22.2,10.54,10.54,,,,,,,,,,,,,,,,,,,,,,,,,,,,,,,,,,,,,,,
"Turkiye, Izmir",265.19,270,273.01,284.62,279.06,279.7,274.58,294.02,290.16,275.88,254.27,242.95,229.41,245.37,231.44,232.19,234.73,221.75,213.26,215.8,215.54,210.22,198.76,223.9,242.08,252.96,249.2,248.63,237.42,247.36,241.58,267.22,267.49,269.01,256.5,266.48,273.93,270.51,275,273.8,251.37,235.8,250.43,245.61,234.1,276.28,217.57,215.65,209.41,212.39,201.76,192.86,196.78,192.07,194.7,187.61,172.72,181.57,182.36,172.87,175.09,174.84,177.03,177.63,164.91,154.77,158.53,156.76,154.19,161.1,164.96,160.28,148.91,138.34,117.91,117.85,113.65,112.74,122.9,127.79,134.06,128.33
"Turkiye, Izmit Korfezi",,,,,15.91,15.91,21.11,21.73,21.73,24.6,24.6,23.53,24.11,,,,,,,,,,,59.33,82.4,94.24,88.23,95.04,80.86,90.93,100.36,93.81,84.72,109.4,112.24,112.03,162.03,163.63,164.41,162.03,155.87,172.78,145.34,163.82,161.93,166.51,167.53,164.42,158.66,158.4,159.23,161.1,160.9,172.82,182.74,182.22,189.87,200.07,201.41,199.79,211.51,210.01,193.14,192.73,186.56,183.83,190.85,190.87,202.45,208.09,231.69,254.78,209.01,254.44,244.24,257.64,251.22,252.31,267.17,304.03,311.33,295.81
"Turkiye, Kumport",,,,,,,,,,,,,,,,,,,,,,,,,,11.78,,27.01,32.34,36.4,41.56,34.7,37.04,37.04,29.84,37.45,46.16,49.09,41.65,47.3,46.63,36.05,27.68,41.34,64.26,64.26,58.93,44.34,59.33,59.33,48.28,64.64,55.79,55.81,55.7,55.7,68.84,68.61,65.99,73.45,73.46,73.46,65.28,65.32,64.03,69.92,64.46,80.75,84.55,78.86,77.32,70.7,73.66,63.22,61.37,49.01,49.01,41.1,40.96,32.79,31.96,9.93
"Turkiye, Limas",,,,,,,,,,,,,,,,,,,,,,,,,,,,,,,,14.77,20.35,20.35,14.77,24.47,24.47,23.83,11.53,11.53,31.3,31.44,20.38,21.37,21.64,21.33,18.27,18.58,19.25,19.25,18.62,11.97,11.97,11.97,11.68,11.68,11.97,11.97,11.97,11.97,11.97,11.97,11.97,11.97,11.68,,,,,,,,,,,,,,,,,
"Turkiye, Mardas",,,,,,,,,,,,,,,,,,,,,,,,,,11.78,,27.7,42.84,35.28,34.63,20.97,28.79,28.79,28.15,28.79,52.71,66,56.52,66.95,58.75,54.36,44.83,64.27,48.73,48.73,48.75,31.44,29.43,22.32,28.93,28.93,27.07,27.07,24.53,28.97,28.97,33.08,33.08,33.08,33.08,33.08,24.3,24.3,29.48,28.84,33.1,33.1,33.1,36.58,43.24,51.4,49.42,46.04,30.91,29.51,25.39,25.39,20.34,19.77,27.21,27.21
"Turkiye, Marport",,,,,,,,,,,,,,,,,,,,,,,,,,11.78,11.15,41.58,45.87,50.14,49.41,69.11,71.44,75.59,88.71,83.67,85.55,87.27,81.06,79.32,70.46,57.94,89.52,92.28,84.56,86.51,86.45,78.02,94.08,100.35,90.74,99.52,86.24,90.8,75.57,82.45,84.6,83.89,80.29,70.46,70.48,70.48,62.3,62.35,71.52,73.59,69.17,73.29,77.02,61.45,61.45,71.45,59.34,38.29,31.91,31.91,31.91,31.89,47.03,41.43,36.11,35.46
"Turkiye, Mersin",197.2,192.12,185.13,185.3,178.49,183.98,187.81,185.68,219.82,223.97,229.98,228.7,197.3,196.46,199.88,191.36,176.34,175.19,203.04,193.96,199.84,190.39,214.62,208.79,224.31,229.29,233.41,253.5,250.56,266.75,254.06,253.66,283.37,289.26,287.64,290.67,305.85,285.26,294.76,295.67,304.92,308.66,311.95,332.65,316.29,308.41,342.74,354.3,357.64,334.07,324.15,312.56,317.09,317.33,310.05,316.79,303.38,306.78,304.37,319.96,331.15,303.78,308.04,312.3,325.2,309.38,309.68,313.54,338.86,322.15,305.83,296.83,295,258.44,259.14,275.04,327.84,318.98,326.9,359.81,369.34,368
"Turkiye, Nemruth Bay",,,,,,,,,,,,,,,,,,,,,,,,,,,,,,,,,,,,,,,,,,45.87,45.87,45.87,45.91,45.91,47.18,21.88,21.87,21.91,21.91,22.05,30.28,30.28,,,12.2,12.2,12.2,12.2,12.2,12.2,12.2,12.2,21.56,11.56,11.56,11.56,11.56,32.21,35.59,32.48,30.01,36.97,27.49,27.49,25.35,25.35,25.3,21.42,40.43,40.43
"Turkiye, Samsun",,,,,,,,,,,,,,,,,,,,,,,,12.88,12.88,11.15,28.07,34.84,28.37,27.98,36.18,46.27,45.95,55.64,55.64,55.64,31.89,40.69,40.69,40.68,39.21,41.3,37.86,31.23,18.07,31.23,31.87,31.87,31.87,31.23,38.78,38.76,38.13,21.35,21.25,30.46,31.22,31.22,40.55,32.15,29.93,29.93,28.65,34.84,41.94,38.33,29.93,29.93,29.93,23.38,23.38,33.5,33.5,32.17,32.17,32.2,32.2,29.64,22.09,22.09,22.09,22.09
"Turkiye, Saraylar",,,,,,,,,,,,,,,,,,,,,,,,,,,,,,,,,,,,,,,,,,,,,,,,,8.07,8.07,8.07,8.07,8.07,8.07,8.07,,,,,,,,,,,,,,,,,,,,,,,,,,,
"Turkiye, Tekirdag",,,,,,,,,,,23.54,27.5,27.53,16.09,17.56,,,,,,17.08,17.08,17.08,16.44,16.44,17.08,17.08,,,,,,,,,,,,37.8,83.48,87.12,91.67,91.52,105.67,113.8,103.44,121,140.95,147.84,150.45,150.68,148.79,153.67,155.48,153.8,158.56,171.29,164.89,172.11,179.67,179.37,178.81,181.67,181.1,186.64,193.66,197.39,188.5,201.48,212.96,216.22,211.15,211.14,204.48,194.72,198.53,214.18,237.04,232.86,227.87,238.48,227.17
"Turkiye, Trabzon",17.01,13.58,13.58,19.58,19.58,19.58,20.96,20.96,24.99,21.7,21.7,22.35,25.94,20.88,10.57,10.57,25.53,22.2,22.87,23.51,27.59,27.59,27.63,27.63,27.59,27.59,27.64,27.91,22.41,22.57,22.31,23.6,14.2,13.55,13.58,14.24,20.57,11.13,11.13,11.13,11.13,11.56,11.56,9.71,11.56,9.71,,,,,12.79,12.79,12.79,9.71,9.71,9.71,9.71,9.71,,,12.24,12.24,13.52,13.52,12.24,12.24,12.24,12.24,12.24,12.24,12.24,12.24,12.24,12.24,12.24,12.24,12.24,12.24,12.24,12.24,12.24,16.55
"Turkiye, Yarimca",,,,,,,,,,,,,,,,,,,,,,,,,,,,,,,,,,,,,,,,,,,29.98,40.08,40.11,31.82,39.81,41.42,52.34,63.56,62.36,73.04,72.31,67.83,62.12,55.02,58.41,57.77,59.91,57.7,40.75,40.73,58.01,63.2,36.61,51.35,43.69,43.73,46.61,47.84,47.85,49.73,27.54,36.23,43.83,31.08,116.68,131.92,130.04,10.77,10.77,10.77
"Turkiye, Yenikoy",,,,,,,,,,,,,,,,,,,,,,,,,,,,,,,,,,,,,,,,,,,10.23,10.23,10.23,10.23,10.23,10.23,10.23,10.23,10.23,12.41,12.41,12.41,12.41,12.41,12.41,,,,,,,,,,,,,,,,,,,,,,,,,
"Turkiye, Yilport",,,,,,,13.26,23.6,51.37,48.73,49.63,50.76,46.59,52.71,39.31,41.85,44.48,52.67,53.6,58.52,61.11,64.67,58.66,50.66,49.26,51.36,51.25,42.73,42.87,36.58,36.57,36.38,43.08,43.04,10.47,10.47,10.47,22.36,22.36,,,,27.25,17.08,17.08,17.08,30.88,38.19,38.19,38.21,31.2,30.99,38.73,30.67,29.16,28.59,29.2,29.2,29.28,29.28,29.47,29.47,30.33,30.33,29.7,29.7,29.7,29.7,29.7,60.84,56.14,56.88,54.9,54.18,44.63,43.23,39.12,39.12,38.29,45.98,46.9,46.93
"Turks and Caicos Islands, Grand Turk",15.17,15.17,15.17,15.17,15.17,15.17,15.17,8.13,8.13,8.13,8.13,,,,,,,,,,,,,,,,,,,,,,,,,,,,,,,,,,,,,,,,,,8.2,8.2,8.2,8.2,8.2,8.2,8.2,8.2,8.2,8.2,8.2,8.2,8.2,8.2,8.2,8.2,8.2,8.2,8.2,8.2,8.2,8.2,8.2,8.2,8.2,8.2,8.2,8.2,8.2,8.2
"Turks and Caicos Islands, Providenciales",7.56,7.56,7.56,7.56,7.56,7.56,7.56,,,,,,,,,,,,,,,,,,,,,,,,,,,,,,,,,,,,,,,,,,,,,,,,,,,,,,,,,,,,,,,,,,,,,,,,,,,
"Tuvalu, Port Funafuti",,,,,,,,,,10.1,10.1,12.63,12.63,7.85,8.29,8.29,8.29,8.29,11.49,11.49,11.49,11.49,11.49,,,,,17.86,17.86,17.86,17.86,16.18,16.83,13.44,13.44,13.44,13.44,13.44,13.44,15.39,15.39,15.39,15.39,15.39,9.56,9.56,9.56,9.74,9.74,9.74,9.74,9.43,9.43,9.43,9.43,9.43,9.43,9.43,9.1,8.71,8.71,8.71,8.71,8.71,8.29,8.29,8.29,8.29,8.29,8.79,8.79,8.79,8.79,8.8,8.8,7.83,7.83,7.83,7.83,7.83,,
"Ukraine, Chornomorsk",66.75,62.91,62.14,63.5,62.31,74.79,75.99,112.13,127.12,126.35,117.29,115.76,109.78,94.71,94.6,94.88,93.66,94.24,103.83,104.65,104.06,104.67,104.58,110.19,105.19,82.42,78.12,76.86,72.87,76.54,76.03,78.46,78.01,81.39,86.19,86.04,90.17,90.12,90.84,57.07,22.7,22.13,57.02,51.29,48.7,66.24,55.64,55.73,55.72,56.36,60.49,60.54,54.04,54.66,54.05,54.04,54.05,54.05,30.5,41.24,53.51,51.66,51.68,51.48,50.74,,,,,,,,,17.36,17.36,26.57,31.54,31.54,29.96,29.96,29.96,24.42
"Ukraine, Izmail",,,,,,,,,,,,,,,,,,,,,,,,,,,,,,,,,,,,,,,,,,,,,,,,,,,,,,,,,,,,,,,,,,,,,,15.12,15.04,15.04,15.04,15.04,15.64,15.64,7.81,7.81,,,,
"Ukraine, Mariupol",7.88,7.88,7.88,,,,,,,,,,,,,,,,,,,9.95,8.77,8.77,8.77,23.43,23.43,23.45,23.45,23.41,28.76,28.78,28.78,21.68,16.53,23.63,23.63,23.63,16.53,16.53,16.53,16.53,16.53,,,,,,,,,,,,,,,,,,,,,,,,,,,,,,,,,,,,,,,
"Ukraine, Odessa",123.53,111.59,127.78,142.86,131.55,129.73,148.47,147.06,134.37,136.14,144.41,134.06,117.4,94.82,100.65,101.08,98.36,95.79,102.06,102.13,112.1,117.49,116.16,129.32,108.69,100.15,110.17,119.59,114,115.34,112.93,116.51,116.58,121.21,123.82,124.99,145.1,139.13,133.06,133.1,117.54,110.97,117.62,118.26,129.81,147.62,144.43,148.64,149.09,128.99,124.71,117.34,118.85,115.41,121.46,117.45,118.16,118.25,121.27,127.43,127.94,124.65,125.19,132.01,141.48,,,,,,,,,8.5,18.03,18.03,39.43,38.68,24.71,24.71,24.71,24.71
"Ukraine, Reni",,,,,,,,,,,,,,,,,,,,,,,,,,,,,,,,,,,,,,,,,,,,,,,,,,,,,,,,,,,,,,,,,,,,,,,7.89,7.89,7.89,7.89,7.89,7.89,,,,,,
"Ukraine, Yuzhny",,,,,,,,,,,,,,,,,,,,,,,,20.78,24.46,24.51,23.88,24.55,24.55,25.81,27.06,26.45,26.45,26.45,25.81,26.45,26.45,26.45,26.45,26.45,26.45,26.45,26.46,26.46,26.46,26.46,27.11,27.11,27.11,52.72,60.36,60.38,55.14,55.14,54.5,53.85,54.18,54.31,53.08,54.35,60.56,54.35,30.21,30.21,34.5,,,,,,,,,,,,,,,,12.94,
"United Arab Emirates, Abu Dhabi",117.99,124.23,131.81,132.22,155.51,175.59,153.68,136.22,141.49,132.76,127.03,125.91,124.08,118.76,128.93,131.91,120.7,120.4,119.36,104.06,103.99,95.14,125.08,118.26,102.18,102.81,82.57,93.68,103.47,109.51,98.3,90.86,89.03,87.47,66.29,53.84,57.46,57.54,40.2,33.34,33.34,33.34,33.34,33.34,33.34,33.34,32.71,32.71,32.71,32.71,25.63,25.63,25.63,25.63,25.63,25.63,25.63,25.63,25.63,25.63,25.63,11.05,11.05,11.05,11.05,11.05,11.05,11.05,11.04,11.04,11.04,11.04,11.04,11.06,11.06,11.06,11.06,11.06,11.06,11.06,11.06,
"United Arab Emirates, Ahmed Bin Rashid",,,,,,,,,,,,,,,,,,,,,,,,,,,,,,,,,,,,,,,,,,,,,,,,,,,,,,,,,,,,,,,10.95,10.95,10.95,10.95,10.95,10.95,10.95,10.95,10.95,10.95,10.95,10.96,10.96,10.96,10.96,10.96,10.96,10.96,10.96,10.96
"United Arab Emirates, Ajman",23.11,23.11,23.11,23.11,30.79,31.42,31.42,16.93,7.34,7.34,7.34,54.91,38.79,38.79,26.97,26.97,26.97,26.97,26.97,33.95,33.95,33.95,33.95,33.95,44.58,44.58,51.69,46.01,46.01,41.75,41.75,41.75,41.75,34.64,34.64,26.97,26.97,26.97,26.97,36.45,36.45,36.45,36.45,30.01,30.01,30.01,30.01,30.01,30.01,30.01,30.01,30.01,30.01,30.01,30.01,30.01,30.01,30.01,30.01,30.01,30.01,21.29,20.07,20.07,20.07,20.02,20.02,29.07,29.07,29.07,29.07,36.43,36.43,37.06,37.06,36.66,36.66,36.66,36.66,36.66,42.53,36.3
"United Arab Emirates, Dubai",336.64,330.12,349.84,341.98,376.33,351.55,343.92,335.19,321.09,275.94,206.9,139.14,118.57,84.05,77.16,77.16,63.62,63.62,63.56,49.43,49.43,31.51,31.51,31.51,21.79,21.79,21.79,21.79,21.79,21.79,21.79,21.79,21.94,21.94,21.94,21.94,21.94,21.94,21.94,21.87,21.87,21.87,21.87,,,,,,,,,,,,,,,,,,,,,,,,,,,,,,,,,,,,,,,
"United Arab Emirates, Fujairah",37.38,37.38,44.87,44.87,48.65,24.47,24.57,24.57,29.89,16.16,16.72,16.72,16.72,16.72,14.81,52.23,52.16,23.17,37.6,25.83,25.83,25.84,25.84,25.84,33.25,33.25,32.75,32.75,33.04,32.41,33.19,34.25,15.15,15.15,15.15,15.15,15.15,20.49,,,11.26,11.26,,,,,,,,,,,18.11,18.75,,,,,,,,,,,,,,,13.37,13.42,12.85,13.08,13.08,13.01,15.85,,,,,,,111.01
"United Arab Emirates, Hamriya",,,,,,,,,,,,,,,,,,,,,,,,,,,,,,,,,,,,,,,,,,,,,,,,,,,,,,,,,,,,,,,,,,,,,,,,,,,,,,,,,,9.48
"United Arab Emirates, Jebel Ali",479.44,483.96,504.79,509.6,506,552.44,554.43,577.98,604.62,639.19,708.51,761.09,785.8,768.32,746.22,735.47,728.56,729.34,717.57,720.81,742.52,732.09,751.56,740.3,729.99,720.29,739.58,742.33,748.52,756.53,744.87,731.7,724.69,731.17,735.13,730.94,705.88,702.78,727.7,748.53,759.65,753.87,803.87,765.43,763.4,752.25,735.87,748,776.36,772.14,752.59,728.8,732.52,747.78,718.87,730.31,720.19,715.97,728.97,704.35,697.6,685.3,677.22,649.58,665.9,671.28,680.29,687.12,735.47,755.43,763.45,757.49,754.07,733.13,750.35,780.93,834.25,816.5,776.39,790.93,775.48,225.66
"United Arab Emirates, Khalifa",,,,,,,,,,,,,,,,,,,,,,,,,,,,,96.83,121.27,131.58,136.44,126.31,134.77,166.03,160.35,160.2,171.33,181.65,196.19,185.11,200.18,190.49,198.75,192.22,185.42,195.81,190.58,202.66,200.01,204.55,204.22,193.11,247.42,271.37,286.39,280.91,297.53,302.56,327.19,347.69,346.42,328.14,305.9,297.81,311.13,315.14,322.85,344.83,367.22,365.15,397.15,364.1,354.62,323.33,312.82,337.28,374.05,375.14,416.03,404.73,107.44
"United Arab Emirates, Khor Fakkan",172.26,178.82,178.68,178.08,183.84,186.73,184.71,184.4,189.48,188.61,191.58,222.55,219.45,203.42,201.12,201.51,218.5,213.75,212.12,224.27,223.37,216.68,222.86,220.28,230.98,231.15,252.5,279.66,274.6,271.21,268.86,267.64,271.14,274.36,270.19,262,259.15,259.76,266.19,257.67,261.28,236.02,243.69,239.52,234.76,225.74,241.28,241.59,246.59,227.26,213.31,203.67,54.93,94.46,86.6,73.31,66.98,66.98,67.04,67.11,64.53,64.53,67.11,67.25,61.4,61.31,58.78,58.78,58.78,58.78,58.78,58.78,58.78,60.76,81.4,92.68,82.18,82.18,89.03,90.07,58.05,167.51
"United Arab Emirates, Mina Saqr",,,,,,,,,,,,,,,,,,,,,,,,,,,,,,,,,,,,,,,,,,,,,,,,,,,,,,,,,11.95,11.95,19.17,,,,15.96,15.96,15.96,15.96,15.96,23.47,23.47,23.47,23.47,23.47,23.47,23.5,23.5,23.5,23.5,23.5,23.5,23.5,23.5,23.5
"United Arab Emirates, Ras al Khaimah",,,,,,,,20.71,13.06,13.06,13.06,13.54,,,22.52,22.52,,,,,,,,,,,,,,,,,,,,,,,,,,,,,,,,,,,,,,12.18,12.18,12.18,12.18,,,,,,11.77,11.77,11.77,11.72,11.72,11.72,11.72,11.72,11.72,11.72,11.72,38.58,39.72,44.33,35.5,11.74,11.74,11.74,20.46,11.74
"United Arab Emirates, Ruwais",,,,,,,,,,,,,,,,,,,,,,,,,,,,,,,,,,,,,,,,,,16.63,16.63,16.63,16.63,16.63,16.63,16.68,16.68,16.68,16.68,16.63,16.63,29.24,29.24,29.24,29.24,29.24,29.24,23.7,23.7,23.7,23.7,23.7,22.84,22.84,22.84,22.84,22.84,22.84,22.84,22.84,22.84,22.88,22.88,22.88,22.88,22.88,22.88,22.88,22.88,22.88
"United Arab Emirates, Sharjah",85.89,78.17,75.19,75.19,82.04,88.16,85.37,86.42,95.29,89.92,81.53,119.92,106.25,76.51,100.07,101.31,106.66,106.66,110.82,109.83,110.14,108.67,107.67,114.54,107.21,100.21,126.4,121.9,118.48,113.95,117.94,107.84,94.33,94.32,86.1,103,114.93,100.41,100.41,101.69,107.59,109.05,108.47,66.11,77.04,94.15,92.28,91.01,90,100.6,106.58,112.66,112.76,117.68,122.94,116.85,104.57,99.64,99.52,104.03,103.95,66.79,68.8,53.33,53.33,62.32,62.32,69.82,69.82,90.22,83.87,89.91,99.68,97.33,90.29,101.26,102.06,100.85,100.52,91.4,95.06,112.7
"United Arab Emirates, Umm al Qaiwain",12.17,12.17,12.17,12.17,12.17,12.17,12.17,10.02,10.02,10.02,10.02,22.21,12.91,12.91,12.91,12.91,12.91,12.91,12.91,12.91,12.91,12.91,12.91,12.91,12.91,12.91,12.91,12.91,12.91,12.91,12.91,12.91,12.91,12.91,12.91,12.91,12.91,12.91,12.91,12.91,12.91,12.91,12.91,12.91,12.91,12.91,12.91,12.91,12.91,12.91,12.91,12.91,12.91,12.91,12.91,12.91,12.91,12.91,12.91,12.91,12.91,,,,,,,11.15,11.15,11.15,11.15,11.15,11.15,11.15,11.15,11.15,11.15,11.15,11.15,11.15,11.15,11.15
"United Kingdom, Aberdeen",36.27,36.15,36.15,35.45,39.32,39.4,39.39,39.4,40.01,48.73,49.09,49.09,40.75,40.75,37.18,36.74,42.71,43.51,43.51,42.88,35.14,34.92,34.92,34.92,34.92,35.37,35.24,35.24,36.51,37.16,45.06,45.06,45.11,42.72,35.41,36.78,36.64,30.05,29.41,28.77,31.19,31.2,31.2,31.2,31.18,31.18,31.18,20.18,20.18,13.7,13.7,13.7,13.7,13.7,13.7,13.7,13.7,13.7,23.91,23.91,23.91,23.91,23.91,23.91,22.65,22.65,25.26,25.26,25.26,25.26,25.26,25.26,25.26,25.27,25.27,25.89,29.71,29.71,29.71,29.71,29.71,29.71
"United Kingdom, Avonmouth",,,,,,,,,,,,,,,,,,,,,,,,,,,,,,,,,,,,,,,,,,,,18.95,18.95,18.95,18.95,18.95,18.95,18.31,18.31,18.31,18.31,,,,,,,,,,,,,,,,,,,,,,,,,,,,,
"United Kingdom, Belfast",67.09,76.11,69.85,68.3,65.48,70.06,73.37,72.98,74,72.09,72.92,72.96,69.75,72.33,73.9,73.9,74.35,66.72,64.98,63.1,61.9,61.95,55.94,49.82,49.82,49.83,49.19,49.28,54.99,43.3,48,46.44,50.4,50.46,50.4,42.78,42.78,46.15,36.76,42.08,45.72,48.76,46.49,38.32,30.47,33.2,33.2,33.2,34.72,34.16,34.03,38.29,34.54,34.54,29.54,34.09,35.79,30.57,30.59,29.77,30.61,31.81,36.09,35.85,35.85,36.01,32.12,41.63,38.21,36.31,45.69,39.67,83.48,84.22,76.75,82.23,82.21,79.33,79.94,79.94,77.44,79.31
"United Kingdom, Blyth",23.49,15.15,15.15,20.19,20.81,20.81,20.81,21.45,7.79,7.79,8.2,9.3,9.3,9.3,9.3,9.3,9.3,9.3,9.3,9.3,9.3,9.3,10.22,10.22,10.22,10.22,10.22,10.22,7.81,8.44,8.44,8.44,10.22,10.22,10.22,10.22,16.71,8.31,8.31,8.31,8.31,9.05,9.05,9.05,9.05,9.05,9.05,9.05,9.05,9.04,9.04,9.05,9.05,9.05,9.05,9.05,9.05,9.05,9.05,9.05,9.05,9.05,9.05,9.05,9.05,9.05,9.05,9.05,9.05,9.05,9.05,9.04,9.04,9.05,9.05,9.05,9.05,9.69,16.82,16.82,17.52,17.52
"United Kingdom, Boston (GB)",,,,8.86,8.86,8.86,8.86,8.86,8.86,8.86,8.86,7.16,7.16,7.16,7.16,7.16,7.16,7.16,7.16,7.16,7.16,7.16,7.16,7.16,7.16,7.16,7.16,7.16,7.16,7.16,7.16,7.16,7.16,7.16,7.16,7.16,7.16,7.16,7.16,7.16,7.16,7.16,7.16,7.16,7.16,7.16,7.16,7.16,7.16,7.16,7.16,7.16,7.16,7.16,,,,,,,,,,,,,,,,,,,,,,,,,,,,
"United Kingdom, Bristol",56.69,51.56,44.82,39.11,43.61,25.96,17.36,18.79,19.42,19.4,19.4,19.4,19.14,19.14,26.58,26.58,20.31,26.9,27.14,20.09,17.99,17.99,19.26,19.26,21.96,28.66,22.06,20.26,10.04,10.04,10.04,10.04,10.04,29.14,29.14,33.65,32.95,32.95,39.91,39.43,46.7,46.66,46.72,44.06,47.24,42.64,47.8,32.07,34.43,46.51,51.29,61.51,61.56,51.26,46.38,48.61,48.49,37.72,37.61,37.89,50.02,41.55,41.16,43.73,60.53,55.83,55.93,55.66,46.92,36.5,40.93,40.54,48.16,45.03,27.06,29.1,29.16,29.16,27.16,19.86,22.08,14.64
"United Kingdom, Cardiff",11.91,11.91,11.91,11.91,11.91,11.91,11.91,11.91,11.91,11.91,11.91,22.46,15.97,15.99,23.41,23.41,23.05,23.05,23.05,23.05,23.05,23.05,23.05,23.05,23.05,24.96,25.01,25.01,16.89,26.33,26.37,18.31,24.74,24.74,24.74,24.74,24.74,24.74,24.74,24.74,24.74,24.74,24.74,27.86,27.86,27.86,27.86,18.95,18.95,10.76,10.76,10.76,10.76,10.76,,,,,,,,,,,,,,,,,,,,,,,,,,,,
"United Kingdom, Dagenham",33.2,33.2,33.2,33.2,33.2,33.2,33.2,33.2,33.2,33.2,33.2,33.2,33.2,33.2,,,,,,,,,,,,,,,,,,,,,,,,,,,,,,,,,,,,,,,26.32,28.74,28.74,28.74,28.74,28.74,10.28,19.51,19.51,,,,,,,,,,,,,,,,,,,,,
"United Kingdom, Dartford",29.03,29.03,29.03,29.03,29.03,29.03,29.03,29.03,,19.22,19.22,19.22,19.22,19.22,,,,,,,,,,,,,,,,,,,,,,,,,,,,,,,,,,,,,,,,,,,,,,,,,,,,,,,,,,,,,,,,,,,,
"United Kingdom, Douglas",,,,,,,,,,,,,,,,,,,,,17.81,,,,,,,,,,,,,,,,,,,,,,,,,,,,,,,,,,,,,,,,,,,,,,,,,,,,,,,,,,,,,
"United Kingdom, Dover",16.2,16.2,16.2,16.2,16.2,16.2,16.2,16.83,16.83,24.43,24.45,24.45,23.79,34.06,34.06,34.06,34.06,34.06,34.06,34.21,34.19,34.19,34.19,34.19,34.18,34.18,41.89,35.43,35.43,35.43,35.43,36.62,36.62,34.66,34.66,34.66,34.66,26.9,26.9,26.9,26.9,16.53,16.53,16.74,16.74,16.74,16.74,16.74,21.86,21.86,21.86,22.46,22.46,22.46,22.45,21.38,10.33,10.54,18.78,19.4,19.4,19.41,13.17,13.17,12.54,12.54,12.54,12.54,12.54,12.54,12.54,12.54,12.54,12.56,12.56,12.56,12.56,12.56,12.56,12.56,12.56,12.56
"United Kingdom, Dundee",,,,,,,,,,,,7.05,7.05,7.05,7.05,7.05,7.05,7.05,7.05,7.05,7.05,7.05,7.05,7.05,,,,,7.4,,,,,,,,,,,,,,,,,,,,,,,,,,,,,,,,,,,,,,,,,,,,,,,,,,,,,
"United Kingdom, Ellesmere Port",,,,,,,,,,,,,,,,,,,,,,,,,,,,,,,,,,,,,,,,,9,9,8.36,,,,,,,,,,,,9,9.64,9.64,,,,,,,,,,,,,,,,,,,,,,,,,
"United Kingdom, Felixstowe",486.01,497.04,491.53,508.85,496.56,482.26,465.29,467.15,449.77,431.37,427.47,423.89,438.91,438.4,461.96,461.07,453.96,468.99,470.57,458.25,448.58,458.61,455.7,436.85,436.09,424.95,422.41,430.14,400.04,406.89,402.83,403.03,387.99,385.66,395.56,391.67,390.06,382.4,406.01,401.84,402.43,416.36,392.91,391.77,393.15,382.99,378.78,368.41,388.08,381.68,353.56,282.07,297.68,295.93,299.9,302.39,314.58,319.54,317.08,315.9,275.31,291.31,304.57,265.4,255.02,266.33,263.11,265.85,266.62,292.68,293.18,304.97,296.14,302.05,307.23,316.6,273.56,262.22,340.88,336.98,338.66,330.06
"United Kingdom, Fowey",,,,,,,,,,,,,,,,,,,,7.08,7.08,7.08,7.08,7.08,,,,,,12.23,12.23,12.23,12.23,12.23,12.23,12.23,12.23,14.83,14.83,14.83,11,11,11,11,11,11,11,11,11,11,11,11,11,11,11,11,11,11,11,11,11,11,11,11,11,11,11,11,11,7.59,7.59,7.59,7.59,7.59,7.59,7.59,7.59,7.59,7.59,7.59,7.59,7.59
"United Kingdom, Goole",34.6,38.34,41.1,26.7,19.62,19.62,19.62,20.04,20.04,20.04,20.67,18.93,21.49,21.49,21.49,21.49,21.49,21.49,21.49,21.49,21.49,21.49,24.87,24.87,12.81,12.81,12.81,12.81,,,,,,,,,,,,,,,,,,,,,,,,,,,,,,,,,,,,,,,,,,,,,,,,,,,,,,
"United Kingdom, Grangemouth",52.5,53.14,53.14,47.57,47.58,48.29,48.29,48.29,37.77,37.71,35.18,40.9,47.49,48.86,48.86,57.42,57.6,56.76,70.34,65.65,66.76,63.2,60.56,59.36,61.04,64.55,64.55,68.22,69.2,56.06,51.86,44.92,53.51,53.5,56.69,59.5,57.09,56.56,49.15,48.47,48.47,56.45,56.97,52.76,46.72,43.08,45.47,41.81,45.49,45.37,38.14,42.92,42.24,41.59,40.09,40.72,41.43,36.74,37.22,44.72,44.4,44.66,40.83,45.12,37.46,45.3,50.95,46.22,41.37,47.29,49.85,49.85,46.37,47.63,48.09,38.44,38.44,46.52,46.54,46.57,46.57,51.32
"United Kingdom, Greenock",32.48,38.68,38.68,32.88,32.88,32.92,40.1,43.39,43.61,43.38,43.98,43.35,43.11,42.97,42.36,42.36,36.29,35.88,35.9,46.31,46.38,43.17,48.08,40.75,34.32,28.32,28.32,23.3,35.06,35.09,41.81,37.41,37.36,37.36,37.42,41.56,41.39,35.35,49.96,50.63,46.47,53.11,51.69,47.61,44.51,45.15,43.77,46.24,46.24,44.22,44.77,45.5,44.02,45.28,43,52.43,57.12,50.57,51.11,43.92,58.06,50.42,49.96,52.54,53.02,45.51,51.3,51.99,48.81,52.51,56.83,53.94,60.9,58.66,33.71,34.55,34.62,34.59,45.85,40.32,36.97,38.45
"United Kingdom, Harwich",22.58,22.58,22.58,22.58,27.57,27.56,27.56,27.59,27.59,27.58,25.36,37.26,37.26,37.26,43.26,43.26,52.07,52.13,44.83,32.95,48.03,48.71,57.82,57.82,57.82,36.82,36.82,30.35,30.35,30.35,18.66,18.66,18.66,18.66,18.66,15.46,15.46,15.46,15.46,15.46,15.46,17.79,17.79,17.79,17.79,17.79,17.79,17.79,17.79,17.79,17.79,17.79,17.79,17.79,48.2,40.82,17.79,17.79,15.84,,,,,,,,,,,,,,,,,,,,,,,
"United Kingdom, Hull",92.25,110.41,110.41,113.37,117.92,122.15,107.79,103.26,88.9,81.85,60.93,60.65,65.58,58.54,39.26,39.26,38.62,40.54,40.54,48.91,48.91,47.64,48.95,52.49,59.53,64.18,64.18,60.53,64.5,44,30.06,39.8,36.18,32.58,32.58,32.58,32.58,35.03,29.43,25.29,25.29,34.84,36.83,36.83,36.83,43.48,50.77,43.65,47.49,53.63,80.99,85.48,89.22,86.79,82.49,82.49,82.49,74.81,83.87,78.73,77.41,78.09,85.85,80.11,79.06,79.06,83.61,83.67,87.74,92.13,98.2,102.19,90.58,71.9,71.98,71.98,71.98,66.83,76.93,76.93,73.01,70.61
"United Kingdom, Immingham",111.42,103.99,103.99,120.62,128.9,120.01,111.59,109.52,113.01,110.78,108.78,104.36,108.44,109.47,106.68,105.64,90.22,102.07,110.46,96.83,96.86,86.97,90.7,89.51,68.91,68.8,68.8,73.29,72.81,98.96,104.94,99.17,103.34,119.76,124.59,107.71,107.73,101.56,106.48,93.72,97.86,108.36,108.24,108.8,102.76,95.07,94,102.45,98.96,99.12,90.88,79.82,74.25,63.53,81.23,87.74,80.62,81.91,81.9,87.03,78.83,69.91,85.83,85.83,82.24,86.98,73.61,71.34,79.36,73.29,72.51,69.13,69.1,79.65,78.89,79.51,81.07,81.69,67.18,67.18,76.89,76.89
"United Kingdom, Ipswich",26.35,24.24,24.15,17.51,17.51,17.51,17.51,17.51,43.3,43.3,43.31,9.53,9.54,9.54,9.54,9.54,9.54,9.54,9.54,9.54,9.54,14.8,14.8,14.8,14.8,14.8,14.8,14.8,14.8,14.8,14.8,14.8,14.8,14.8,14.8,14.8,14.8,14.8,14.8,14.8,14.8,15.43,15.43,15.43,15.43,15.43,15.43,15.43,10.17,10.17,10.17,10.17,10.17,,,,,,,,,,,,,,,,,,,,,,,,,,,,,
"United Kingdom, Irlam",11.67,11.67,11.67,11.67,11.67,11.67,11.67,11.67,11.67,11.67,11.67,,,,,,,,,,,,,,,,,,,10.84,10.84,10.84,10.84,10.84,9,9,9,9,8.36,8.36,9,9,8.36,9.64,9.64,10.27,10.27,10.27,10.27,8.36,8.36,8.36,8.36,8.36,9,9.64,9.64,,,,,,,,,,,,,,,,,,,,,,,,,
"United Kingdom, Killingholme",,,,,,,,,21.22,,,,,,15.99,15.99,15.99,,,,,,,,,,,,,,,,,,,,,,,,,,,,16.29,16.29,16.29,16.29,16.29,16.29,16.29,17.44,17.44,17.44,19.31,17.44,,,,,,,,,,,,,,,,,,,,,,,,,,
"United Kingdom, Kirkwall",9.17,9.17,9.17,9.17,9.17,9.17,9.17,9.17,9.17,9.17,9.17,9.17,9.17,9.17,9.17,9.17,9.17,9.17,9.17,9.17,8.18,8.18,8.18,8.18,8.18,8.18,8.18,8.18,8.18,8.18,8.18,8.18,8.18,8.18,8.18,8.18,8.18,8.18,8.18,8.18,8.18,8.18,8.18,8.18,8.18,8.18,8.18,8.18,8.18,,,,,,,,,,,,,,,,,,,,,,,,,,,,,,,,,
"United Kingdom, Lerwick",9.17,9.17,9.17,9.17,9.17,9.17,9.17,9.17,9.17,9.17,9.17,9.17,9.17,9.17,9.17,9.17,9.17,9.17,9.17,9.17,8.18,8.18,8.18,8.18,8.18,8.18,8.18,8.18,8.18,8.18,8.18,8.18,8.18,8.18,8.18,8.18,8.18,8.18,8.18,8.18,8.18,8.18,8.18,8.18,8.18,8.18,8.18,8.18,8.18,,,,,,,,,,,,,,,,,,,,,,,,,,,,,,,,,
"United Kingdom, Liverpool (GB)",138.79,142.93,153.83,153.23,153.95,154.25,162.58,152.65,146.68,122.16,123.05,115.08,110.12,117.66,99.56,99.56,99.94,106.47,110.27,111.12,128.12,111.3,118.03,118.02,118.77,123.73,123.18,125.31,123.84,127.26,130.13,130.58,130.42,130.5,123.72,127.01,130.56,126.07,125.21,126.54,133.3,137.57,140.86,120.31,119.63,125.06,126.28,131.05,128.02,129.23,149.5,130.62,136.9,145.28,140.8,140.63,138.62,117.55,170.55,126.61,148.6,158.67,130.17,138.24,137.08,136.47,128.83,119.27,110.5,115.93,122.08,124.19,159.98,163.03,192.55,214.92,160.89,162.87,169.85,174.4,160.39,157.45
"United Kingdom, London Gateway",,,,,,,,,,,,,,,,,,,,,,,,,,,,,,,,,41.58,92.97,128.31,123.04,126.25,123.94,138.58,131.68,129.51,141.1,142.12,140.87,163.89,216.4,234.48,255.71,264.48,258.18,249.21,280.41,309.74,328.25,321.09,343.94,346.92,331.84,360.88,365.86,372.72,336.65,339.89,348.46,344.84,350.62,341.51,349.8,336.55,339.96,329.2,335.46,352.12,357.73,372.66,377.12,426.89,441.04,352.86,361.62,374.75,374.08
"United Kingdom, Marchwood",,,,,,,,,,,,,,,,,,,,,,,,,,,,,,,,,,,,,,,,,,,,,,,,,,,,,,,,,,,,,,,,,,,,,,,9.18,9.18,9.18,8.55,9.19,9.19,9.19,9.19,,,,
"United Kingdom, Newhaven",7.17,7.17,7.17,7.17,7.17,7.17,7.17,7.17,7.17,7.17,7.17,7.17,7.17,7.17,7.17,7.17,7.17,7.17,7.17,7.17,7.17,7.17,7.17,7.17,7.17,7.17,7.17,7.17,7.17,7.17,7.17,7.17,7.17,7.17,7.17,7.17,7.17,7.17,7.17,7.17,7.17,7.17,,,,,,,,,,,,,,,,,,,,,,,,,,,,,,,,,,,,,,,,
"United Kingdom, Poole",,,,,,,,,,,,,,,,,,,,,,,,,,,,,,,,,,,,,,,,,,9.43,9.43,9.43,9.43,9.43,9.43,9.43,9.43,9.43,9.43,9.43,9.43,9.43,9.43,,9.43,9.43,9.43,9.43,9.43,9.43,9.43,9.43,9.43,9.43,9.43,9.43,9.43,9.43,9.43,9.43,9.43,9.43,9.43,9.43,9.43,9.43,9.43,,,
"United Kingdom, Portsmouth (GB)",33.48,33.48,33.48,33.5,39.7,39.69,39.69,39.7,55.68,55.68,41.24,42.73,33.32,32.72,32.69,32.69,34.13,34.13,31.04,33.49,33.53,33.53,32.34,32.99,31.72,31.72,31.72,23.11,22.48,30.96,20.15,34.04,34.04,34.68,43.91,33.16,33.16,41.53,28.53,38.9,44.25,49.85,38.77,48.4,55.38,48.62,48.61,57.47,48.64,39.78,29.84,38.63,48.89,37.59,42.04,41.47,37.76,39.65,29.32,29.31,29.31,29.32,29.32,32.93,34.39,34.39,34.39,48.46,34.39,34.39,34.39,34.39,34.39,34.56,24.13,24.13,24.13,24.13,24.13,24.13,24.13,24.13
"United Kingdom, Purfleet",,,,17.09,17.09,17.09,17.09,17.09,17.09,56.89,56.89,39.42,35.12,35.12,19.22,19.22,19.22,15.99,15.99,15.99,15.99,15.99,15.99,29.83,29.83,10.83,10.83,10.83,10.83,10.83,10.83,10.83,10.83,10.83,10.83,10.83,10.83,10.83,10.83,10.83,10.83,10.83,10.83,10.83,10.83,10.83,10.83,10.83,10.83,10.83,10.83,10.83,,,,,,,,,,,,,,,,,,,,,,,,,,,,,,
"United Kingdom, Scrabster",,,,,,,,,,,,,,,,,,,,,,,,,,,,,,,,,,,,,,8.4,8.4,10.04,10.04,10.04,10.04,10.04,10.04,10.68,10.68,10.68,10.68,10.68,10.68,10.68,,,,8.42,8.42,8.42,8.42,8.42,8.42,8.42,8.42,8.42,7.78,7.78,7.78,7.78,7.78,7.78,7.78,7.78,,,,,,,,,,
"United Kingdom, Sheerness",26.33,26.33,26.33,26.33,29.52,29.52,36.01,32.8,38.69,38.69,32.82,32.82,32.82,32.82,26.31,26.31,26.31,47.84,46.52,47.18,43.45,44.07,44.07,37.06,52.69,28.8,28.8,40.35,40.22,40.93,41.56,47.03,50.41,40.7,40.7,40.68,46.63,35.43,28.1,28.08,28.08,27.44,19.77,19.77,19.77,19.77,19.77,19.77,19.77,19.13,27.15,18.81,26.86,26.86,26.86,10.93,10.93,10.3,10.3,10.3,,,,18.86,18.86,17.89,17.89,17.89,17.89,17.89,18.47,18.47,18.65,18.69,18.69,18.69,18.61,18.61,18.61,18.23,18.23,18.23
"United Kingdom, Shoreham",,,,,,,,,,,,6.4,6.4,6.4,6.4,6.4,6.4,6.4,6.4,,,,,,,,,,,,,,,,,,,,,,,,,,,,,,,,,,,,,,,,,,,,,,,,,,,,,,,,,,,,,,,
"United Kingdom, Southampton",169.33,175.14,168.35,215.96,244.1,242.1,223.58,220.47,218.04,219.16,190.89,196.61,211.9,196.76,194.38,201.59,205.51,221.59,229.21,243.12,239.16,214.98,209.77,213.35,195.01,200.47,201.68,201.77,212.07,225.5,223.86,232.24,233.9,234.45,225.36,228.78,240.77,258.91,258.21,278.93,271.07,266.19,268.41,269.26,271.4,274.15,278.23,273.77,267.82,249.83,245.44,241.47,227.63,237.14,244.24,234.28,246.66,255.36,251.8,268.25,285.18,282.82,273.89,263.21,257.15,272.5,281.37,269.33,260.36,270.58,283.81,277.91,264.55,263.38,262.7,264.03,292.64,286.59,332.12,305.67,313.33,294.99
"United Kingdom, Swansea",,,,,,10.67,,,,,,,,,,,,,,,,,,,,,,,,,,,,,,,,,,,,,,,,,,,,,,,,,,,,,,,,,,,,,,,,,,,,,,,,,,,,
"United Kingdom, Tees",101.26,100.49,100.46,79.57,75.93,75.34,68.92,69.82,75.73,77.39,77.9,68.89,67.18,84.71,92.83,93.04,88.45,101.11,106.62,106.49,104.87,92.97,90.73,99.65,97.47,102.2,94.05,88.44,85.47,88.28,80.52,79.13,85.1,95.51,96,95.34,101.86,104.13,106.2,110.58,110.67,110.26,111.95,96.88,96.94,96.94,88.3,90.82,84.66,90.35,90.03,100.17,103.51,99.73,98.01,94.66,91.79,82.95,85.56,89.3,91.4,88.98,97.44,101.78,104.37,82.02,74.44,81.56,82.77,87.4,80.75,80.75,80.75,86.03,77.02,74.02,74.02,85,95.43,94.92,96.23,87.33
"United Kingdom, Thamesport",178.7,171.82,172.52,112.96,105.35,114.53,113.94,119.63,131.42,130.22,168.7,142.34,135.98,139.66,102.76,102.76,99.94,102.36,101.72,102.2,113.25,113.33,112.01,101.79,104.43,105.37,103.77,104.55,103.36,109.49,65.46,18.62,32.12,32.12,28.6,28.6,28.6,28.6,28.6,39.72,21.08,21.08,21.08,20.06,20.06,20.06,20.06,21.39,21.39,20.12,31.47,20.69,20.69,20.05,23.95,9.05,9.05,9.05,9.05,9.05,9.05,9.05,16.66,16.66,17.3,17.3,17.3,17.3,25.06,25.06,32.11,35.28,34.63,26.92,25.64,21.56,27.84,47.36,47.75,53.24,47.1,47.1
"United Kingdom, Tilbury",283.14,285.39,271.18,266.42,224.69,249.87,253.59,241.69,271.61,268.68,262.77,242.97,253.4,277.15,264.45,255.14,244.21,228.82,234.47,247.46,281.52,260.44,222.89,223.73,223.11,235.69,228.82,237.44,252.87,232.34,238.6,234.83,225.59,204.4,234.92,209,196.98,209.97,207.1,208.44,234.9,225.72,252.44,240.21,235.51,229.96,196.25,168.39,145.27,158.95,168.56,155.64,159.9,133.64,130.29,160.39,142.64,131.12,137.39,160.81,170.01,169.94,134.17,144.75,145.66,162.58,146.85,148.25,128.68,148.03,142.77,128.72,115.68,118.47,118.28,126.64,119.01,109.27,98.84,100.49,114.98,119.81
"United Kingdom, Tyne",16.5,16.5,16.47,16.45,16.45,21.02,21.02,21.02,23.43,23.43,23.43,23.43,22.25,9.4,9.4,13.56,13.56,23.23,33.28,33.48,33.48,37.48,37.48,25.04,18.41,35.53,35.53,18.43,,,,,23.73,33.2,32.26,32.34,32.97,24.17,25.75,21.76,32.17,23.69,27.3,35.86,34.62,33.98,21.5,11.59,9.67,10.33,18.91,18.83,11.29,11.29,10.33,17.7,17.7,10.93,14.13,13.5,17.6,17.7,17.7,18.33,18.28,18.23,18.37,15.48,15.48,15.48,15.48,15.48,15.87,11.85,11.85,12.35,12.35,11.85,11.85,11.85,11.85,11.85
"United Kingdom, Warrenpoint",24.77,24.77,25.35,25.35,25.35,13.5,13.93,14.44,14.44,14.44,14.44,14.44,14.44,14.44,14.44,14.44,,,,,,,,,,9.21,9.46,9.46,,9.17,9.17,,7.77,20.06,20.06,20.06,20.06,20.06,20.06,20.06,20.06,20.06,20.06,10.84,10.84,10.84,10.84,,,10.76,10.76,10.76,10.76,10.76,,,,,,,,10.26,10.26,10.26,9.29,9.29,9.29,9.29,,,,,,,,,,,,,,
"United Republic of Tanzania, Dar es Salaam",121.01,126.25,128.51,131.61,125.81,137.76,149.66,141.84,132.5,118.5,115.72,116.68,119.11,96.96,95.37,96.36,89.51,119.39,130.86,121.47,134.37,135.06,137.05,140.5,122.44,130.28,119.87,112.34,105.74,122.53,128.17,141.46,139.92,121.71,116.11,116.77,93.86,91.92,101.98,113.76,105.28,104.64,107.77,109.87,106.35,103.7,101.04,103.43,108.76,110.39,120.9,122.72,129.64,102.84,103.51,99.47,100.57,95.83,97.1,93.3,95.41,93.12,92.67,101.41,101.99,97.68,100.37,103.95,112.79,117.27,108.44,126.46,128.28,117.68,122.74,113.29,135.08,116.74,146.01,143.24,147.73,159.49
"United Republic of Tanzania, Mtwara",15.29,,,,,,,19.67,19.35,,,,,,,,,,,,,,,,,,,,,,,9.96,9.96,9.96,,,,,,,12.01,12.01,10.63,10.63,,,,,,,,,,,,,,,,,,,,,,,,,,20.43,20.44,19.79,20.67,20.66,20.64,20.02,10.72,,,,,
"United Republic of Tanzania, Tanga",19.31,16.28,16.63,16.63,16.93,17.93,17.95,17.95,19,19,19.13,,,19.13,29.66,30.29,30.6,31.12,40.82,34.31,34.75,36.3,33.81,39.59,31.7,31.71,33.51,34.93,33.63,33.63,33.38,39.44,42.39,40.99,34.91,38.07,16.38,16.38,16.38,16.38,22.45,22.07,22.07,21.43,9.08,9.08,9.08,9.08,9.72,9.72,9.72,9.72,9.72,9.72,9.72,9.72,,,,,,,,,,,,,,,,,,,,,,,,,,
"United Republic of Tanzania, Zanzibar",10.22,10.22,10.22,10.22,10.22,10.22,10.22,10.22,10.22,10.22,10.22,10.22,21.97,12.27,34.22,29.17,29.48,35.11,44.11,41.69,42.16,41.42,39.92,39.92,28.09,36.83,43.66,42.37,32.8,41.7,38.62,41.34,40.83,40.61,34.49,35.12,34.48,34.47,38.11,40.55,43.95,44.61,43.33,40.2,33.91,29.6,29.65,31.4,31.4,31.35,31.35,22.41,35.9,35.9,35.9,35.96,31.07,30.64,29.57,29.61,28.52,28.52,27.29,27.15,29.93,30.33,30.33,32.96,38.02,32.38,21.4,21.29,21.29,27.09,27.09,27.09,27.09,36.94,36.85,41.66,45.42,45.51
"United States Virgin Islands, Port Alucroix",,,,,,,,,,,,,,,,,,,,,,,,,,,,,,,,,,,,,,,,,,,,,,,,,,,,,,,,,,,,,,,,,,,,,,14,14,14,14,14.22,14.22,14.22,14.22,14.22,14.22,14.22,14.22,14.22
"United States Virgin Islands, St Croix",32.49,31.85,31.85,31.85,31.85,31.85,31.85,24.19,23.55,23.55,23.55,23.55,23.55,23.55,23.55,23.55,23.46,23.46,23.46,23.46,23.46,23.46,23.46,24.73,24.73,24.73,24.73,24.73,24.73,24.73,24.73,24.73,24.73,24.73,24.73,24.73,24.73,24.73,24.73,24.73,24.73,24.1,24.1,24.1,24.1,24.1,25.4,25.4,25.4,25.4,23.79,23.79,8.77,8.77,8.77,8.77,8.77,8.77,8.77,8.77,19.5,19.5,19.5,,,,,,,,,,,,,,,,10.7,10.7,10.7,10.7
"United States Virgin Islands, St John",24.28,27.04,23.01,23.01,23.01,23.01,23.01,,,,,,,,,,,,,,,,,,,,,,,,,,,,,,,,,,,,,,,,,,,,,,,,,,,,,,,,,,,,,,,,,,,,,,,,,,,
"United States Virgin Islands, St Thomas",24.85,28.88,24.21,24.21,27.58,27.58,27.58,29.26,29.26,29.26,29.26,29.26,29.26,29.26,29.26,29.26,29.25,29.25,29.25,29.38,29.38,29.38,29.38,30.11,30.11,30.11,36.31,36.31,36.31,36.31,36.31,36.31,36.31,36.31,36.31,36.22,36.22,36.33,36.33,36.33,36.33,35.69,36.52,36.38,36.38,36.38,30.64,30.64,30.64,30.64,35.17,35.17,42.08,42.08,46.34,46.32,46.32,46.32,46.32,46.32,46.32,46.32,46.32,36.57,36.57,36.57,36.57,35.05,35.05,28.88,28.88,28.88,28.88,29.1,29.1,29.1,29.1,29.1,36.77,36.77,36.77,35.69
"United States, Anchorage",20.28,20.28,20.28,20.28,14.08,17.91,17.91,17.91,17.91,17.91,17.91,17.91,17.91,17.91,17.91,17.91,17.91,17.91,17.91,14.08,14.08,14.08,14.08,14.08,14.08,14.08,14.08,14.08,14.08,14.08,14.08,14.08,14.08,14.08,14.08,14.08,14.08,14.08,14.08,14.08,14.08,14.08,14.08,14.08,14.08,14.08,14.08,14.08,14.08,14.08,14.08,14.08,14.08,14.08,14.08,14.08,14.08,14.08,14.08,14.08,14.08,14.08,14.08,14.08,14.08,14.08,14.08,14.08,14.08,14.08,14.08,14.08,14.08,14.62,14.62,14.62,14.62,14.62,14.62,14.62,14.62,14.62
"United States, Baltimore",151.61,162.58,162.78,162.17,148.93,148.14,148.69,155.33,163.26,153.77,152.64,158.34,159.11,157.91,182.18,175.83,182.75,184.24,185.43,179.54,174.47,163.42,164.44,152.13,167.49,173.35,176.56,181.27,171.71,172.2,169.63,169.71,168.82,168.78,169.29,164.46,193.65,193.64,185.22,177.44,177.4,183.03,180.84,170.14,176.01,160.46,162.91,162.79,164.71,185.51,162.26,162.35,167.62,163.77,161.9,172.8,171.78,173.36,173.87,177.84,176.87,178.03,183.74,191.53,195.78,186.4,202.7,201.31,207.18,206.7,218.36,216,206.89,25.14,196.15,202.62,244.95,246.31,242.35,235.75,241.52,225.65
"United States, Beaumont",,,,,,,,,,18.64,18.64,18.64,18.64,,,,,,,,,15.46,15.46,,,,,,,,,,,,,,,,,,,,,14.18,14.18,14.18,14.18,14.18,14.18,14.18,14.18,14.18,14.18,14.18,14.18,14.18,14.18,14.18,14.18,14.18,14.18,14.18,14.18,14.18,14.18,,,,,,,,,,,,,,,,,
"United States, Boston (US)",51.67,56.9,50.43,43.35,54.58,54.13,55.27,55.08,54.79,44.39,48.08,48.73,49.55,53.19,55.86,55.86,49.81,50.88,60.73,60.63,60.79,81.31,84.93,88.04,69.48,81.22,67.74,67.67,67.54,70.17,70.06,69.22,69.39,73.24,79.84,64.69,58.01,66.95,58.93,58.91,69.15,68.82,77.54,77.53,77.9,91.71,89.88,93.38,95.27,82.04,78.48,78.7,80.28,83.62,86.93,84.47,87.7,65.9,65.9,65.99,65.92,74.66,75.11,75.17,33.11,55.48,101.71,96.23,108.87,114.54,111.37,112.83,123.45,113.3,105.11,105.64,104.1,118.31,113.25,111.39,133.37,105.3
"United States, Bridgeport",,,,,,,,,7.25,7.25,7.25,7.25,7.25,7.25,7.25,7.25,7.25,7.25,7.25,7.25,7.25,7.25,7.25,7.25,7.25,7.25,7.25,7.25,7.25,,,,,,,,,,,,,,,,,,,,,,,,,,,,,,,,,,,,,,,,,,,,,,,,,,,,,
"United States, Brownsville",,,,,,,,,,,,,,,,,,,,,,,,,,,,,,,,,,,,,,,,,,,,,,,,,,,,,,,,,,,,,,,,,,,,,,,,,,,18.32,18.32,18.32,17.32,17.32,17.32,17.32,17.32
"United States, Brunswick",,,,,,,,,,,,,,,,,,,,,,,,,,,,,,,,,,,,,,,,,,,,16.72,16.72,16.72,29.04,29.04,29.04,29.04,29.04,29.04,29.04,16.72,16.72,16.72,16.72,16.72,16.72,16.72,16.72,16.72,16.72,16.72,16.72,,,,,,,,,,,,,,,,,
"United States, Burns Harbour",,,,,,,,13.26,13.26,13.26,13.26,13.26,13.26,12.87,12.87,12.87,12.87,12.87,12.87,12.87,12.87,12.87,12.87,12.87,12.87,12.87,12.87,12.87,,,,,,,,,,,,,,,,,,,,,,,,,,,,,,,,,,,,,,,,,,,,,,,,,,,,,,
"United States, Camden",50.83,55.82,57.09,57.09,54.39,54.39,51.86,51.03,51.02,49.75,50.09,50.09,52.61,59.64,43.74,43.74,44.99,45.01,48.99,48.35,48.38,58.44,58.44,58.44,57.66,57.66,57.66,47.36,37.99,37.98,37.98,37.98,37.98,37.98,37.98,37.98,37.98,37.98,37.98,37.98,37.98,31.7,31.7,31.71,31.71,31.71,31.71,31.71,31.72,31.72,31.72,31.72,31.72,31.72,31.72,31.72,31.72,31.72,31.72,31.72,31.72,31.72,31.72,31.72,31.72,,,,,,,,,,,,,,,,,
"United States, Charleston",279.47,286.17,298.94,309.56,280.12,269.27,277.57,268.61,240.13,245.98,251.05,249.53,243.32,235.73,250.75,235.94,248.3,254.79,255.81,258.75,260.85,251.65,260.59,260.14,257.06,262.07,266.15,258.86,266.2,265.25,266.02,266.11,267.19,268.24,280.08,282.04,290.45,293.41,296.68,297.15,278.31,292.14,285.06,285.25,306.11,285.67,305.01,311.74,317.14,315.97,307.95,303.8,308.49,310.08,313.18,314.49,317.7,317.61,328.03,330.56,336.07,333.05,324.16,338.83,355.59,302.92,336.22,351.26,346.5,344.77,334.22,314.63,309.28,326.95,324.08,315.3,336.47,347.46,342.96,360.42,364.43,361.55
"United States, Chester",14.02,14.02,14.02,14.02,14.02,14.02,14.02,14.04,14.05,14.05,14.05,14.05,14.05,14.05,14.05,14.05,14.05,14.05,15.88,17.47,17.52,17.52,18.7,18.81,18.81,18.81,18.81,18.81,18.81,18.81,18.81,18.81,18.7,18.7,18.7,18.7,18.7,18.7,18.86,18.86,18.87,18.87,18.87,18.87,18.87,18.87,18.87,18.95,18.94,18.94,18.94,18.94,20.09,20.13,20.13,20.13,20.13,20.13,20.76,20.83,20.83,20.83,20.89,20.89,20.89,20.89,20.89,20.89,20.89,20.89,20.89,20.89,20.89,20.9,20.9,20.9,20.9,20.9,20.9,20.9,20.9,20.9
"United States, Cleveland",,,,,,,,13.26,13.26,13.26,13.26,13.26,13.26,12.87,12.87,12.87,12.87,12.87,12.87,12.87,12.87,12.87,12.87,12.87,12.87,12.87,12.87,12.87,,,,,,7.56,7.56,7.56,7.56,7.56,7.56,7.56,7.56,7.56,7.56,7.56,7.56,7.56,7.56,7.56,7.56,7.56,7.56,7.56,7.56,7.56,7.56,7.56,7.56,7.56,7.56,7.56,7.56,7.56,7.56,9.81,9.08,9.81,9.81,9.81,9.81,9.08,9.08,9.08,9.08,9.08,9.08,9.08,9.08,9.08,9.08,9.08,9.08,9.08
"United States, Corpus Christi",,,,,,,,,,,,,,,,,,,,,,,,,,,,16.74,16.74,16.74,16.74,16.74,16.74,16.74,16.74,16.74,16.74,16.74,16.74,16.74,16.74,16.74,16.74,16.74,16.74,16.74,16.74,16.74,16.74,16.74,16.74,16.74,16.74,16.74,16.74,16.74,16.74,16.74,16.74,16.74,16.74,16.74,16.74,16.74,16.74,,,,,,,,,,,,,,,,,
"United States, Detroit",,,,,,,,,,,,,,12.87,12.87,12.87,12.87,12.87,12.87,12.87,12.87,12.87,12.87,12.87,12.87,12.87,12.87,12.87,,,,,,,,,,,,,,,,,,,,,,,,,,,,,,,,,,,,,,,,,,,,,,,,,,,,,,
"United States, Dutch Harbour",54.55,55.84,56.86,51.39,49.03,50.28,50.28,50.22,55.43,49.01,49.01,48.37,48.58,48.57,49.14,48.5,48.53,48.52,37.29,37.29,37.29,37.93,14.08,37.94,37.94,37.94,38.57,42.72,41.16,42.87,42.87,42.92,42.26,42.77,41.87,41.16,14.08,14.08,25.28,40.92,49.04,47.67,47.64,47.64,47.64,47.64,40.92,40.92,40.92,40.92,47.63,38.16,38.16,38.16,37.71,43.02,44.86,44.81,45.34,50.85,43.56,51.09,51.06,49.54,49.35,54.91,44.02,24.17,46.85,50.95,64.96,60.19,42.76,50.17,50.19,51.05,42.52,42.59,42.59,42.59,41.95,41.95
"United States, Eastport",17.78,17.78,17.77,17.77,17.77,17.77,17.77,17.77,17.77,17.77,17.77,17.77,17.77,17.77,8.39,8.39,8.39,8.39,8.39,8.39,8.39,25.05,25.05,25.05,16.09,16.09,16.09,15.45,,15.9,15.9,15.9,15.9,15.9,15.86,15.86,15.86,15.86,15.86,15.86,15.86,15.86,15.86,14.13,14.13,14.13,14.13,14.13,14.13,14.13,14.13,14.13,14.13,14.13,14.13,14.13,14.13,14.13,14.13,14.13,14.13,14.13,14.13,14.13,14.13,,,,,,,,,,,,,,,,,
"United States, Everett (US-MA)",10.85,10.85,10.85,10.21,10.21,10.21,10.18,10.18,10.18,10.18,10.18,10.18,10.18,10.18,10.18,10.18,10.18,9.67,9.67,9.67,9.67,9.67,10.19,10.82,10.82,12.27,12.27,12.27,12.27,12.27,12.27,12.27,12.27,12.27,12.27,12.27,12.27,,,,,,,,,,,,,,,,,,,,,,,,,,,,,,,,,,,,,,,,,,,,,
"United States, Everett (US-WA)",9.38,,,,,,,,,20.07,20.07,20.07,20.07,20.07,20.07,20.07,20.07,20.07,20.07,20.07,20.07,18.92,18.95,18.95,21.56,21.56,21.56,27.24,27.24,27.24,27.25,27.25,34.49,26.22,27.5,28.13,28.13,29.96,21.44,28.13,28.13,20.38,21.04,30.2,30.2,30.18,31.02,31.02,32.29,32.29,21.86,21.86,21.86,21.86,21.22,21.22,21.22,21.22,20.44,20.45,20.45,20.45,21.08,28.43,27.81,21.05,21.05,21.05,21.05,21.05,20.97,20.97,27.13,24.69,24.69,24.69,24.69,24.69,23.23,24.71,24.71,21.14
"United States, Fall River",6.09,6.09,6.09,6.09,6.09,7.88,7.88,7.88,,,,,,,,,,,,,,,,,,,,,,,,,,,,,,,,,,,,,,,,,,,,,,,,,,,,,,,,,,,,,,,,,,,,,,,,,,
"United States, Fernandina",31.33,31.33,31.33,31.33,30.35,30.34,30.34,30.34,37.29,31.73,37.6,45.05,45.05,45.05,33.77,33.77,33.13,33.13,33.13,33.93,34.57,33.83,33.83,31.18,25.22,25.22,25.22,25.22,14.38,14.38,14.38,14.38,14.12,14.12,14.12,7.03,7.03,7.03,7.03,7.03,7.03,7.03,7.03,7.03,7.03,7.03,7.03,7.03,7.03,7.03,7.03,7.03,7.03,7.03,7.03,7.03,7.03,7.03,7.03,7.03,7.03,7.03,7.03,7.03,7.03,7.03,7.03,7.03,7.03,7.03,7.03,7.03,7.03,7.03,7.03,7.03,7.03,7.03,7.03,7.03,7.03,7.03
"United States, Freeport (US)",28.47,28.47,29.09,29.09,29.09,29.09,29.09,28.26,28.26,28.26,28.26,28.26,26.99,27.15,12.23,12.23,12.23,12.23,12.23,20.29,20.29,20.29,33.49,27.77,19.7,,,11.88,11.88,20.05,20.05,20.05,20.05,19.62,19.62,34.68,34.05,33.9,33.42,33.42,33.42,33.42,33.42,27.25,38.22,38.22,38.21,38.21,32.28,16.98,28.45,47.84,46.52,41.89,47.07,44.13,45.21,47.79,47.79,47.96,48.12,48.12,52.57,53.77,54.63,27.6,27.6,27.6,49.98,49.98,49.98,43.63,43.63,42.99,50.58,50.58,50.58,50.67,50.67,50.66,50.65,50.65
"United States, Galveston",,,,,,,,,12.81,12.81,12.81,12.81,12.81,12.81,19.88,7.85,7.85,7.85,7.85,7.85,7.85,7.85,7.85,7.85,7.85,7.85,7.85,7.85,7.85,7.85,7.85,7.85,7.85,7.85,7.85,7.85,7.85,7.85,7.85,7.85,7.85,,,,,,,,,,,13.75,13.75,13.75,13.75,13.75,13.75,13.75,13.75,13.75,13.75,13.75,13.75,13.75,13.75,13.75,13.75,13.75,,,,,,,,,,,,,,
"United States, Gloucester City",,,,,,,,,,,,,,,,,,,,,,,,,,,,,,,,,,,,,,,,,,13.5,13.5,13.5,13.5,13.5,13.5,13.5,20.57,20.57,20.57,20.57,20.57,20.57,21.55,21.55,21.55,21.55,21.55,15.38,6.89,6.89,6.89,6.89,6.89,6.89,6.89,6.89,6.89,6.89,14.34,14.34,14.34,13.71,14.35,14.35,14.35,14.35,19.77,27.55,27.55,27.55
"United States, Gulfport",18.89,18.89,18.89,18.89,18.89,18.89,18.89,18.89,18.89,18.91,18.91,18.91,18.91,18.91,27.87,27.87,27.86,27.86,27.86,28.51,28.51,28.5,28.5,28.5,20.44,20.44,20.44,20.44,20.44,20.44,20.44,20.44,20.44,20.44,18.37,11.33,11.33,11.33,11.33,11.33,11.33,11.33,11.33,11.33,11.33,11.33,11.33,11.33,18.35,18.35,18.35,18.35,18.35,18.35,33.37,33.37,33.37,33.37,33.37,35.45,34.09,34.13,34.13,34.41,34.41,34.41,34.41,34.41,34.41,34.41,34.41,34.41,34.41,34.41,34.41,34.41,34.41,34.41,34.41,34.4,34.4,34.4
"United States, Honolulu",76.44,60.13,61.73,61.76,77.79,78.02,66.58,65.57,65.66,65.68,65.68,65.59,65.59,89.13,89.11,89.09,89.12,89.15,88.54,91.1,84.67,64.84,64.84,64.63,67.01,68.73,49.57,49.73,52.11,52.11,51.43,51.43,51.43,51.27,51.27,50.88,62.82,62.82,63.53,66.16,66.2,66.2,70.7,58.77,58.76,58.76,64.7,63.58,63.58,64.76,59.5,57.62,65.98,65.98,67.15,80.78,81.93,81.88,79.03,78.72,75.82,75.82,76.34,65.54,70.24,70.12,65.43,64.44,63.05,62.82,63.05,61.77,61.77,62.26,62.32,62.95,62.92,62.92,62.92,62.92,63.56,63.56
"United States, Houston",366.03,362.97,371.38,364.98,347.41,353.9,350.59,342.32,332.39,337.54,334.79,335.57,341.83,350.21,335.3,317.87,328.9,322.83,331.43,328.71,339.04,345.49,341.12,337.74,342.97,330.98,339.52,342.24,333.17,349.91,356.86,355.68,361.73,367.95,370.9,366.42,354.19,365.61,362.09,357.54,348.61,362.14,367.63,342.66,339.38,342.44,339.55,340.37,345.83,344.45,360.72,352.1,354.53,352,361.83,371.68,364.76,370.87,347.84,349.36,350.16,347.81,348.12,338.34,344.1,331.93,323.73,313.32,304.02,306.55,307.57,313.54,310.2,307.55,302.14,293.67,319,309.04,292.33,294.7,296.6,300.1
"United States, Jacksonville",151.24,149.12,148.6,148.2,135.19,135.2,135.32,134.32,134.41,134.54,138.18,142.66,146.01,144.05,175.36,164.58,167.79,179.34,181.01,180.67,190.15,194.91,195.81,200.7,201.91,215.71,207.3,199.46,200.14,210.17,224.95,224.95,216.5,216.96,229.36,206.47,202.16,183.45,176.93,188.41,191.71,186.19,176.5,177.12,187.25,194.84,188.17,186.39,183.82,161.28,181.17,189.79,196.13,180.4,181.43,174.27,167.54,169.75,172.54,172.37,171.02,161.67,156.09,144.96,136.12,150.37,153.1,159.92,171.69,186.27,185.3,181.44,175.88,186.14,184.33,189.75,198.26,198.68,209.32,193.88,173.73,213.91
"United States, Kalama",18.22,18.22,18.22,18.22,18.22,18.22,18.22,17.59,17.59,17.59,17.59,17.59,16.95,16.95,17.65,17.65,17.01,17.01,17.01,17.01,17.01,17.01,17.01,17.01,17.01,,,,,,,,,,,,,,,,,,,,,,,,,,,,,,,,,,,,,,,,,,,,,,,,,,,,,,,,,
"United States, Kodiak",16.45,16.45,16.45,16.45,14.08,14.08,14.08,14.08,14.08,14.08,14.08,14.08,14.08,14.08,14.08,14.08,14.08,14.08,14.08,14.08,14.08,14.08,14.08,14.08,14.08,14.08,14.08,14.08,14.08,14.08,14.08,14.08,14.08,14.08,14.08,14.08,14.08,14.08,14.08,14.08,14.08,14.08,14.08,14.08,14.08,14.08,14.08,14.08,14.08,14.08,27.85,14.08,14.08,14.08,14.08,14.08,14.08,14.08,14.08,14.08,14.08,14.08,14.08,14.08,14.08,14.08,14.08,14.08,14.08,14.08,14.08,14.08,14.08,14.62,14.62,14.62,14.62,14.62,14.62,14.62,14.62,14.62
"United States, Long Beach",277.09,279.6,270.24,247.27,234.46,236.84,272.29,264.52,258.92,270.32,250.79,240.4,227.88,217.35,204.67,201.95,196.4,209.74,236.68,234.69,247.15,269.87,251.77,219.09,205.08,220.58,209.09,228.72,198.13,208.34,209.42,216.22,207.2,208.14,181.43,193.87,206.74,218.05,218.59,223.98,239.89,258.02,234.47,213.88,229.62,244.19,261.49,248.02,260.54,259.22,228.79,218.73,239.86,231.24,245.57,254.03,260.84,236.5,276.14,276.9,290.98,274.73,270.56,334.42,322.21,289.26,278.32,275.06,243.71,240.75,233.57,212.18,203.21,202.33,249.75,262.74,255.15,253.21,274.76,255.93,242.13,238.25
"United States, Longview",15.83,15.83,,,,,,,,,,,,,,,,,,,,,,,,,,,,,,,,,,,,,,,,,,,,,,,,,,,,,,,,,,,,,,,,,,,,,,,,,,,,,,,,
"United States, Los Angeles",286.8,320.61,311.05,325.33,318.69,319.2,297.93,283.7,267.4,263.62,274.31,274.62,280.59,276.32,273.81,268.93,262.1,255.26,278.42,292.69,294.06,274.59,269.4,260.42,274.2,302.67,315.18,286.79,310.3,306.37,313.44,305.45,297.02,325.37,351.13,336.86,318.23,314.44,308.24,308.9,309.52,303.87,304.28,306.08,314.51,284.13,304.64,319.72,286.48,280.46,294.7,305.17,291.01,288.84,266.32,277.16,271.56,272.09,291.08,294.49,307.06,292.34,317.9,322.26,300.6,301.16,292.02,277.54,276.95,278.38,260.4,288.22,296.59,294.2,295.91,295.17,287.3,286.18,297.41,281.05,284.58,303.36
"United States, Miami",267.69,261.39,269,252.42,241.86,241.02,237.48,229.13,228.92,204.73,195.42,198.33,206.7,197.68,211.47,200.21,208.16,204.93,217.84,221.48,241.23,231.76,229.5,220.71,228.82,229.23,239.78,227.53,229.85,238.52,223.31,231.58,215.81,215.66,209.81,195,203.89,209.08,226.9,221.03,211.67,211.64,199.61,196.13,198.98,202.35,202.52,203.21,218.35,216.53,219.93,217.07,209.88,206.37,201.47,185.44,190.46,180.73,185.46,181.74,192.7,193.51,192.13,193.22,186.66,176.24,174.97,183.85,190.08,193.44,180.71,178.02,169.38,175.71,191.49,178.78,190.2,196.91,203.08,199.67,196.26,194.25
"United States, Milwaukee",,,,,,,,,,,,,,12.87,12.87,12.87,12.87,12.87,12.87,12.87,12.87,12.87,12.87,12.87,12.87,12.87,12.87,12.87,12.87,12.87,12.87,12.87,12.87,12.87,12.87,12.87,12.87,12.87,12.87,12.87,12.87,12.87,,,,,,,,,,,,,,,,,,,,,,,,,,,,,,,,,,,,,,,,
"United States, Mobile",67.53,67.53,50.05,51.47,42.58,42.33,38.66,38.67,38.67,47.79,58.46,59.8,86.28,80.02,73.89,67.02,68.91,68.75,84.3,75.25,90.48,112.68,114.2,108.32,106.88,97.15,105.62,111.93,92.9,102.24,96.85,96.83,97.54,96.82,101.64,96.89,91.03,91.03,96.72,96.73,97.48,105.36,116.45,106.45,106.61,129.33,129.52,130.25,124.9,109.12,111.4,112.47,115.28,110.14,109.06,108.93,109.13,106.59,112.04,109.12,109.01,119.64,122.7,122.21,123.15,112.79,117.13,118.9,123.07,122.04,128.69,135.47,160.81,136.35,136.23,128.3,147.35,137.95,116.02,118.55,119.32,123.2
"United States, Morehead City",36.5,36.5,21.7,21.7,22.88,22.88,22.88,14.53,14.53,14.53,14.53,14.53,14.53,14.53,14.53,14.53,14.53,14.53,14.53,14.53,14.53,14.53,14.53,14.53,14.53,14.53,13.89,13.89,13.89,13.89,13.89,13.89,13.89,13.89,13.89,13.89,13.89,13.89,13.89,13.89,13.89,13.89,13.89,13.89,13.89,13.89,13.89,13.89,14.92,14.92,14.91,14.91,14.91,14.91,14.91,14.91,14.91,14.91,14.93,14.93,14.93,14.93,14.94,14.94,14.94,14.94,14.94,14.94,14.94,14.94,14.94,14.94,14.94,13.43,13.43,13.43,13.43,13.43,13.43,13.43,13.43,13.43
"United States, New Orleans",224.01,226.4,215.23,225.28,222.08,225.13,218.1,189.56,190.21,183.12,165.65,169.67,168.2,180.07,178.37,181.42,189.58,189.78,192.93,192.34,191.45,196.59,190.86,211.11,206.26,216.27,209.19,197.54,207.56,227.82,223.41,223.53,225.41,231.01,233.76,236.3,231.79,226.22,218.68,218.52,219.92,219.4,231.52,225.89,237.42,252.78,263.79,253.15,260.27,259.75,247.85,254.72,260.24,254,254.29,257.45,250.61,265.24,235.59,236.75,229.4,220.61,223.08,221.29,209.7,187.93,185,169.12,175.74,172.97,172.75,178.37,178.07,175.18,180.26,172.36,176.64,177.63,170.28,167.64,169.2,153.77
"United States, New York/New Jersey",440.5,446.66,443.95,445.45,435.48,438.43,446.15,439.65,422.01,395.16,405.48,415.61,411.05,414.84,422.34,410.74,415.14,434.75,437.13,434.44,439.17,424.63,431.59,433.35,431.61,442.71,434.98,433.56,434.96,435.09,436.14,440.09,425.53,420.9,422.36,401.9,416.77,432.4,436.67,428.54,432.84,432,418.33,404.91,396.44,392.94,398.68,418.79,424.29,423.71,425.03,414.39,419.05,427.41,425.18,428.58,429.06,430.83,449.24,453.55,451.82,459.26,474.29,472.72,490.81,502.04,514.79,517.76,529.79,523.01,501.88,513.09,485.61,495.36,497.76,497,507.87,515.12,512.17,522.5,521.07,501.23
"United States, Norfolk",365.7,388.28,388.21,376.58,378.2,364.52,372.63,365.69,347.29,317.85,309.99,305.12,295.35,302.36,318.86,299.86,297.23,304.7,299.18,298.6,301.08,301.98,302.2,302.66,315.66,319.45,330.09,333.94,330.05,317.56,328.7,328.83,322.25,316.11,341.31,337.55,339.49,334.5,343.26,345.28,349.07,344.49,336.14,340.07,333.81,337.98,340.1,339.1,340,320.25,323.78,307.03,302.79,303.85,303.24,304.01,305.69,310.74,336.39,347.03,354.14,352.69,365.71,379.35,373.82,386.32,391.18,396.38,403.64,413.96,410.11,423.51,394.7,416.71,415.59,407.43,399.9,398.97,401.82,388.48,398.88,383.56
"United States, Oakland",334.07,342.52,340.56,330.89,321.5,326.92,337.49,344.26,347.31,348.44,341.11,336.21,333.14,330.86,338.86,337.58,324.4,315.28,340.86,345.13,374.02,381.69,368.83,323.77,321.22,347.67,339.45,341.04,335.4,342.16,343.88,341.13,327,367.57,362.28,344.6,316.94,302.78,351.7,354.9,372.65,374.94,352.16,335.22,349.1,330.66,332.09,334.13,335.11,331.49,332.53,318.73,321.41,310.41,315.16,316.92,308.17,291.08,308.4,324.41,323.83,315.61,256.38,283.69,274.13,258.87,262.97,259.97,288.89,301.95,308.02,319.6,313.9,320.83,307.71,305.14,303.95,316.23,325.36,307.54,290.13,276.58
"United States, Panama City",,,,,,,,,,,,,,,,,,,,,,,,,,,,,,,,,,,,,,,,,,,,21.95,21.95,21.95,21.95,21.95,21.95,21.95,21.95,21.95,21.95,21.95,21.95,21.95,21.95,21.95,21.95,21.95,21.95,21.95,21.95,21.95,21.95,,,,,,,,,,7.81,7.81,7.81,7.81,7.83,7.83,7.83,7.83
"United States, Pensacola",,,,,,,,,,,,,,,,,,,,,,,,,,,,,,,,,,,,,,,,,,,,,,,,,,9.72,9.72,9.72,10.36,10.36,10.36,10.36,,,,,,15.54,15.54,13.63,13.63,13.63,14.27,14.27,14.06,14.06,14.06,14.06,14.06,15.82,16.46,16.46,16.46,16.46,16.46,16.46,16.46,16.46
"United States, Philadelphia",111.93,122.79,116.39,108.23,104.33,101.3,103.93,115.86,115.92,104.23,100.54,92.53,78.35,88.97,90.33,94.63,92.46,100.21,100.21,98.89,113.11,117.52,100.99,101.6,99.28,94.17,81.43,75.04,97.66,108,108.04,112.01,110.42,130.63,129.61,143.71,129.55,128.74,134.66,133.06,157.64,161.58,178.8,175.73,180.26,190.18,166.27,160.25,159.94,190.1,196.08,166.2,165.94,199.28,177.1,167.15,162.32,172.09,149.12,146.53,153.53,148.21,151.66,137.09,135.9,159.46,167.74,163.63,172.45,166.75,163.79,169.56,215.87,174,171.92,162.98,164.24,189.9,172.53,176.55,171.84,175.93
"United States, Port Arthur",,,,,,,,,,,,,,,,,,,,,,16.09,16.09,16.09,,,,,,,,,,,,,,,,,,,,,,,,,16.63,16.63,16.63,,,,,,,,,,,,,,,,,,,,,,,,,,,,,,,
"United States, Port Canaveral",,,,,,,,,,,,,,,,,,,,,,,,,,,,,,,,,,,,,,,,,,,,,21.37,19.79,20.48,21.65,22.32,,,,,,,,,,,,,,,,,,,,,,,,,,,,,,,,,
"United States, Port Everglades",220.41,250.99,242.25,238.73,222.52,237.52,236.42,234.84,220.49,221.84,226.81,237.75,253.01,248.56,256.32,231.02,228.85,236,236.58,227.62,229.65,240.63,234.97,215.78,208.07,214.49,203.54,208.6,204.11,221.3,234.98,240.02,242.01,250.47,250.19,238.64,248.78,248.08,244.97,222.96,229.88,228.17,239.66,247.82,251.03,247.08,244.55,253.47,247.72,227.18,216.63,234.69,235.78,234.13,214.33,214.47,216.16,207.46,216.63,217.84,210.54,210.58,209.32,197.61,208.3,227.05,247.05,229.7,231.15,222.69,239.99,229.27,235.2,227.53,207.36,206.35,236.89,223.5,220.71,223.77,217.21,209.87
"United States, Port Hueneme",7.19,7.19,7.19,7.19,7.19,7.59,7.59,7.59,7.59,7.59,7.33,7.33,7.33,7.33,14.81,14.81,14.81,14.81,14.81,14.79,14.79,14.79,14.79,14.79,23.97,23.97,23.97,23.97,23.45,8.38,8.38,8.38,8.38,8.38,8.38,8.38,8.38,8.38,8.38,8.38,8.38,9.86,9.86,29.06,42.83,35.62,35.62,35.62,34.98,34.98,35.81,35.81,35.17,35.17,35.17,35.17,44.12,44.12,35.46,34.86,34.86,41.18,34.26,34.9,34.26,34.26,34.26,34.26,34.9,34.9,34.9,39.15,39.24,39.36,39.36,38.8,38.8,38.8,38.64,38.57,38.61,38.61
"United States, Port Manatee",6.83,6.83,6.83,6.83,6.83,6.83,,,7.36,7.36,7.36,7.36,7.36,7.36,13.44,13.44,13.44,13.44,13.44,13.14,13.14,13.14,13.14,13.14,13.14,13.14,13.14,13.14,13.14,6.76,6.76,6.76,6.76,6.76,6.76,16.24,16.24,16.24,16.24,16.24,16.24,9.86,9.86,9.09,9.09,9.09,9.09,9.09,24.65,25.29,25.29,25.29,29.5,29.5,30.48,30.48,33.93,33.93,33.93,27.76,26.49,28.02,28.66,29.76,29.76,29.76,29.76,29.76,36.99,36.99,36.99,29.76,29.76,29.67,22.72,22.72,22.72,22.72,22.72,22.72,22.72,22.72
"United States, Portland (US-ME)",16.29,16.29,16.15,8.39,8.39,8.39,8.39,8.39,8.39,8.39,8.39,8.39,8.39,8.39,8.39,8.39,8.39,8.39,8.39,8.39,8.39,8.39,16.89,16.89,9.84,9.84,,,,12.27,12.27,12.27,12.27,12.27,12.27,12.27,12.27,12.94,12.94,12.94,12.94,12.94,12.94,12.94,12.94,9.92,9.92,9.92,10.52,10.46,10.46,10.47,10.44,10.44,11.32,10.47,11.32,10.47,10.47,10.47,11.32,11.35,11.35,11.35,11.35,11.35,11.35,11.35,13.88,11.35,11.76,11.76,11.76,11.76,11.76,11.76,11.73,11.73,11.73,11.73,11.73,11.73
"United States, Portland (US-OR)",66.86,96.71,96.76,97.01,97.39,93.63,95.81,79.8,79.66,79.67,86.25,86.25,85.75,85.11,70.25,70.25,69.64,66.35,66.34,66.35,66.35,65.55,65.55,65.57,68.85,58.51,38.3,58.88,58.95,58.96,59.62,59.86,60.08,60.86,60.47,59.84,59.73,20.41,20.41,,,,,,,,,,18.57,18.57,,,,,,,27.4,27.42,27.86,27.86,35.79,35.79,40.36,49.12,57.44,44.57,53.22,73.21,65.62,76.53,53.21,78.93,80.97,64.26,69.93,64.9,95.41,78.48,36.76,36.76,36.76,36.76
"United States, Portsmouth (US)",22.84,22.84,22.84,22.84,22.84,22.84,22.84,22.84,22.84,22.84,22.84,22.84,22.84,22.84,22.84,22.84,33.55,33.55,33.55,33.1,33.1,61.48,61.48,60.97,22.84,22.84,22.84,22.84,22.84,22.84,22.84,22.84,22.84,22.84,22.84,22.84,22.84,22.84,22.84,24.45,25.44,25.51,25.5,25.52,25.56,25.56,25.67,25.66,25.02,25.02,25.07,25.07,25.07,25.05,25.05,25.05,,,,,,,,,,,,,,,,,,,,,,,,,,
"United States, Richmond (US-VA)",14.02,14.02,14.02,21.61,21.61,21.61,21.63,21.65,21.66,21.66,21.66,21.66,10.18,10.18,10.18,10.18,10.18,9.67,9.67,9.67,9.67,,,,,,,,,,,,,,,,,,,,,,,,,,,,,,,,,,,,,,,,,,,,,,,,,,,,,,,,,,,,,
"United States, Salem",8.5,8.5,8.5,8.5,8.5,8.5,8.5,8.36,8.36,8.36,8.36,8.36,8.36,8.36,8.36,8.36,8.36,8.36,8.36,8.36,8.36,,,,,,,,,,,,,,,,,,,,,,,,,,,,,,,,,,,,,,,,,,,,,,,,,,,,,,,,,,,,,
"United States, San Diego",11.33,11.33,11.33,11.33,11.33,11.33,11.33,11.33,11.33,11.33,11.97,11.97,11.97,11.33,11.33,11.33,11.33,11.33,11.33,11.33,11.33,11.33,11.33,11.33,11.33,11.33,11.33,11.33,11.33,11.33,11.33,11.33,11.33,11.33,11.33,11.33,11.33,11.33,11.33,11.33,13.68,13.68,13.91,13.91,13.91,13.91,13.91,13.91,13.91,13.91,13.91,13.91,13.91,13.91,13.91,13.91,13.91,13.91,13.91,15.82,15.82,13.91,13.91,13.91,13.91,13.91,13.91,13.91,13.91,13.91,13.91,13.91,13.91,13.91,13.91,13.91,13.91,13.91,13.91,13.91,13.91,13.91
"United States, Savannah",336.08,351.74,358.01,340.4,344.17,343.97,343.47,346.54,341.29,328.14,328.49,330.86,330.17,343.33,353.59,351.23,352.9,360.77,374.88,386.09,397.43,415.24,421.8,403.72,401.28,404.73,402.56,382.58,373.38,408.04,412.68,417.55,403.91,405.16,416.74,411.26,392.56,388.79,411.74,407.64,404.74,401.79,401.5,400.78,397.33,397.02,409.82,417,416.77,419.39,421.63,412.02,407.95,417.89,417.27,412.95,399.09,394.18,416.4,427.58,426.29,412.55,435.99,414.53,399.17,428.39,449.44,440.48,426.7,433.15,443.73,448.79,428.66,440.59,468.23,446.24,439.81,440.24,448.54,452.96,451.03,455.61
"United States, Seattle",191.93,169.56,168.18,160.54,169.01,169.87,164.49,164.67,158.19,155.73,156.73,164.86,163.14,165.11,168.88,172.92,172.48,178.07,178.35,185.61,204.58,202.84,197.14,184.74,178.86,167.59,165.96,170.29,161.67,163.27,168.84,159.54,150.59,154.55,141.82,136.71,128.3,137.36,145.2,144.48,144.5,155.94,167.66,158.33,159.22,155.45,155.82,153.91,153.65,174.33,175.9,190.54,192.71,184.15,187.51,187.37,189.53,205.44,190.55,183.53,169.86,178.18,184.45,150.41,132.01,173.02,172.08,154.29,152.73,173.94,151.94,157.73,152.9,139,143.31,143.82,160.91,153.68,159.1,155.47,155.12,148.85
"United States, Stockton",,,,,,,,,,,,,,18.67,18.67,18.67,18.67,18.67,18.67,18.67,18.67,,,,,,,,14.82,14.82,14.82,14.82,14.82,14.82,14.82,14.82,14.82,14.82,14.82,14.82,14.82,14.82,14.82,13.54,13.54,13.54,13.54,13.54,13.54,13.54,13.54,13.54,13.54,13.54,13.54,13.54,13.54,13.54,13.54,13.54,13.54,13.54,13.54,13.54,13.54,,,,,,,,,,,,,,,,,
"United States, Tacoma",143.82,135.18,127.84,127.08,120.89,116.39,118.11,118.16,133.88,127.69,126.69,126.69,129.87,138.89,115.01,111.4,111.52,113.28,104.55,103.08,97.96,105.65,104.62,86.09,100.8,119.52,144.55,144.56,144.4,146.98,152.91,166.26,164.81,166.93,177.92,176.82,176.34,155.6,159.57,174.63,174.6,174.82,177.8,170.57,170.55,122.94,116.13,122.9,122.93,126.67,118.98,132.58,130.88,131.72,124.61,122.12,121.4,112.83,125.73,125.63,130.9,138.48,144.1,141.96,144.3,139.97,137.22,138.63,138.16,136.08,138.01,139.3,136.33,152.75,136.33,154.65,149.4,126.91,125.43,144.31,144.43,133.5
"United States, Tampa",33.78,33.78,52.71,54.13,53.61,53.36,49.69,43.11,36.28,33.7,35.43,36.77,33.29,29.54,29.54,35.42,43.15,41.51,41.51,33.77,41.79,41.79,41.87,43.14,51.07,36.52,37.42,37.42,46.42,45.01,45.43,45.49,45.59,45.44,43.41,43.42,33.36,33.36,34.07,34.07,39.67,39.67,46.81,46.72,40.3,46.85,50.06,50.06,52.36,52.36,52.36,52.49,62.8,93.06,83.9,87.05,87.32,84.79,69.93,64.84,66.69,66.94,71.03,80.84,80.85,78.58,72.78,78.8,77.18,83.06,83.47,83.44,82.81,82.92,82.8,82.78,83.06,89.4,91.46,93.28,93.26,100.11
"United States, Toledo",,,,,,,,13.26,13.26,13.26,13.26,13.26,13.26,,,,,,,,,,,,,,,,,,,,,,,,,,,,,,,,,,,,,,,,,,,,,,,,,,,,,,,,,,,,,,,,,,,,,
"United States, Vancouver (US)",34.42,34.42,18.22,18.22,18.22,18.22,18.22,17.59,17.59,17.59,17.59,17.59,16.95,30.26,29.69,29.69,29.05,29.05,29.05,29.05,29.05,25.48,25.48,25.48,17.01,12.73,12.73,12.73,31.71,32.35,39.94,40.2,33.02,33.02,33.02,33.02,33.02,33.02,33.02,33.02,33.02,33.02,33.02,32.98,32.98,32.98,32.98,32.98,23.91,23.91,23.91,23.91,23.91,23.91,23.91,23.91,23.91,23.91,23.91,23.91,23.91,23.91,23.91,23.91,23.91,,,,,,,,,,,,,,,,,
"United States, West Palm Beach",49.17,51.93,47.9,47.9,47.9,47.9,47.9,40.48,40.48,40.48,40.48,33.37,33.37,33.37,33.37,33.37,33.37,33.37,33.37,33.47,33.47,33.47,33.47,37.76,37.76,37.76,37.76,37.76,37.76,37.76,37.76,37.76,37.76,37.76,37.76,37.58,37.58,33.94,33.94,33.94,33.94,33.94,33.94,33.72,33.72,33.72,33.72,33.72,33.72,33.72,33.72,33.72,29.9,29.9,37.11,37.08,37.08,37.08,37.08,37.08,37.08,37.08,37.08,37.08,37.08,37.08,37.08,37.08,37.08,40.3,40.3,40.3,40.3,40.56,40.56,40.56,40.56,40.56,40.56,43.11,43.11,42.04
"United States, Wilmington (US-DE)",24.67,24.67,24.67,24.67,24.67,24.67,24.67,24.67,24.67,24.69,34.95,24.69,42.91,45.42,44.31,47.29,44.7,44.7,45.32,46.05,45.01,45.01,45.01,26.22,26.86,26.86,41.39,40.76,40.93,40.77,40.77,40.7,40.62,27.03,27.03,27.03,27.03,27.03,27.03,27.03,27.03,27.03,31.22,31.22,31.23,31.23,31.23,31.23,20.18,20.18,31.18,31.18,31.18,31.18,31.18,34.81,34.81,45.16,34.81,33.77,33.77,31.57,30.55,26.35,26.35,26.99,26.99,26.99,26.99,26.99,26.91,25.71,31.31,44.94,31.46,31.46,31.46,31.46,31.46,31.46,30,30
"United States, Wilmington (US-NC)",51.11,51.83,51.85,51.85,56.06,51.54,51.57,51.51,51.51,61.34,60.71,60.71,69.06,57.44,57.44,57.44,56.97,57.44,57.51,57.55,57.6,72.56,72.6,70.92,62.49,62.52,63.15,63.78,55.57,66.56,67.88,67.98,71,82.78,83.11,81.81,82.24,81.64,82.77,81.5,81.12,104.21,89.24,68.65,84.79,133.76,140.81,132.41,139.81,131.35,128.11,125.54,129.08,132.14,129.02,128.91,129.41,140.07,137.3,141.7,141.06,147.5,155.53,153.11,160.76,135.93,137.02,137.36,146.68,147.65,138.9,138.88,135.27,131.86,130.55,129.87,140.45,140.61,58.9,59.69,59.69,59.71
"Uruguay, Montevideo",174.74,193.48,181.57,168.17,151.78,176.3,182.83,180.13,188.9,178.36,193.39,165,183.02,218.87,203.5,218.64,225.99,235.74,229.09,224.56,227.44,227.26,227.37,237.2,223.79,221.24,229.16,231.73,232.37,238.45,224.07,211.32,217.51,210.47,218.2,218.94,218.43,221.99,190.4,182.04,189.85,207.07,208.63,212.69,203.35,207.87,208.7,215.43,208.02,205.61,226.31,221.13,209.23,203.98,204.57,205.79,201.99,208.42,209.46,209.47,204.7,209.73,210.6,215.52,229.05,221.58,221.93,221.96,228.05,231.14,238.15,238.9,245.26,245.03,232.44,235.49,238.06,241.57,241.49,237.8,238.78,237.21
"Uruguay, Paysandu",,,,,,,,,,,,,,,,,,,,,,,,,,,,,,,,,,,7.41,7.41,7.41,7.41,7.41,7.41,7.41,7.41,7.41,7.41,7.41,,,,,,,,,,,,,,,,,,,,,,,,,,,,,,,,,,,,,
"Uruguay, Punta Pereyra",,,,,,,,,,,,,,,,,,,,,,,,,,,,,,,,,,,,,,,,,,,,8.79,8.79,8.79,8.79,8.79,8.79,8.79,8.79,8.79,8.79,8.79,8.79,8.79,8.79,8.79,8.79,8.79,8.79,8.79,8.79,8.79,8.79,8.79,8.79,8.79,8.79,8.79,8.79,8.79,8.79,8.79,8.79,8.79,8.79,8.79,8.79,8.79,8.79,8.79
"Vanuatu, Luganville",,,,,,,,,,,,,,,,,,,,,,,,,,,,,,,,,,,,,,,,,,,,,,,,,,,,,,,,,,,,8.47,8.47,8.47,8.47,8.47,,,,,,10.37,10.37,10.37,10.37,10.37,10.37,,,,,,,
"Vanuatu, Port Vila",31.57,46.98,46.34,48.92,48.92,48.92,48.92,48.29,48.32,50.24,55.39,58.57,58.57,53.14,31.94,31.94,31.94,20.8,27.86,28.55,28.55,39.5,39.5,38.22,38.22,37.47,39.32,46.3,41.67,54.63,54.65,54.58,58.61,58.67,58.03,50.26,50.26,50.26,50.26,44.42,44.42,44.42,48.21,48.28,45.59,45.59,45.59,44.95,44.95,44.97,42.8,49.37,49.37,49.37,49.37,50,50,50,52.51,49.97,49.97,52.43,52.83,52.86,48.01,48.07,48.07,48.07,49.29,52.08,52.08,52.08,52.08,52.26,52.9,50.13,50.21,50.21,49.55,49.46,49.46,49.46
"Vanuatu, Santo",28.95,34.73,34.09,36.67,36.67,36.67,36.67,36.67,36.67,36.67,36.67,44.34,44.34,41.69,23.09,23.09,23.09,10.39,11.49,11.49,11.49,28.49,28.49,35.75,35.75,27.22,43.76,50.1,37.82,37.82,37.82,37.71,34.76,34.82,34.82,25.37,25.37,25.37,25.37,25.37,32.08,32.08,38.03,38.03,28.79,28.79,28.79,28.79,28.79,37.54,32.46,24.64,24.64,24.64,24.64,34.82,34.82,34.82,35.75,19.23,19.23,19.23,26.72,26.72,25.04,25.04,25.04,25.04,25.04,36.54,36.54,36.54,36.54,37.87,37.87,37.66,39.17,39.17,39.17,37.64,32.29,32.29
"Venezuela (Bolivarian Rep. of), El Guamache",32.8,31.51,29.19,29.19,14.83,14.83,14.83,14.83,14.83,14.83,14.83,14.83,14.83,28.56,31.4,30,29.83,14.83,14.83,14.83,26.06,26.06,27.75,38.73,35.46,50.6,52.6,44.41,47.03,43.08,43.06,49.24,51.01,48.45,48.45,48.44,45.9,45.91,39.47,24.09,24.31,24.31,14.83,22.82,22.82,22.82,24.23,24.23,24.23,24.23,14.83,14.83,14.83,14.83,14.83,23.59,22.73,23.59,14.83,27.64,27.64,15.64,15.64,15.41,17.17,17.17,,,,,,,,,,,,,,,,
"Venezuela (Bolivarian Rep. of), El Tablazo",,,,,,,,,,,,,,,,,,,,,,,,,,9.69,9.69,9.69,9.18,9.18,,,,,,,,,,,,,,,,,,,,,,,,,,,,,,,,,,,,,,,,,,,,,,,,,,,,
"Venezuela (Bolivarian Rep. of), Guanta",93.8,95.48,101.66,101.73,83.5,74.69,61.69,61.69,81.42,86.31,85.78,63.55,77.87,83.63,83.63,72.86,79.89,79.73,62.73,62.73,65.48,62.62,61.57,80.61,93.42,84.36,78.29,75.75,88.79,70,66.93,73.66,67.06,63.01,63.02,57.16,57.16,64.82,58.37,59.75,51.05,51.05,51.05,40.77,40.77,40.77,40.77,40.77,40.77,57.7,57.7,57.7,57.7,57.7,58.67,47.82,46.81,46.81,41.15,42.72,42.72,21.35,21.35,15.41,24.25,24.25,11.86,11.86,11.86,11.86,10.82,10.82,10.82,18.77,18.77,18.77,18.77,18.77,18.77,18.77,18.77,25.16
"Venezuela (Bolivarian Rep. of), Guaranao Bay",17.43,17.43,19,19.02,19.02,19.52,19.52,26.65,34.02,34.02,43.44,41.29,41.29,41.07,41.07,41.07,41.69,47.56,48.29,48.45,52.82,47.46,46.38,47.04,42.62,52.6,48.45,48.45,49.73,48.54,50.11,48.53,43.73,40.13,40.13,40.12,40.12,40.25,34.96,34.96,34.96,34.96,34.96,26.69,26.69,26.69,26.69,26.69,26.69,41.38,41.38,41.38,41.38,41.38,42.34,26.69,25.9,25.9,18.62,18.73,18.73,11.22,11.22,11.22,11.86,11.86,11.86,11.86,11.86,11.86,10.82,10.82,10.82,10.82,10.82,10.82,10.82,10.82,10.82,10.82,10.82,10.82
"Venezuela (Bolivarian Rep. of), Guiria",10.35,10.35,11.55,11.57,11.55,11.53,11.53,11.53,10.96,10.96,10.96,11.52,11.52,11.52,11.52,11.52,11.52,11.52,11.52,11.55,,,,,,,,,,,,,,,,,,,,,,,,,,,,,,,,,,,,,,,,,,,,,,,,,,,,,,,,,,,,,,
"Venezuela (Bolivarian Rep. of), Isla de Margarita",16.14,16.14,16.11,16.11,25.74,25.74,25.74,31.05,31.69,31.1,36.32,27.1,27.1,12.13,12.13,12.13,11.32,11.32,12.13,11.95,11.34,11.34,11.34,11.51,12.19,13.47,13.47,13.47,15.33,13.49,13.49,13.49,,,,,,,,,,,,,,,,,,23.67,23.67,23.67,23.67,23.67,24.64,,,,,,,,,,,,,,,,,,,,,,,,,,,
"Venezuela (Bolivarian Rep. of), La Guaira",163.42,167.9,174.76,181.08,165.53,159.84,162.89,163.56,182.45,169.81,164.64,161.35,167.81,154.03,164.04,172.23,159.48,160.19,141.4,138.84,124.99,112.63,113.14,124.56,135.02,143.67,140.3,141.12,131.1,120.11,131.1,119.61,131,126.49,114.87,104.2,101.17,108.66,116.2,108.42,107.66,115.79,94.93,72.45,63.05,56.14,50.42,58.57,61.14,66.4,60.54,60.54,59.74,59.74,63.05,49.66,47.47,48.15,45.19,51.97,54.46,42.47,37.84,37.82,40.14,46.22,43.84,41.43,41.95,41.95,42.58,43.39,51.26,51.17,51.66,52.92,52.92,42.84,42.84,55.1,57.66,54.76
"Venezuela (Bolivarian Rep. of), Maracaibo",48.73,48.73,60.09,60.1,58.72,58.74,58.74,61.59,59.44,72.9,78.73,79.9,74.31,74.25,76.26,76.26,76.9,77.54,70.86,71,63.39,61.93,61.93,68.18,75.27,71.25,69.77,69.77,76.36,70.61,73.77,73.7,71.65,69.61,69.61,69.6,69.6,71.06,65.88,62.14,65.62,73.38,77.46,53.59,54.32,54.32,54.32,54.29,54.29,67.57,67.57,67.57,63.49,63.49,64.46,48.95,48.9,48.9,42.01,42.11,42.11,28.85,28.85,11.22,11.86,11.86,11.86,11.86,11.86,11.86,10.82,10.82,10.82,18.77,18.77,18.77,18.77,18.77,18.77,18.77,18.77,18.77
"Venezuela (Bolivarian Rep. of), Matanzas",22.09,22.09,29.95,29.97,29.09,29.07,29.07,29.07,36.31,36.31,29.9,29.91,29.91,29.91,29.91,29.91,29.91,29.91,29.93,29.96,29.04,27.38,27.38,20.11,27.81,27.81,27.81,27.81,27.81,27.81,27.81,27.81,27.81,27.81,27.81,27.81,27.81,27.81,27.81,27.81,27.81,28.44,28.44,10.17,10.17,10.17,10.17,10.17,10.17,10.17,10.17,10.17,10.17,10.17,10.17,10.17,10.17,10.17,10.17,10.17,,,,,,,,,,,,,,,,,,,,,,
"Venezuela (Bolivarian Rep. of), Palua",,,,,,,,,,,,,,,,,,,,,,,,,,,,,,,,,,,,,,,,,,,,10.71,10.71,10.71,10.71,10.71,10.71,10.71,10.71,10.71,10.71,10.71,10.71,10.71,10.71,10.71,10.71,10.71,10.71,,,,,,10.17,10.17,10.17,10.17,10.17,10.17,10.17,10.17,10.17,10.17,10.17,10.17,10.17,10.17,10.17,10.17
"Venezuela (Bolivarian Rep. of), Puerto Cabello",277.37,271.28,287.16,299.09,280.46,278.48,295.74,292.32,293.35,285.58,279.69,271.25,251.09,253.12,259.28,245.65,224.32,225.82,207.07,192.01,171.25,159.68,161.65,171.06,168.37,160.54,171.16,164.7,153.18,145.32,146.22,146.94,144.35,139.92,139.09,108.83,142.8,107.2,109.24,112.15,111.38,116.05,104.57,83.89,85.02,67.6,61.88,70.17,66.35,77.42,70.35,70.35,66.91,66.91,67.58,54.05,53.99,54.04,44.66,51.51,51.51,42.71,38.08,38.07,37.64,43.72,41.33,36.17,40.27,40.27,41.4,50.36,57.41,57.32,57.18,59.06,59.06,50.43,50.43,61.25,63.8,60.91
"Venezuela (Bolivarian Rep. of), Puerto Ordaz",17.43,17.43,10.28,10.28,10.28,10.28,10.28,10.28,,,9.53,9.53,9.54,9.54,9.54,9.54,9.54,9.54,9.54,9.54,20.1,12.42,12.42,,,,,,,,,,12.72,12.72,12.72,12.72,12.72,,,,,,,,,,,,,,,,,,,,,,,,,,,,,,,,,,,,,,,,,,,,,
"Venezuela (Bolivarian Rep. of), Puerto Sucre",50.37,48.39,50.32,50.39,52.7,51.18,43.02,43.37,30.31,29.64,19.14,29.89,33.89,32.48,28.56,27.96,27.97,28.04,31.31,23.69,23.69,26.68,10.3,10.3,23.62,13.01,13.01,15.14,15.14,15.32,15.32,15.29,15.29,15.29,15.29,16.83,16.83,16.82,16.82,,,,,10.71,10.71,10.71,10.71,10.71,10.71,10.71,10.71,10.71,10.71,10.71,10.71,10.71,10.71,10.71,10.71,10.71,10.71,,,,,,,,,,,,,,,,,,,,,
"Viet Nam, Cai Lan",17.09,16.84,16.85,23,23,23,23,16.85,16.85,16.85,16.85,18.12,18.12,18.12,18.12,17.1,17.1,17.09,17.09,17.09,17.1,17.1,17.11,17.11,52.3,53.21,51.69,50.75,35.85,25.06,25.07,26.14,26.14,26.07,26.07,33.29,34.48,13.48,13.48,13.48,13.48,13.48,,,,,,,,,,,,,,,,,,,,,,,,,,,18.26,17.33,,,,25.39,,,,,,,,
"Viet Nam, Can Tho",,,,,,,,,,,,,,,,,,,,,,,,,,,,,,,,,,,,,,,,,,,,,,,,,,,,,,,,,,,,,,,,,,,,,7.72,7.72,7.72,7.72,7.72,7.72,7.72,7.72,7.72,7.72,7.72,7.72,7.72,7.72
"Viet Nam, Chan May",,,,,,,,,,,,,,,,,,,,,,,,,,,,,,,,,,,,,,,,,,,,,,,,,,,,,,,,,,,,,,,,,,,,,10.66,,,,,,,,,,,,,
"Viet Nam, Chu Lai",,,,,,,,,,,,,,,,,,,,,,,,,,,,,,,,,,,,,,,,,,,,,,,,,,,,,,,,18.52,18.52,31.34,37.14,39.46,45.04,45.07,45.25,48.45,39.67,39.67,39.67,42.94,50.1,49.64,50.92,48.97,47.03,47.76,47.78,47.78,47.79,48.4,55.12,51.96,55.35,55.22
"Viet Nam, Da Nang",36.75,42.44,35.47,41.62,48.75,50.94,50.94,47.61,56.13,59.45,59.34,62.95,63.03,59.34,62.38,62.78,63.39,63.69,67.13,67.79,67.97,68.06,64.61,55.42,55.42,50.69,60.15,63.21,55.83,56.45,60.13,60.13,59.14,73.97,74.59,73.94,73.94,85.8,86.66,103.59,107.12,106.22,104.39,100.17,106.55,119.61,120.9,116.77,117.26,120.01,111.8,109.15,121.32,125.86,127.84,143.4,141.62,158.26,139.58,146.35,142.55,151.16,159.25,144.12,143,144.05,140.28,147.54,146.71,143.56,158.21,156.24,175.17,168.45,171.38,170.74,157.95,142.93,153.36,159.28,160.01,168.81
"Viet Nam, Dong Nai",,,,,,,,,,,,,,,,,,,,,,,,,,,,,,,,,,,,,,,,,,,,,,,,,,,,,,,,,,,,,,,,,,,,,,,,,,,,,,,,29.01,31.01,41.05
"Viet Nam, Haiphong",129.13,150.12,167.89,178.14,192.95,190.12,215.22,219.1,252.56,261.22,255.68,249.23,255.43,268.07,280.45,286.96,270.3,277.66,298.64,293.98,307.59,302.8,289.91,289.28,286.86,274.3,281.9,268.38,262.51,282.1,273.79,274.39,285.67,294.28,296.61,312.97,321.84,332.45,338.19,334.61,335.32,333.51,333.02,320.15,326.99,323.56,344.48,362.56,366.82,396.38,418.04,425.64,413.43,460.64,450.79,460.61,450.04,462.26,484.97,500.32,499.5,509.81,429.36,458.26,466.45,531.32,564.28,576.99,569.15,577.34,590.54,576.39,574.19,570.03,576.59,568.48,608.7,642.14,634.12,631.54,656.88,690.29
"Viet Nam, Hiep Phuoc",,,,,,,,,,,,,,,,,,18.42,,,,,,,,,,,,,,,,,,,,,,,14.76,14.87,14.87,,,,,,,,,,,,,,,,,,,,,,,,,,,,,,,,,,,,,,,
"Viet Nam, Ho Chi Minh City",310.86,308.99,311.83,323.79,313.37,331.92,324.87,338.41,342.9,349.55,335.98,313.41,308.86,330.43,314.21,326.6,331.87,353.29,364.27,372.3,375.35,360.21,364.53,371.85,347.37,341.12,354.96,371.84,384.63,356.68,363.93,388.57,378.84,409.43,387.51,417.11,435.15,456.36,465.58,462.28,457.92,533.41,534.68,518.59,518.37,420.59,431.61,439.83,439.84,428.38,442.82,480.07,475.3,511.88,490.24,500.02,508.27,510.47,515.13,535.73,547.75,575.56,509.63,511.37,542.35,545.79,582.03,592.19,595.79,566.83,598.09,568.41,569.65,622.27,579.49,581.86,590.89,598.97,607.42,615.96,614.96,619.6
"Viet Nam, Nghi Son",,,,,,,,,,,,,,,,,,,,,,,,,,,,,,,,,,,,,,,,,,,,,,,,,,,,,,,13.24,12.18,12.18,12.18,12.11,12.3,12.3,12.3,12.3,,,,,,,,22.22,21.63,22.26,20.28,20.28,28.63,28.6,27.29,27.29,27.35,27.37,27.37
"Viet Nam, Nha Trang",,11.26,11.38,10.52,11.44,11.44,10.9,10.9,10.9,12.29,10.81,10.92,12.64,12.46,12.22,12.38,13.02,13.45,13.96,13.97,13.45,13.46,,,,,,,,,,,,,,,,,,,,,,,,,,,,,,,,,,,,,,,,,,,,,,,,,,,,,,,,,,,,
"Viet Nam, Phu My",,,,,,,,,,,,16.31,,,,,,,,,,,,,,,,,,,,,,,,,,,,,,,,17.88,21.15,21.15,21.15,21.15,21.15,21.15,,,,,,,,,,,,,,,,,,,,,,,,,,,,,,,,
"Viet Nam, Phuoc Long",,,,,,,,,,,,,,,,,,,,,,,,,,,,,,,,,11.31,15.37,15.37,15.37,15.37,15.37,15.37,15.37,14.09,14.09,14.09,17.41,17.41,17.41,11.55,11.55,11.55,11.55,11.55,11.55,11.55,11.55,,,,,,,,,,,,,,,,,,,,,,,,14.38,14.38,14.38,33.71,33.71
"Viet Nam, Quang Nam",,,,,,,,,,,,,,,,,,,,,,,,,,,,,,,,,,,,,,,,,,,,,,,,,,12.6,12.6,12.6,,,,,,,,,,,,,,,,,,,,,,,,,,,,,,
"Viet Nam, Qui Nhon",22.95,29.63,24.04,23.52,24.06,30.92,30.85,26.98,36.06,36.77,36.77,29.7,36.99,37.16,41.3,34.93,34.91,28.82,32.76,32.76,32.47,32.48,21.58,18.48,18.48,12.69,12.16,11.85,36.94,37.09,39.68,40.75,41.08,47.91,48.92,54.09,55.28,52.61,57.89,53.87,56.94,62.53,59.74,45.77,46.63,46.74,46.74,46.21,46.48,46.4,48.28,46.15,52.88,52.53,52.21,50.92,56.54,55.77,65.49,74.3,75,85.03,76.09,63.38,48.54,47.9,49.11,42.24,54.19,47.46,59.24,56.35,57.97,58.08,58.6,64.65,66.05,57.09,57.07,56.45,56.47,56.88
"Viet Nam, Son Duong",,,,,,,,,,,,,,,,,,,,,,,,,,,,,,,,,,,,,,,,,,,,,,,,,,,,,,,,,,,,,,,,,,,,,,,,,,,,9.78,9.78,9.78,9.78,9.78,9.78,9.78
"Viet Nam, Tan Can Hiep Phuoc",,,,,,,,,,,,,,,,,,,,,,,,,,,,,,,,,,,,,,,,,,,,,,,,,,17.57,15.9,,,,,,,,,,,,,14.66,18.42,,,,,,,,,,,,,,,,,
"Viet Nam, Tan Cang",17.45,17.45,19.24,17.52,18.15,18.01,13.41,13.41,13.41,13.41,13.41,13.41,13.41,13.41,,,,,,,,,,,,,,,,,,,,,,,,,,,,,,,,,,,,,,,,,,,,,,,,,,,,,,,,,,,,,,,,,,,,
"Viet Nam, Vung Tau",,,,,,,,,,,,,,,74.68,74.71,84.78,119.42,115.8,139.76,173.92,212.29,208.11,191.41,155.26,154.07,143.71,144.39,130.76,132.25,119.97,120.45,121.36,107.08,108.85,109.19,122.62,129.91,140.95,181.68,193.42,184.35,191.59,192.68,180.22,247.44,288.01,309.05,310.7,284.85,305.98,308.78,300.22,295.03,273.85,275.56,297.1,341.8,330.39,314.78,310.08,333.08,363.39,355.11,345.91,347.17,374.46,378.35,381.61,388.75,392.74,437.77,430.92,403.61,447.75,449.16,536.42,566.57,575.9,565.98,579.03,606.12
"Wallis and Futuna Islands, Futuna",16.57,15.94,15.94,9.13,9.13,9.13,9.13,9.13,9.13,10.1,10.1,10.1,10.1,7.85,8.29,8.29,8.29,8.29,13.66,13.66,13.66,11.49,11.49,,,11.9,11.9,17.86,17.86,17.86,17.86,16.18,16.83,13.44,13.44,13.44,13.44,13.44,13.44,13.44,13.44,13.44,13.44,13.44,9.56,9.56,9.56,9.74,9.74,9.74,9.74,9.43,9.43,9.43,9.43,9.43,9.43,9.43,9.1,,,,,,9.68,9.68,9.68,9.68,9.68,8.79,8.79,8.79,8.79,8.79,8.79,9.43,9.43,9.43,9.43,9.43,8.47,8.47
"Wallis and Futuna Islands, Mata-Utu",,,,,,,,,,,,,,,,,,,,,,,,,,,,,,,,,,,,,,,,,,,,,,,,,,,,,,,,,,,,,,,,,,,,,,,,,,,,,,,,,8.47,8.47
"Yemen, Aden",83.8,78.5,87.28,99.1,98.1,98.49,100.52,105.91,106.14,107.87,106.14,124.12,119.92,122.92,105.27,97.18,87.09,91.26,82.68,83.7,82.98,83.14,82.91,66.97,69.66,78.39,82.07,75.91,70.45,71.96,76.12,82.52,74.81,94.83,88.35,88.67,80.99,58.55,58.6,57.82,57.87,63.22,68.37,32.76,42.75,45.05,42.9,44.06,39.08,42.2,36.12,34.56,35.47,35.47,37.89,40.63,42.88,37.46,35.98,34.56,33.42,32,36.93,39.44,41.11,53.15,54.18,39.49,44.6,43.03,37.14,34.41,43.59,43.55,56.47,36.53,56.91,54.25,65.19,74.76,69.27,70.87
"Yemen, Hodeidah",87.88,80.96,90.33,90.92,104.43,101.96,115.19,119.24,114.6,102,84.24,91.79,85.56,83.13,67.56,71.43,75.89,79.1,74.59,64,63.28,63.42,52.68,44.02,36.9,36.9,36.9,30.47,34.49,40.24,35.41,41.37,41.37,41.67,44.52,40.76,42.02,40.7,34.12,21.46,21.46,12.29,19.24,28.41,19.61,12.2,12.2,12.18,,,,,,,,,,,,,,,,,,,,10.33,10.33,10.72,17.01,16.91,41.37,42.07,45.24,39.93,37.36,40.4,33.2,25.75,30.25,25.24
"Yemen, Mokha",17.89,17.89,17.89,17.89,17.89,17.89,17.89,17.91,17.91,17.91,,,,,,,,,,,,,,,,,,,,,,,,,,,,,,,,,,,,,,,,,,,,,,,,,,,,,,,,,,,,,,,,,,,,,,,,
"Yemen, Mukalla",11.43,11.43,11.43,12.73,12.73,12.73,11.68,11.68,11.68,11.05,11.05,11.05,11.05,15.03,,,,,,,,,,,,,,,,,,,,13.85,13.85,13.85,,,,,,,,15.33,12.82,12.82,14.26,12.84,12.84,12.84,12.84,12.84,10.99,10.99,19.35,19.35,18.71,18.71,18.71,18.71,18.71,18.71,10.35,17.05,18.27,22.28,22.28,22.28,22.28,16.22,18.01,10.35,10.35,9.83,9.83,9.83,15.27,15.27,9.47,9.9,9.9,
